{"8977/keligun-chicken/": {"General": {"Title": "Keligun Chicken", "Reference": "8977/keligun-chicken/", "Popularity": "19", "Rating": "4.46153831481934", "Region": "australian-and-new-zealander", "Calories": "378", "Total Fat": "27.4g", "Saturated Fat": "14.0g", "Cholesterol": "86mg", "Sodium": "2531mg", "Potassium": "430mg", "Total Carbohydrates": "8.5g", "Dietary Fiber": "3.1g", "Protein": "25.3g", "Sugars": "2g", "Vitamin A": "239IU", "Vitamin C": "8mg", "Calcium": "32mg", "Iron": "3mg", "Thiamin": "0mg", "Niacin": "14mg", "Vitamin B6": "1mg", "Magnesium": "58mg", "Folate": "20mcg"}, "Nutrition": {"Calories": "378", "Total Fat": "27.4g", "Saturated Fat": "14.0g", "Cholesterol": "86mg", "Sodium": "2531mg", "Potassium": "430mg", "Total Carbohydrates": "8.5g", "Dietary Fiber": "3.1g", "Protein": "25.3g", "Sugars": "2g", "Vitamin A": "239IU", "Vitamin C": "8mg", "Calcium": "32mg", "Iron": "3mg", "Thiamin": "0mg", "Niacin": "14mg", "Vitamin B6": "1mg", "Magnesium": "58mg", "Folate": "20mcg"}, "Ingredients": ["1 cut up chicken pieces", "40 ml soy sauce", "20 ml distilled white vinegar", "0.5 g crushed garlic", "ground black pepper to taste", "10 ml fresh lemon juice", "salt to taste", "15 g unsweetened flaked coconut", "6 g chopped green onions", "1/8 dash lemon pepper", "2 g chopped green onion for topping"]}, "45827/shearers-mince-and-potato-hot-pot/": {"General": {"Title": "Profile Menu", "Reference": "45827/shearers-mince-and-potato-hot-pot/", "Popularity": "70", "Rating": "4.1076922416687", "Region": "australian-and-new-zealander", "Calories": ""}, "Nutrition": {"Calories": ""}, "Ingredients": ["7/8 medium potatoes, peeled and thinly sliced", "3 ml olive oil", "75 g ground beef", "1/8 onion, chopped", "3 ml tomato sauce", "3 ml Worcestershire sauce", "salt and pepper to taste", "9 g butter", "5 g all-purpose flour", "80 ml milk", "20 g shredded sharp Cheddar cheese", "1/8 (6 ounce) can mushrooms, drained", "5 g butter, diced"]}, "49560/dads-new-zealand-mince-stew/": {"General": {"Title": "Dad's New Zealand Mince Stew", "Reference": "49560/dads-new-zealand-mince-stew/", "Popularity": "50", "Rating": "4.29545450210571", "Region": "australian-and-new-zealander", "Calories": "474", "Total Fat": "32.4g", "Saturated Fat": "13.0g", "Cholesterol": "96mg", "Sodium": "935mg", "Potassium": "658mg", "Total Carbohydrates": "25.4g", "Dietary Fiber": "2.2g", "Protein": "21.9g", "Sugars": "17g", "Vitamin A": "653IU", "Vitamin C": "16mg", "Calcium": "56mg", "Iron": "4mg", "Thiamin": "0mg", "Niacin": "11mg", "Vitamin B6": "0mg", "Magnesium": "47mg", "Folate": "30mcg"}, "Nutrition": {"Calories": "474", "Total Fat": "32.4g", "Saturated Fat": "13.0g", "Cholesterol": "96mg", "Sodium": "935mg", "Potassium": "658mg", "Total Carbohydrates": "25.4g", "Dietary Fiber": "2.2g", "Protein": "21.9g", "Sugars": "17g", "Vitamin A": "653IU", "Vitamin C": "16mg", "Calcium": "56mg", "Iron": "4mg", "Thiamin": "0mg", "Niacin": "11mg", "Vitamin B6": "0mg", "Magnesium": "47mg", "Folate": "30mcg"}, "Ingredients": ["2 ml vegetable oil", "3/8 large onions, sliced", "115 g ground beef", "1/4 clove garlic, chopped", "30 ml water", "60 ml ketchup", "30 ml beef stock", "4 ml teriyaki sauce", "2 g black pepper", "0.8 g curry powder", "0.3 g garlic powder", "0.8 g onion powder", "1 g all-purpose flour", "15 ml water"]}, "25482/barbequed-thai-style-chicken/": {"General": {"Title": "Barbequed Thai Style Chicken", "Reference": "25482/barbequed-thai-style-chicken/", "Popularity": "79", "Rating": "4.48717927932739", "Region": "australian-and-new-zealander", "Calories": "324", "Total Fat": "18.3g", "Saturated Fat": "6.0g", "Cholesterol": "100mg", "Sodium": "641mg", "Potassium": "395mg", "Total Carbohydrates": "5.9g", "Dietary Fiber": "0.9g", "Protein": "32.8g", "Sugars": "4g", "Vitamin A": "1035IU", "Vitamin C": "36mg", "Calcium": "36mg", "Iron": "3mg", "Thiamin": "0mg", "Niacin": "14mg", "Vitamin B6": "0mg", "Magnesium": "51mg", "Folate": "23mcg"}, "Nutrition": {"Calories": "324", "Total Fat": "18.3g", "Saturated Fat": "6.0g", "Cholesterol": "100mg", "Sodium": "641mg", "Potassium": "395mg", "Total Carbohydrates": "5.9g", "Dietary Fiber": "0.9g", "Protein": "32.8g", "Sugars": "4g", "Vitamin A": "1035IU", "Vitamin C": "36mg", "Calcium": "36mg", "Iron": "3mg", "Thiamin": "0mg", "Niacin": "14mg", "Vitamin B6": "0mg", "Magnesium": "51mg", "Folate": "23mcg"}, "Ingredients": ["1/8 bunch fresh cilantro with roots", "1/2 clove garlic, peeled", "1/2 small red hot chile peppers, seeded and chopped", "0.4 g ground turmeric", "0.3 g curry powder", "2 g white sugar", "1/8 pinch salt", "8 ml fish sauce", "1/8 (3 pound) chicken, cut into pieces", "10 ml coconut milk"]}, "99870/lamb-madras-curry/": {"General": {"Title": "Profile Menu", "Reference": "99870/lamb-madras-curry/", "Popularity": "", "Rating": "", "Region": "australian-and-new-zealander", "Calories": ""}, "Nutrition": {"Calories": ""}, "Ingredients": ["Curry Paste", "0.9 g coriander seeds", "0.4 g cumin seeds", "0.4 g salt", "5/8 whole dried red chile peppers", "3/4 fresh curry leaves", "6 g garlic paste", "1 g ginger paste", "0.4 g ground turmeric", "130 g lamb meat, cut into 1 1/2 inch cubes", "15 ml ghee (clarified butter), melted", "7 ml vegetable oil", "1/2 onion, sliced 1/4 inch thick", "1/8 (13.5 ounce) can coconut milk", "60 ml water, divided", "0.2 g fennel seeds", "3/4 cardamom pods", "1/8 cinnamon stick", "0.4 g garam masala", "0.5 g sugar", "6 ml warm water", "2 g tamarind paste"]}, "23954/korean-sushi/": {"General": {"Title": "Korean Sushi", "Reference": "23954/korean-sushi/", "Popularity": "18", "Rating": "4.22222232818604", "Region": "australian-and-new-zealander", "Calories": "492", "Total Fat": "17.6g", "Saturated Fat": "6.0g", "Cholesterol": "109mg", "Sodium": "409mg", "Potassium": "485mg", "Total Carbohydrates": "58g", "Dietary Fiber": "2.9g", "Protein": "23.1g", "Sugars": "3g", "Vitamin A": "2951IU", "Vitamin C": "9mg", "Calcium": "44mg", "Iron": "5mg", "Thiamin": "0mg", "Niacin": "12mg", "Vitamin B6": "0mg", "Magnesium": "58mg", "Folate": "181mcg"}, "Nutrition": {"Calories": "492", "Total Fat": "17.6g", "Saturated Fat": "6.0g", "Cholesterol": "109mg", "Sodium": "409mg", "Potassium": "485mg", "Total Carbohydrates": "58g", "Dietary Fiber": "2.9g", "Protein": "23.1g", "Sugars": "3g", "Vitamin A": "2951IU", "Vitamin C": "9mg", "Calcium": "44mg", "Iron": "5mg", "Thiamin": "0mg", "Niacin": "12mg", "Vitamin B6": "0mg", "Magnesium": "58mg", "Folate": "181mcg"}, "Ingredients": ["65 g uncooked short-grain white rice", "80 ml water", "5 ml cider vinegar", "3/8 leaf chard", "3/8 eggs, well beaten", "5 ml soy sauce, divided", "8 ml water", "1/8 onion, diced", "3 ml vegetable oil", "55 g beef tenderloin, minced", "1/8 (5 ounce) can tuna, drained", "1/8 carrot, julienned", "1/8 cucumber, julienned", "1 sheet nori (dry seaweed)"]}, "98223/salt-and-pepper-squid/": {"General": {"Title": "Salt and Pepper Squid", "Reference": "98223/salt-and-pepper-squid/", "Popularity": "22", "Rating": "4.16666650772095", "Region": "australian-and-new-zealander", "Calories": "1294", "Total Fat": "83.3g", "Saturated Fat": "14.0g", "Cholesterol": "261mg", "Sodium": "5403mg", "Potassium": "400mg", "Total Carbohydrates": "110.1g", "Dietary Fiber": "2.5g", "Protein": "24.2g", "Sugars": "0g", "Vitamin A": "53IU", "Vitamin C": "5mg", "Calcium": "54mg", "Iron": "67mg", "Thiamin": "1mg", "Niacin": "11mg", "Vitamin B6": "0mg", "Magnesium": "135mg", "Folate": "120mcg"}, "Nutrition": {"Calories": "1294", "Total Fat": "83.3g", "Saturated Fat": "14.0g", "Cholesterol": "261mg", "Sodium": "5403mg", "Potassium": "400mg", "Total Carbohydrates": "110.1g", "Dietary Fiber": "2.5g", "Protein": "24.2g", "Sugars": "0g", "Vitamin A": "53IU", "Vitamin C": "5mg", "Calcium": "54mg", "Iron": "67mg", "Thiamin": "1mg", "Niacin": "11mg", "Vitamin B6": "0mg", "Magnesium": "135mg", "Folate": "120mcg"}, "Ingredients": ["110 g calamari tubes", "5 g Szechwan peppercorns", "15 g sea salt", "60 g all-purpose flour", "65 g cornstarch", "90 ml peanut oil"]}, "25568/date-loaf-cake/": {"General": {"Title": "Date Loaf Cake", "Reference": "25568/date-loaf-cake/", "Popularity": "27", "Rating": "4.31034469604492", "Region": "australian-and-new-zealander", "Calories": "204", "Total Fat": "4g", "Saturated Fat": "1.0g", "Cholesterol": "0mg", "Sodium": "386mg", "Potassium": "130mg", "Total Carbohydrates": "40.8g", "Dietary Fiber": "1.5g", "Protein": "2.2g", "Sugars": "26g", "Vitamin A": "167IU", "Vitamin C": "0mg", "Calcium": "83mg", "Iron": "1mg", "Thiamin": "0mg", "Niacin": "2mg", "Vitamin B6": "0mg", "Magnesium": "11mg", "Folate": "38mcg"}, "Nutrition": {"Calories": "204", "Total Fat": "4g", "Saturated Fat": "1.0g", "Cholesterol": "0mg", "Sodium": "386mg", "Potassium": "130mg", "Total Carbohydrates": "40.8g", "Dietary Fiber": "1.5g", "Protein": "2.2g", "Sugars": "26g", "Vitamin A": "167IU", "Vitamin C": "0mg", "Calcium": "83mg", "Iron": "1mg", "Thiamin": "0mg", "Niacin": "2mg", "Vitamin B6": "0mg", "Magnesium": "11mg", "Folate": "38mcg"}, "Ingredients": ["10 g dates, pitted and chopped", "20 g dark brown sugar", "5 g margarine", "20 ml boiling water", "20 g self-rising flour", "0.4 g baking soda", "0.8 ml vanilla extract"]}, "17346/aussie-lime-pie/": {"General": {"Title": "Aussie Lime Pie", "Reference": "17346/aussie-lime-pie/", "Popularity": "57", "Rating": "4.47169828414917", "Region": "australian-and-new-zealander", "Calories": "444", "Total Fat": "20.3g", "Saturated Fat": "12.0g", "Cholesterol": "150mg", "Sodium": "327mg", "Potassium": "271mg", "Total Carbohydrates": "60.5g", "Dietary Fiber": "1.7g", "Protein": "7.5g", "Sugars": "43g", "Vitamin A": "613IU", "Vitamin C": "7mg", "Calcium": "163mg", "Iron": "1mg", "Thiamin": "0mg", "Niacin": "2mg", "Vitamin B6": "0mg", "Magnesium": "30mg", "Folate": "41mcg"}, "Nutrition": {"Calories": "444", "Total Fat": "20.3g", "Saturated Fat": "12.0g", "Cholesterol": "150mg", "Sodium": "327mg", "Potassium": "271mg", "Total Carbohydrates": "60.5g", "Dietary Fiber": "1.7g", "Protein": "7.5g", "Sugars": "43g", "Vitamin A": "613IU", "Vitamin C": "7mg", "Calcium": "163mg", "Iron": "1mg", "Thiamin": "0mg", "Niacin": "2mg", "Vitamin B6": "0mg", "Magnesium": "30mg", "Folate": "41mcg"}, "Ingredients": ["7 g rolled oats", "6 g flaked coconut", "10 g all-purpose flour", "10 g white sugar", "15 g butter, melted", "4 ml light corn syrup", "0.6 g baking soda", "1/8 (14 ounce) can sweetened condensed milk", "15 ml lime juice", "1/2 egg yolks, beaten", "0.5 g grated lemon zest"]}, "11758/baked-ziti-i/": {"General": {"Title": "Baked Ziti I", "Reference": "11758/baked-ziti-i/", "Popularity": "10k", "Rating": "4.70244884490967", "Region": "australian-and-new-zealander", "Calories": "578", "Total Fat": "25.3g", "Saturated Fat": "13.0g", "Cholesterol": "71mg", "Sodium": "914mg", "Potassium": "721mg", "Total Carbohydrates": "58.4g", "Dietary Fiber": "6g", "Protein": "27.9g", "Sugars": "14g", "Vitamin A": "1135IU", "Vitamin C": "4mg", "Calcium": "359mg", "Iron": "3mg", "Thiamin": "0mg", "Niacin": "15mg", "Vitamin B6": "0mg", "Magnesium": "72mg", "Folate": "114mcg"}, "Nutrition": {"Calories": "578", "Total Fat": "25.3g", "Saturated Fat": "13.0g", "Cholesterol": "71mg", "Sodium": "914mg", "Potassium": "721mg", "Total Carbohydrates": "58.4g", "Dietary Fiber": "6g", "Protein": "27.9g", "Sugars": "14g", "Vitamin A": "1135IU", "Vitamin C": "4mg", "Calcium": "359mg", "Iron": "3mg", "Thiamin": "0mg", "Niacin": "15mg", "Vitamin B6": "0mg", "Magnesium": "72mg", "Folate": "114mcg"}, "Ingredients": ["45 g dry ziti pasta", "1/8 onion, chopped", "45 g lean ground beef", "1/4 (26 ounce) jar spaghetti sauce", "15 g provolone cheese, sliced", "35 g sour cream", "15 g mozzarella cheese, shredded", "1 g grated Parmesan cheese"]}, "49552/quinoa-and-black-beans/": {"General": {"Title": "Quinoa and Black Beans", "Reference": "49552/quinoa-and-black-beans/", "Popularity": "7k", "Rating": "4.64437437057495", "Region": "australian-and-new-zealander", "Calories": "153", "Total Fat": "1.7g", "Saturated Fat": "0.0g", "Cholesterol": "0mg", "Sodium": "517mg", "Potassium": "333mg", "Total Carbohydrates": "27.8g", "Dietary Fiber": "7.8g", "Protein": "7.7g", "Sugars": "2g", "Vitamin A": "362IU", "Vitamin C": "5mg", "Calcium": "41mg", "Iron": "2mg", "Thiamin": "0mg", "Niacin": "2mg", "Vitamin B6": "0mg", "Magnesium": "35mg", "Folate": "61mcg"}, "Nutrition": {"Calories": "153", "Total Fat": "1.7g", "Saturated Fat": "0.0g", "Cholesterol": "0mg", "Sodium": "517mg", "Potassium": "333mg", "Total Carbohydrates": "27.8g", "Dietary Fiber": "7.8g", "Protein": "7.7g", "Sugars": "2g", "Vitamin A": "362IU", "Vitamin C": "5mg", "Calcium": "41mg", "Iron": "2mg", "Thiamin": "0mg", "Niacin": "2mg", "Vitamin B6": "0mg", "Magnesium": "35mg", "Folate": "61mcg"}, "Ingredients": ["0.5 ml vegetable oil", "1/8 onion, chopped", "1/4 clove garlic, chopped", "15 g quinoa", "35 ml vegetable broth", "0.2 g ground cumin", "0 g cayenne pepper", "salt and ground black pepper to taste", "15 g frozen corn kernels", "1/4 (15 ounce) can black beans, rinsed and drained", "2 g chopped fresh cilantro"]}, "26692/annies-fruit-salsa-and-cinnamon-chips/": {"General": {"Title": "Annie's Fruit Salsa and Cinnamon Chips", "Reference": "26692/annies-fruit-salsa-and-cinnamon-chips/", "Popularity": "3k", "Rating": "4.77635431289673", "Region": "australian-and-new-zealander", "Calories": "312", "Total Fat": "5.9g", "Saturated Fat": "1.0g", "Cholesterol": "0mg", "Sodium": "462mg", "Potassium": "288mg", "Total Carbohydrates": "59g", "Dietary Fiber": "5.7g", "Protein": "6.8g", "Sugars": "16g", "Vitamin A": "56IU", "Vitamin C": "48mg", "Calcium": "113mg", "Iron": "3mg", "Thiamin": "0mg", "Niacin": "4mg", "Vitamin B6": "0mg", "Magnesium": "30mg", "Folate": "97mcg"}, "Nutrition": {"Calories": "312", "Total Fat": "5.9g", "Saturated Fat": "1.0g", "Cholesterol": "0mg", "Sodium": "462mg", "Potassium": "288mg", "Total Carbohydrates": "59g", "Dietary Fiber": "5.7g", "Protein": "6.8g", "Sugars": "16g", "Vitamin A": "56IU", "Vitamin C": "48mg", "Calcium": "113mg", "Iron": "3mg", "Thiamin": "0mg", "Niacin": "4mg", "Vitamin B6": "0mg", "Magnesium": "30mg", "Folate": "97mcg"}, "Ingredients": ["1/4 kiwis, peeled and diced", "1/4 Golden Delicious apples - peeled, cored and diced", "20 g raspberries", "45 g strawberries", "3 g white sugar", "1 g brown sugar", "6 g fruit preserves, any flavor", "1 (10 inch) flour tortillas", "butter flavored cooking spray", "2 g cinnamon sugar"]}, "8665/braised-balsamic-chicken/": {"General": {"Title": "Braised Balsamic Chicken", "Reference": "8665/braised-balsamic-chicken/", "Popularity": "6k", "Rating": "4.37646770477295", "Region": "australian-and-new-zealander", "Calories": "196", "Total Fat": "7g", "Saturated Fat": "1.0g", "Cholesterol": "61mg", "Sodium": "511mg", "Potassium": "209mg", "Total Carbohydrates": "7.6g", "Dietary Fiber": "1.2g", "Protein": "23.8g", "Sugars": "5g", "Vitamin A": "329IU", "Vitamin C": "10mg", "Calcium": "35mg", "Iron": "2mg", "Thiamin": "0mg", "Niacin": "11mg", "Vitamin B6": "0mg", "Magnesium": "24mg", "Folate": "8mcg"}, "Nutrition": {"Calories": "196", "Total Fat": "7g", "Saturated Fat": "1.0g", "Cholesterol": "61mg", "Sodium": "511mg", "Potassium": "209mg", "Total Carbohydrates": "7.6g", "Dietary Fiber": "1.2g", "Protein": "23.8g", "Sugars": "5g", "Vitamin A": "329IU", "Vitamin C": "10mg", "Calcium": "35mg", "Iron": "2mg", "Thiamin": "0mg", "Niacin": "11mg", "Vitamin B6": "0mg", "Magnesium": "24mg", "Folate": "8mcg"}, "Ingredients": ["1 skinless, boneless chicken breast halves", "0.9 g garlic salt", "ground black pepper to taste", "5 ml olive oil", "1/8 onion, thinly sliced", "1/8 (14.5 ounce) can diced tomatoes", "20 ml balsamic vinegar", "0.2 g dried basil", "0.2 g dried oregano", "0.2 g dried rosemary", "0.1 g dried thyme"]}, "67952/roasted-brussels-sprouts/": {"General": {"Title": "Roasted Brussels Sprouts", "Reference": "67952/roasted-brussels-sprouts/", "Popularity": "6k", "Rating": "4.58096694946289", "Region": "australian-and-new-zealander", "Calories": "104", "Total Fat": "7.3g", "Saturated Fat": "1.0g", "Cholesterol": "0mg", "Sodium": "344mg", "Potassium": "362mg", "Total Carbohydrates": "10g", "Dietary Fiber": "3g", "Protein": "2.9g", "Sugars": "5g", "Vitamin A": "817IU", "Vitamin C": "70mg", "Calcium": "42mg", "Iron": "1mg", "Thiamin": "0mg", "Niacin": "1mg", "Vitamin B6": "0mg", "Magnesium": "23mg", "Folate": "68mcg"}, "Nutrition": {"Calories": "104", "Total Fat": "7.3g", "Saturated Fat": "1.0g", "Cholesterol": "0mg", "Sodium": "344mg", "Potassium": "362mg", "Total Carbohydrates": "10g", "Dietary Fiber": "3g", "Protein": "2.9g", "Sugars": "5g", "Vitamin A": "817IU", "Vitamin C": "70mg", "Calcium": "42mg", "Iron": "1mg", "Thiamin": "0mg", "Niacin": "1mg", "Vitamin B6": "0mg", "Magnesium": "23mg", "Folate": "68mcg"}, "Ingredients": ["115 g Brussels sprouts, ends trimmed and yellow leaves removed", "8 ml olive oil", "0.8 g kosher salt", "0.2 g freshly ground black pepper"]}, "13651/awesome-sausage-apple-and-cranberry-stuffing/": {"General": {"Title": "Awesome Sausage, Apple and Cranberry Stuffing", "Reference": "13651/awesome-sausage-apple-and-cranberry-stuffing/", "Popularity": "3k", "Rating": "4.76741933822632", "Region": "australian-and-new-zealander", "Calories": "235", "Total Fat": "11.6g", "Saturated Fat": "5.0g", "Cholesterol": "80mg", "Sodium": "548mg", "Potassium": "268mg", "Total Carbohydrates": "21.7g", "Dietary Fiber": "2.1g", "Protein": "12.5g", "Sugars": "9g", "Vitamin A": "7756IU", "Vitamin C": "9mg", "Calcium": "47mg", "Iron": "3mg", "Thiamin": "0mg", "Niacin": "3mg", "Vitamin B6": "0mg", "Magnesium": "24mg", "Folate": "99mcg"}, "Nutrition": {"Calories": "235", "Total Fat": "11.6g", "Saturated Fat": "5.0g", "Cholesterol": "80mg", "Sodium": "548mg", "Potassium": "268mg", "Total Carbohydrates": "21.7g", "Dietary Fiber": "2.1g", "Protein": "12.5g", "Sugars": "9g", "Vitamin A": "7756IU", "Vitamin C": "9mg", "Calcium": "47mg", "Iron": "3mg", "Thiamin": "0mg", "Niacin": "3mg", "Vitamin B6": "0mg", "Magnesium": "24mg", "Folate": "99mcg"}, "Ingredients": ["7 g cubed whole wheat bread", "15 g cubed white bread", "45 g ground turkey sausage", "15 g chopped onion", "9 g chopped celery", "0.2 g dried sage", "0.2 g dried rosemary", "0.1 g dried thyme", "1/8 Golden Delicious apple, cored and chopped", "9 g dried cranberries", "2 g minced fresh parsley", "1/8 cooked turkey liver, finely chopped", "20 ml turkey stock", "6 g unsalted butter, melted"]}, "24202/shepherds-pie-vi/": {"General": {"Title": "Shepherd's Pie VI", "Reference": "24202/shepherds-pie-vi/", "Popularity": "3k", "Rating": "4.45864915847778", "Region": "australian-and-new-zealander", "Calories": "452", "Total Fat": "17g", "Saturated Fat": "7.0g", "Cholesterol": "65mg", "Sodium": "295mg", "Potassium": "1443mg", "Total Carbohydrates": "52.5g", "Dietary Fiber": "7.3g", "Protein": "23.1g", "Sugars": "6g", "Vitamin A": "8674IU", "Vitamin C": "53mg", "Calcium": "128mg", "Iron": "4mg", "Thiamin": "0mg", "Niacin": "11mg", "Vitamin B6": "1mg", "Magnesium": "81mg", "Folate": "65mcg"}, "Nutrition": {"Calories": "452", "Total Fat": "17g", "Saturated Fat": "7.0g", "Cholesterol": "65mg", "Sodium": "295mg", "Potassium": "1443mg", "Total Carbohydrates": "52.5g", "Dietary Fiber": "7.3g", "Protein": "23.1g", "Sugars": "6g", "Vitamin A": "8674IU", "Vitamin C": "53mg", "Calcium": "128mg", "Iron": "4mg", "Thiamin": "0mg", "Niacin": "11mg", "Vitamin B6": "1mg", "Magnesium": "81mg", "Folate": "65mcg"}, "Ingredients": ["5/8 large potatoes, peeled and cubed", "2 g butter", "2 g finely chopped onion", "5 g shredded Cheddar cheese", "salt and pepper to taste", "7/8 carrots, chopped", "3 ml vegetable oil", "1/8 onion, chopped", "75 g lean ground beef", "3 g all-purpose flour", "3 ml ketchup", "30 ml beef broth", "5 g shredded Cheddar cheese"]}, "54675/roasted-garlic-cauliflower/": {"General": {"Title": "Roasted Garlic Cauliflower", "Reference": "54675/roasted-garlic-cauliflower/", "Popularity": "4k", "Rating": "4.58743190765381", "Region": "australian-and-new-zealander", "Calories": "118", "Total Fat": "8.2g", "Saturated Fat": "2.0g", "Cholesterol": "4mg", "Sodium": "111mg", "Potassium": "444mg", "Total Carbohydrates": "8.6g", "Dietary Fiber": "3.6g", "Protein": "4.7g", "Sugars": "3g", "Vitamin A": "91IU", "Vitamin C": "67mg", "Calcium": "86mg", "Iron": "1mg", "Thiamin": "0mg", "Niacin": "2mg", "Vitamin B6": "0mg", "Magnesium": "24mg", "Folate": "81mcg"}, "Nutrition": {"Calories": "118", "Total Fat": "8.2g", "Saturated Fat": "2.0g", "Cholesterol": "4mg", "Sodium": "111mg", "Potassium": "444mg", "Total Carbohydrates": "8.6g", "Dietary Fiber": "3.6g", "Protein": "4.7g", "Sugars": "3g", "Vitamin A": "91IU", "Vitamin C": "67mg", "Calcium": "86mg", "Iron": "1mg", "Thiamin": "0mg", "Niacin": "2mg", "Vitamin B6": "0mg", "Magnesium": "24mg", "Folate": "81mcg"}, "Ingredients": ["3 g minced garlic", "8 ml olive oil", "1/8 large head cauliflower, separated into florets", "4 g grated Parmesan cheese", "salt and black pepper to taste", "0.6 g chopped fresh parsley"]}, "33474/artichoke-spinach-dip-restaurant-style/": {"General": {"Title": "Artichoke & Spinach Dip Restaurant Style", "Reference": "33474/artichoke-spinach-dip-restaurant-style/", "Popularity": "3k", "Rating": "4.66309213638306", "Region": "australian-and-new-zealander", "Calories": "153", "Total Fat": "12.3g", "Saturated Fat": "6.0g", "Cholesterol": "28mg", "Sodium": "485mg", "Potassium": "108mg", "Total Carbohydrates": "5.2g", "Dietary Fiber": "1.4g", "Protein": "6.6g", "Sugars": "1g", "Vitamin A": "3027IU", "Vitamin C": "4mg", "Calcium": "138mg", "Iron": "1mg", "Thiamin": "0mg", "Niacin": "1mg", "Vitamin B6": "0mg", "Magnesium": "22mg", "Folate": "37mcg"}, "Nutrition": {"Calories": "153", "Total Fat": "12.3g", "Saturated Fat": "6.0g", "Cholesterol": "28mg", "Sodium": "485mg", "Potassium": "108mg", "Total Carbohydrates": "5.2g", "Dietary Fiber": "1.4g", "Protein": "6.6g", "Sugars": "1g", "Vitamin A": "3027IU", "Vitamin C": "4mg", "Calcium": "138mg", "Iron": "1mg", "Thiamin": "0mg", "Niacin": "1mg", "Vitamin B6": "0mg", "Magnesium": "22mg", "Folate": "37mcg"}, "Ingredients": ["3/8 clove garlic", "1/8 (10 ounce) package frozen chopped spinach, thawed and drained", "1/8 (14 ounce) can artichoke hearts, drained and chopped", "1/8 (10 ounce) container Alfredo-style pasta sauce", "9 g shredded mozzarella cheese", "2 g grated Parmesan cheese", "1/8 (8 ounce) package cream cheese, softened"]}, "69538/artichoke-chicken/": {"General": {"Title": "Artichoke Chicken", "Reference": "69538/artichoke-chicken/", "Popularity": "3k", "Rating": "4.41868782043457", "Region": "australian-and-new-zealander", "Calories": "548", "Total Fat": "39.9g", "Saturated Fat": "8.0g", "Cholesterol": "96mg", "Sodium": "1225mg", "Potassium": "227mg", "Total Carbohydrates": "13.4g", "Dietary Fiber": "3.8g", "Protein": "34.4g", "Sugars": "1g", "Vitamin A": "578IU", "Vitamin C": "14mg", "Calcium": "181mg", "Iron": "1mg", "Thiamin": "0mg", "Niacin": "17mg", "Vitamin B6": "1mg", "Magnesium": "29mg", "Folate": "7mcg"}, "Nutrition": {"Calories": "548", "Total Fat": "39.9g", "Saturated Fat": "8.0g", "Cholesterol": "96mg", "Sodium": "1225mg", "Potassium": "227mg", "Total Carbohydrates": "13.4g", "Dietary Fiber": "3.8g", "Protein": "34.4g", "Sugars": "1g", "Vitamin A": "578IU", "Vitamin C": "14mg", "Calcium": "181mg", "Iron": "1mg", "Thiamin": "0mg", "Niacin": "17mg", "Vitamin B6": "1mg", "Magnesium": "29mg", "Folate": "7mcg"}, "Ingredients": ["1/4 (15 ounce) can artichoke hearts, drained and chopped", "15 g grated Parmesan cheese", "45 ml mayonnaise", "1/4 pinch garlic pepper", "1 skinless, boneless chicken breast halves"]}, "14276/strawberry-spinach-salad-i/": {"General": {"Title": "Strawberry Spinach Salad I", "Reference": "14276/strawberry-spinach-salad-i/", "Popularity": "3k", "Rating": "4.77275991439819", "Region": "australian-and-new-zealander", "Calories": "491", "Total Fat": "35.2g", "Saturated Fat": "5.0g", "Cholesterol": "0mg", "Sodium": "63mg", "Potassium": "725mg", "Total Carbohydrates": "42.9g", "Dietary Fiber": "6.2g", "Protein": "6g", "Sugars": "34g", "Vitamin A": "6658IU", "Vitamin C": "110mg", "Calcium": "191mg", "Iron": "4mg", "Thiamin": "0mg", "Niacin": "2mg", "Vitamin B6": "0mg", "Magnesium": "124mg", "Folate": "182mcg"}, "Nutrition": {"Calories": "491", "Total Fat": "35.2g", "Saturated Fat": "5.0g", "Cholesterol": "0mg", "Sodium": "63mg", "Potassium": "725mg", "Total Carbohydrates": "42.9g", "Dietary Fiber": "6.2g", "Protein": "6g", "Sugars": "34g", "Vitamin A": "6658IU", "Vitamin C": "110mg", "Calcium": "191mg", "Iron": "4mg", "Thiamin": "0mg", "Niacin": "2mg", "Vitamin B6": "0mg", "Magnesium": "124mg", "Folate": "182mcg"}, "Ingredients": ["5 g sesame seeds", "2 g poppy seeds", "25 g white sugar", "30 ml olive oil", "15 ml distilled white vinegar", "0.1 g paprika", "0.3 ml Worcestershire sauce", "3 g minced onion", "70 g fresh spinach - rinsed, dried and torn into bite-size pieces", "155 g strawberries - cleaned, hulled and sliced", "8 g almonds, blanched and slivered"]}}