{"10402/the-best-rolled-sugar-cookies/": {"General": {"Title": "The Best Rolled Sugar Cookies", "Reference": "10402/the-best-rolled-sugar-cookies/", "Popularity": "15k", "Rating": "4.42558288574219", "Region": "canadian", "Calories": "109", "Total Fat": "5g", "Saturated Fat": "3.0g", "Cholesterol": "25mg", "Sodium": "93mg", "Potassium": "17mg", "Total Carbohydrates": "14.7g", "Dietary Fiber": "0.3g", "Protein": "1.5g", "Sugars": "7g", "Vitamin A": "158IU", "Vitamin C": "0mg", "Calcium": "14mg", "Iron": "1mg", "Thiamin": "0mg", "Niacin": "1mg", "Vitamin B6": "0mg", "Magnesium": "3mg", "Folate": "21mcg"}, "Nutrition": {"Calories": "109", "Total Fat": "5g", "Saturated Fat": "3.0g", "Cholesterol": "25mg", "Sodium": "93mg", "Potassium": "17mg", "Total Carbohydrates": "14.7g", "Dietary Fiber": "0.3g", "Protein": "1.5g", "Sugars": "7g", "Vitamin A": "158IU", "Vitamin C": "0mg", "Calcium": "14mg", "Iron": "1mg", "Thiamin": "0mg", "Niacin": "1mg", "Vitamin B6": "0mg", "Magnesium": "3mg", "Folate": "21mcg"}, "Ingredients": ["6 g butter, softened", "7 g white sugar", "1/8 eggs", "0.1 ml vanilla extract", "10 g all-purpose flour", "0.2 g baking powder", "0.1 g salt"]}, "77981/butternut-squash-soup-ii/": {"General": {"Title": "Butternut Squash Soup II", "Reference": "77981/butternut-squash-soup-ii/", "Popularity": "3k", "Rating": "4.61960601806641", "Region": "canadian", "Calories": "305", "Total Fat": "6.8g", "Saturated Fat": "4.0g", "Cholesterol": "21mg", "Sodium": "1151mg", "Potassium": "1650mg", "Total Carbohydrates": "59.7g", "Dietary Fiber": "9.5g", "Protein": "6.9g", "Sugars": "10g", "Vitamin A": "35991IU", "Vitamin C": "89mg", "Calcium": "178mg", "Iron": "3mg", "Thiamin": "0mg", "Niacin": "6mg", "Vitamin B6": "1mg", "Magnesium": "136mg", "Folate": "111mcg"}, "Nutrition": {"Calories": "305", "Total Fat": "6.8g", "Saturated Fat": "4.0g", "Cholesterol": "21mg", "Sodium": "1151mg", "Potassium": "1650mg", "Total Carbohydrates": "59.7g", "Dietary Fiber": "9.5g", "Protein": "6.9g", "Sugars": "10g", "Vitamin A": "35991IU", "Vitamin C": "89mg", "Calcium": "178mg", "Iron": "3mg", "Thiamin": "0mg", "Niacin": "6mg", "Vitamin B6": "1mg", "Magnesium": "136mg", "Folate": "111mcg"}, "Ingredients": ["7 g butter", "1/4 small onion, chopped", "1/4 stalk celery, chopped", "1/4 medium carrot, chopped", "1/2 medium potatoes, cubed", "1/4 medium butternut squash - peeled, seeded, and cubed", "1/4 (32 fluid ounce) container chicken stock", "salt and freshly ground black pepper to taste"]}, "82659/old-fashioned-onion-rings/": {"General": {"Title": "Old Fashioned Onion Rings", "Reference": "82659/old-fashioned-onion-rings/", "Popularity": "1k", "Rating": "4.78506469726563", "Region": "canadian", "Calories": "641", "Total Fat": "34.6g", "Saturated Fat": "6.0g", "Cholesterol": "69mg", "Sodium": "1272mg", "Potassium": "328mg", "Total Carbohydrates": "68.3g", "Dietary Fiber": "3.5g", "Protein": "14.3g", "Sugars": "8g", "Vitamin A": "256IU", "Vitamin C": "4mg", "Calcium": "265mg", "Iron": "4mg", "Thiamin": "1mg", "Niacin": "8mg", "Vitamin B6": "0mg", "Magnesium": "40mg", "Folate": "146mcg"}, "Nutrition": {"Calories": "641", "Total Fat": "34.6g", "Saturated Fat": "6.0g", "Cholesterol": "69mg", "Sodium": "1272mg", "Potassium": "328mg", "Total Carbohydrates": "68.3g", "Dietary Fiber": "3.5g", "Protein": "14.3g", "Sugars": "8g", "Vitamin A": "256IU", "Vitamin C": "4mg", "Calcium": "265mg", "Iron": "4mg", "Thiamin": "1mg", "Niacin": "8mg", "Vitamin B6": "0mg", "Magnesium": "40mg", "Folate": "146mcg"}, "Ingredients": ["3/8 large onion, cut into 1/4-inch slices", "50 g all-purpose flour", "2 g baking powder", "2 g salt", "3/8 egg", "80 ml milk, or as needed", "25 g dry bread crumbs", "seasoned salt to taste", "315 ml oil for frying, or as needed"]}, "57966/crispy-orange-beef/": {"General": {"Title": "Crispy Orange Beef", "Reference": "57966/crispy-orange-beef/", "Popularity": "1k", "Rating": "4.47147130966187", "Region": "canadian", "Calories": "507", "Total Fat": "18.7g", "Saturated Fat": "5.0g", "Cholesterol": "60mg", "Sodium": "651mg", "Potassium": "983mg", "Total Carbohydrates": "59.2g", "Dietary Fiber": "5.9g", "Protein": "27.4g", "Sugars": "17g", "Vitamin A": "1280IU", "Vitamin C": "189mg", "Calcium": "122mg", "Iron": "5mg", "Thiamin": "0mg", "Niacin": "11mg", "Vitamin B6": "1mg", "Magnesium": "79mg", "Folate": "197mcg"}, "Nutrition": {"Calories": "507", "Total Fat": "18.7g", "Saturated Fat": "5.0g", "Cholesterol": "60mg", "Sodium": "651mg", "Potassium": "983mg", "Total Carbohydrates": "59.2g", "Dietary Fiber": "5.9g", "Protein": "27.4g", "Sugars": "17g", "Vitamin A": "1280IU", "Vitamin C": "189mg", "Calcium": "122mg", "Iron": "5mg", "Thiamin": "0mg", "Niacin": "11mg", "Vitamin B6": "1mg", "Magnesium": "79mg", "Folate": "197mcg"}, "Ingredients": ["115 g beef top sirloin, thinly sliced", "10 g white sugar", "15 ml rice wine vinegar", "5 ml frozen orange juice concentrate", "1 g salt", "3 ml soy sauce", "30 g long grain rice", "80 ml water", "5 g cornstarch", "0.7 g orange zest", "3 g grated fresh ginger", "2 g minced garlic", "1-1/4 broccoli florets, lightly steamed or blanched", "80 ml oil for frying"]}, "151266/boneless-buffalo-wings/": {"General": {"Title": "Boneless Buffalo Wings", "Reference": "151266/boneless-buffalo-wings/", "Popularity": "1k", "Rating": "4.80370759963989", "Region": "canadian", "Calories": "710", "Total Fat": "46.9g", "Saturated Fat": "10.0g", "Cholesterol": "136mg", "Sodium": "2334mg", "Potassium": "389mg", "Total Carbohydrates": "43.7g", "Dietary Fiber": "1.7g", "Protein": "28g", "Sugars": "4g", "Vitamin A": "751IU", "Vitamin C": "15mg", "Calcium": "131mg", "Iron": "4mg", "Thiamin": "0mg", "Niacin": "15mg", "Vitamin B6": "0mg", "Magnesium": "41mg", "Folate": "89mcg"}, "Nutrition": {"Calories": "710", "Total Fat": "46.9g", "Saturated Fat": "10.0g", "Cholesterol": "136mg", "Sodium": "2334mg", "Potassium": "389mg", "Total Carbohydrates": "43.7g", "Dietary Fiber": "1.7g", "Protein": "28g", "Sugars": "4g", "Vitamin A": "751IU", "Vitamin C": "15mg", "Calcium": "131mg", "Iron": "4mg", "Thiamin": "0mg", "Niacin": "15mg", "Vitamin B6": "0mg", "Magnesium": "41mg", "Folate": "89mcg"}, "Ingredients": ["oil for deep frying", "40 g unbleached all-purpose flour", "4 g salt", "0.4 g ground black pepper", "0.3 g cayenne pepper", "0.2 g garlic powder", "0.4 g paprika", "3/8 egg", "80 ml milk", "1 skinless, boneless chicken breasts, cut into 1/2-inch strips", "20 ml hot pepper sauce", "5 g butter"]}, "7025/light-oat-bread/": {"General": {"Title": "Light Oat Bread", "Reference": "7025/light-oat-bread/", "Popularity": "961", "Rating": "4.73380470275879", "Region": "canadian", "Calories": "152", "Total Fat": "2.3g", "Saturated Fat": "0.0g", "Cholesterol": "0mg", "Sodium": "216mg", "Potassium": "60mg", "Total Carbohydrates": "28.6g", "Dietary Fiber": "1.3g", "Protein": "3.9g", "Sugars": "2g", "Vitamin A": "78IU", "Vitamin C": "0mg", "Calcium": "9mg", "Iron": "2mg", "Thiamin": "0mg", "Niacin": "3mg", "Vitamin B6": "0mg", "Magnesium": "12mg", "Folate": "70mcg"}, "Nutrition": {"Calories": "152", "Total Fat": "2.3g", "Saturated Fat": "0.0g", "Cholesterol": "0mg", "Sodium": "216mg", "Potassium": "60mg", "Total Carbohydrates": "28.6g", "Dietary Fiber": "1.3g", "Protein": "3.9g", "Sugars": "2g", "Vitamin A": "78IU", "Vitamin C": "0mg", "Calcium": "9mg", "Iron": "2mg", "Thiamin": "0mg", "Niacin": "3mg", "Vitamin B6": "0mg", "Magnesium": "12mg", "Folate": "70mcg"}, "Ingredients": ["25 ml water", "2 g margarine", "0.5 g salt", "30 g all-purpose flour", "3 g rolled oats", "2 g brown sugar", "0.5 g active dry yeast"]}, "54702/asian-salmon/": {"General": {"Title": "Asian Salmon", "Reference": "54702/asian-salmon/", "Popularity": "898", "Rating": "4.55314016342163", "Region": "canadian", "Calories": "388", "Total Fat": "12g", "Saturated Fat": "2.0g", "Cholesterol": "51mg", "Sodium": "279mg", "Potassium": "481mg", "Total Carbohydrates": "39.6g", "Dietary Fiber": "0.7g", "Protein": "27.9g", "Sugars": "2g", "Vitamin A": "104IU", "Vitamin C": "1mg", "Calcium": "63mg", "Iron": "3mg", "Thiamin": "0mg", "Niacin": "14mg", "Vitamin B6": "1mg", "Magnesium": "47mg", "Folate": "116mcg"}, "Nutrition": {"Calories": "388", "Total Fat": "12g", "Saturated Fat": "2.0g", "Cholesterol": "51mg", "Sodium": "279mg", "Potassium": "481mg", "Total Carbohydrates": "39.6g", "Dietary Fiber": "0.7g", "Protein": "27.9g", "Sugars": "2g", "Vitamin A": "104IU", "Vitamin C": "1mg", "Calcium": "63mg", "Iron": "3mg", "Thiamin": "0mg", "Niacin": "14mg", "Vitamin B6": "1mg", "Magnesium": "47mg", "Folate": "116mcg"}, "Ingredients": ["115 g salmon fillets, with skin", "4 ml olive oil", "4 ml rice vinegar", "4 ml soy sauce", "2 g packed brown sugar", "1/4 clove garlic, minced", "1/8 pinch ground black pepper", "3 g minced onion", "2 ml sesame oil", "45 g long-grain white rice", "0.1 g dried dill weed", "90 ml water"]}, "23983/home-style-macaroni-and-cheese/": {"General": {"Title": "Home Style Macaroni and Cheese", "Reference": "23983/home-style-macaroni-and-cheese/", "Popularity": "740", "Rating": "4.23129272460938", "Region": "canadian", "Calories": "641", "Total Fat": "40.4g", "Saturated Fat": "25.0g", "Cholesterol": "118mg", "Sodium": "828mg", "Potassium": "291mg", "Total Carbohydrates": "47g", "Dietary Fiber": "2.5g", "Protein": "22.6g", "Sugars": "6g", "Vitamin A": "1494IU", "Vitamin C": "2mg", "Calcium": "442mg", "Iron": "3mg", "Thiamin": "0mg", "Niacin": "7mg", "Vitamin B6": "0mg", "Magnesium": "46mg", "Folate": "104mcg"}, "Nutrition": {"Calories": "641", "Total Fat": "40.4g", "Saturated Fat": "25.0g", "Cholesterol": "118mg", "Sodium": "828mg", "Potassium": "291mg", "Total Carbohydrates": "47g", "Dietary Fiber": "2.5g", "Protein": "22.6g", "Sugars": "6g", "Vitamin A": "1494IU", "Vitamin C": "2mg", "Calcium": "442mg", "Iron": "3mg", "Thiamin": "0mg", "Niacin": "7mg", "Vitamin B6": "0mg", "Magnesium": "46mg", "Folate": "104mcg"}, "Ingredients": ["35 g macaroni", "9 g butter", "4 g all-purpose flour", "80 ml milk", "1/8 (8 ounce) package cream cheese", "0.5 g salt", "0.2 g black pepper", "2 ml Dijon mustard", "40 g shredded Cheddar cheese", "20 g dry bread crumbs", "5 g butter", "1 g chopped fresh parsley"]}, "229559/best-ever-meat-loaf/": {"General": {"Title": "Best Ever Meat Loaf", "Reference": "229559/best-ever-meat-loaf/", "Popularity": "1k", "Rating": "4.71794891357422", "Region": "canadian", "Calories": "409", "Total Fat": "22.7g", "Saturated Fat": "10.0g", "Cholesterol": "155mg", "Sodium": "1227mg", "Potassium": "435mg", "Total Carbohydrates": "22.3g", "Dietary Fiber": "1g", "Protein": "28.4g", "Sugars": "14g", "Vitamin A": "1948IU", "Vitamin C": "4mg", "Calcium": "223mg", "Iron": "3mg", "Thiamin": "0mg", "Niacin": "11mg", "Vitamin B6": "0mg", "Magnesium": "36mg", "Folate": "40mcg"}, "Nutrition": {"Calories": "409", "Total Fat": "22.7g", "Saturated Fat": "10.0g", "Cholesterol": "155mg", "Sodium": "1227mg", "Potassium": "435mg", "Total Carbohydrates": "22.3g", "Dietary Fiber": "1g", "Protein": "28.4g", "Sugars": "14g", "Vitamin A": "1948IU", "Vitamin C": "4mg", "Calcium": "223mg", "Iron": "3mg", "Thiamin": "0mg", "Niacin": "11mg", "Vitamin B6": "0mg", "Magnesium": "36mg", "Folate": "40mcg"}, "Ingredients": ["3/8 eggs", "25 ml milk", "2 g salt", "0.1 g ground black pepper", "1/2 slice bread, crumbled", "115 g ground beef", "1/8 onion, chopped", "20 g shredded Cheddar cheese", "9 g shredded carrot", "9 g brown sugar", "10 ml ketchup", "3 ml prepared yellow mustard"]}, "176770/the-best-steak-marinade/": {"General": {"Title": "The Best Steak Marinade", "Reference": "176770/the-best-steak-marinade/", "Popularity": "1k", "Rating": "4.60597038269043", "Region": "canadian", "Calories": "156", "Total Fat": "13.5g", "Saturated Fat": "2.0g", "Cholesterol": "0mg", "Sodium": "1135mg", "Potassium": "188mg", "Total Carbohydrates": "7.8g", "Dietary Fiber": "0.2g", "Protein": "1.2g", "Sugars": "4g", "Vitamin A": "14IU", "Vitamin C": "3mg", "Calcium": "28mg", "Iron": "1mg", "Thiamin": "0mg", "Niacin": "1mg", "Vitamin B6": "0mg", "Magnesium": "9mg", "Folate": "4mcg"}, "Nutrition": {"Calories": "156", "Total Fat": "13.5g", "Saturated Fat": "2.0g", "Cholesterol": "0mg", "Sodium": "1135mg", "Potassium": "188mg", "Total Carbohydrates": "7.8g", "Dietary Fiber": "0.2g", "Protein": "1.2g", "Sugars": "4g", "Vitamin A": "14IU", "Vitamin C": "3mg", "Calcium": "28mg", "Iron": "1mg", "Thiamin": "0mg", "Niacin": "1mg", "Vitamin B6": "0mg", "Magnesium": "9mg", "Folate": "4mcg"}, "Ingredients": ["15 ml olive oil", "15 ml balsamic vinegar", "15 ml Worcestershire sauce", "15 ml soy sauce", "3 ml Dijon mustard", "1 g minced garlic", "salt and pepper to taste"]}, "7176/soft-moist-and-gooey-cinnamon-buns/": {"General": {"Title": "Soft, Moist and Gooey Cinnamon Buns", "Reference": "7176/soft-moist-and-gooey-cinnamon-buns/", "Popularity": "1k", "Rating": "4.76506042480469", "Region": "canadian", "Calories": "165", "Total Fat": "8.9g", "Saturated Fat": "5.0g", "Cholesterol": "29mg", "Sodium": "143mg", "Potassium": "60mg", "Total Carbohydrates": "21.2g", "Dietary Fiber": "0.3g", "Protein": "1.1g", "Sugars": "20g", "Vitamin A": "267IU", "Vitamin C": "0mg", "Calcium": "28mg", "Iron": "0mg", "Thiamin": "0mg", "Niacin": "0mg", "Vitamin B6": "0mg", "Magnesium": "5mg", "Folate": "12mcg"}, "Nutrition": {"Calories": "165", "Total Fat": "8.9g", "Saturated Fat": "5.0g", "Cholesterol": "29mg", "Sodium": "143mg", "Potassium": "60mg", "Total Carbohydrates": "21.2g", "Dietary Fiber": "0.3g", "Protein": "1.1g", "Sugars": "20g", "Vitamin A": "267IU", "Vitamin C": "0mg", "Calcium": "28mg", "Iron": "0mg", "Thiamin": "0mg", "Niacin": "0mg", "Vitamin B6": "0mg", "Magnesium": "5mg", "Folate": "12mcg"}, "Ingredients": ["10 ml milk", "1/8 egg, beaten", "2 g melted butter", "3 ml water", "1/8 (3.5 ounce) package instant vanilla pudding mix", "20 g bread flour", "0.5 g white sugar", "0.1 g salt", "0.4 g bread machine yeast", "5 g butter, softened", "9 g packed brown sugar", "0.2 g ground cinnamon", "1 g chopped walnuts (optional)", "2 g raisins (optional)", "0.2 ml milk", "8 g confectioners' sugar", "2 g butter, softened", "0.2 ml vanilla extract"]}, "242402/greek-lemon-chicken-and-potato-bake/": {"General": {"Title": "Greek Lemon Chicken and Potato Bake", "Reference": "242402/greek-lemon-chicken-and-potato-bake/", "Popularity": "3k", "Rating": "4.64150953292847", "Region": "canadian", "Calories": "551", "Total Fat": "29.1g", "Saturated Fat": "6.0g", "Cholesterol": "103mg", "Sodium": "1859mg", "Potassium": "1252mg", "Total Carbohydrates": "41.9g", "Dietary Fiber": "8.5g", "Protein": "34.8g", "Sugars": "3g", "Vitamin A": "1036IU", "Vitamin C": "49mg", "Calcium": "142mg", "Iron": "6mg", "Thiamin": "0mg", "Niacin": "16mg", "Vitamin B6": "1mg", "Magnesium": "95mg", "Folate": "73mcg"}, "Nutrition": {"Calories": "551", "Total Fat": "29.1g", "Saturated Fat": "6.0g", "Cholesterol": "103mg", "Sodium": "1859mg", "Potassium": "1252mg", "Total Carbohydrates": "41.9g", "Dietary Fiber": "8.5g", "Protein": "34.8g", "Sugars": "3g", "Vitamin A": "1036IU", "Vitamin C": "49mg", "Calcium": "142mg", "Iron": "6mg", "Thiamin": "0mg", "Niacin": "16mg", "Vitamin B6": "1mg", "Magnesium": "95mg", "Folate": "73mcg"}, "Ingredients": ["1 chicken leg quarters", "1/4 (24 ounce) bag small potatoes", "30 ml olive oil", "1/2 lemons, juiced, divided", "1 g dried basil", "2 g dried oregano", "5 g salt", "2 g ground black pepper", "4 g lemon and herb seasoning", "1/4 (12 ounce) package fresh green beans"]}, "72657/best-hamburger-ever/": {"General": {"Title": "Best Hamburger Ever", "Reference": "72657/best-hamburger-ever/", "Popularity": "903", "Rating": "4.18454265594482", "Region": "canadian", "Calories": "445", "Total Fat": "27.5g", "Saturated Fat": "12.0g", "Cholesterol": "174mg", "Sodium": "967mg", "Potassium": "517mg", "Total Carbohydrates": "8.8g", "Dietary Fiber": "1.2g", "Protein": "39g", "Sugars": "2g", "Vitamin A": "291IU", "Vitamin C": "3mg", "Calcium": "171mg", "Iron": "4mg", "Thiamin": "0mg", "Niacin": "14mg", "Vitamin B6": "1mg", "Magnesium": "38mg", "Folate": "25mcg"}, "Nutrition": {"Calories": "445", "Total Fat": "27.5g", "Saturated Fat": "12.0g", "Cholesterol": "174mg", "Sodium": "967mg", "Potassium": "517mg", "Total Carbohydrates": "8.8g", "Dietary Fiber": "1.2g", "Protein": "39g", "Sugars": "2g", "Vitamin A": "291IU", "Vitamin C": "3mg", "Calcium": "171mg", "Iron": "4mg", "Thiamin": "0mg", "Niacin": "14mg", "Vitamin B6": "1mg", "Magnesium": "38mg", "Folate": "25mcg"}, "Ingredients": ["170 g lean ground beef", "1/8 onion, finely chopped", "15 g shredded Colby Jack or Cheddar cheese", "1 ml soy sauce", "1 ml Worcestershire sauce", "1/4 egg", "1/4 (1 ounce) envelope dry onion soup mix", "1/4 clove garlic, minced", "2 g garlic powder", "0.1 g dried parsley", "0.2 g dried basil", "0.4 g dried oregano", "0.2 g crushed dried rosemary", "salt and pepper to taste"]}, "86446/three-cheese-manicotti-ii/": {"General": {"Title": "Three Cheese Manicotti II", "Reference": "86446/three-cheese-manicotti-ii/", "Popularity": "499", "Rating": "4.61553382873535", "Region": "canadian", "Calories": "611", "Total Fat": "24.1g", "Saturated Fat": "12.0g", "Cholesterol": "96mg", "Sodium": "1679mg", "Potassium": "985mg", "Total Carbohydrates": "64.6g", "Dietary Fiber": "8.2g", "Protein": "34g", "Sugars": "24g", "Vitamin A": "1729IU", "Vitamin C": "6mg", "Calcium": "837mg", "Iron": "4mg", "Thiamin": "0mg", "Niacin": "17mg", "Vitamin B6": "1mg", "Magnesium": "99mg", "Folate": "122mcg"}, "Nutrition": {"Calories": "611", "Total Fat": "24.1g", "Saturated Fat": "12.0g", "Cholesterol": "96mg", "Sodium": "1679mg", "Potassium": "985mg", "Total Carbohydrates": "64.6g", "Dietary Fiber": "8.2g", "Protein": "34g", "Sugars": "24g", "Vitamin A": "1729IU", "Vitamin C": "6mg", "Calcium": "837mg", "Iron": "4mg", "Thiamin": "0mg", "Niacin": "17mg", "Vitamin B6": "1mg", "Magnesium": "99mg", "Folate": "122mcg"}, "Ingredients": ["1/8 (8 ounce) package manicotti shells", "75 g shredded mozzarella cheese, divided", "75 g ricotta cheese", "15 g grated Parmesan cheese, divided", "1 g minced garlic", "1/8 egg", "2 g dried basil", "3/8 (26 ounce) jar pasta sauce"]}, "161436/omas-rhubarb-cake/": {"General": {"Title": "Oma's Rhubarb Cake", "Reference": "161436/omas-rhubarb-cake/", "Popularity": "914", "Rating": "4.77687644958496", "Region": "canadian", "Calories": "324", "Total Fat": "9g", "Saturated Fat": "5.0g", "Cholesterol": "50mg", "Sodium": "253mg", "Potassium": "154mg", "Total Carbohydrates": "57.7g", "Dietary Fiber": "1.2g", "Protein": "4.4g", "Sugars": "38g", "Vitamin A": "314IU", "Vitamin C": "3mg", "Calcium": "59mg", "Iron": "1mg", "Thiamin": "0mg", "Niacin": "2mg", "Vitamin B6": "0mg", "Magnesium": "12mg", "Folate": "51mcg"}, "Nutrition": {"Calories": "324", "Total Fat": "9g", "Saturated Fat": "5.0g", "Cholesterol": "50mg", "Sodium": "253mg", "Potassium": "154mg", "Total Carbohydrates": "57.7g", "Dietary Fiber": "1.2g", "Protein": "4.4g", "Sugars": "38g", "Vitamin A": "314IU", "Vitamin C": "3mg", "Calcium": "59mg", "Iron": "1mg", "Thiamin": "0mg", "Niacin": "2mg", "Vitamin B6": "0mg", "Magnesium": "12mg", "Folate": "51mcg"}, "Ingredients": ["20 g white sugar", "0.4 g baking soda", "0.2 g salt", "20 g all-purpose flour", "1/8 eggs, beaten", "20 g sour cream", "30 g diced rhubarb", "15 g white sugar", "5 g butter, softened", "3 g all-purpose flour", "ground cinnamon, for dusting"]}, "186691/lisas-favorite-carne-asada-marinade/": {"General": {"Title": "Lisa's Favorite Carne Asada Marinade", "Reference": "186691/lisas-favorite-carne-asada-marinade/", "Popularity": "775", "Rating": "4.71689510345459", "Region": "canadian", "Calories": "207", "Total Fat": "14g", "Saturated Fat": "3.0g", "Cholesterol": "25mg", "Sodium": "640mg", "Potassium": "309mg", "Total Carbohydrates": "5.7g", "Dietary Fiber": "1g", "Protein": "15g", "Sugars": "2g", "Vitamin A": "865IU", "Vitamin C": "17mg", "Calcium": "31mg", "Iron": "2mg", "Thiamin": "0mg", "Niacin": "6mg", "Vitamin B6": "0mg", "Magnesium": "25mg", "Folate": "17mcg"}, "Nutrition": {"Calories": "207", "Total Fat": "14g", "Saturated Fat": "3.0g", "Cholesterol": "25mg", "Sodium": "640mg", "Potassium": "309mg", "Total Carbohydrates": "5.7g", "Dietary Fiber": "1g", "Protein": "15g", "Sugars": "2g", "Vitamin A": "865IU", "Vitamin C": "17mg", "Calcium": "31mg", "Iron": "2mg", "Thiamin": "0mg", "Niacin": "6mg", "Vitamin B6": "0mg", "Magnesium": "25mg", "Folate": "17mcg"}, "Ingredients": ["15 ml orange juice", "10 ml lemon juice", "7 ml lime juice", "3/8 clove garlic, minced", "10 ml soy sauce", "0.4 g finely chopped canned chipotle pepper", "0.7 g chili powder", "0.5 g ground cumin", "0.6 g paprika", "0.1 g dried oregano", "0.5 g black pepper", "1/8 bunch fresh cilantro, chopped", "10 ml olive oil", "115 g flank steak"]}, "52934/zucchini-alfredo/": {"General": {"Title": "Zucchini Alfredo", "Reference": "52934/zucchini-alfredo/", "Popularity": "398", "Rating": "4.26851844787598", "Region": "canadian", "Calories": "379", "Total Fat": "17.4g", "Saturated Fat": "7.0g", "Cholesterol": "72mg", "Sodium": "517mg", "Potassium": "395mg", "Total Carbohydrates": "44.1g", "Dietary Fiber": "2.8g", "Protein": "12.4g", "Sugars": "3g", "Vitamin A": "771IU", "Vitamin C": "7mg", "Calcium": "115mg", "Iron": "3mg", "Thiamin": "1mg", "Niacin": "7mg", "Vitamin B6": "0mg", "Magnesium": "56mg", "Folate": "149mcg"}, "Nutrition": {"Calories": "379", "Total Fat": "17.4g", "Saturated Fat": "7.0g", "Cholesterol": "72mg", "Sodium": "517mg", "Potassium": "395mg", "Total Carbohydrates": "44.1g", "Dietary Fiber": "2.8g", "Protein": "12.4g", "Sugars": "3g", "Vitamin A": "771IU", "Vitamin C": "7mg", "Calcium": "115mg", "Iron": "3mg", "Thiamin": "1mg", "Niacin": "7mg", "Vitamin B6": "0mg", "Magnesium": "56mg", "Folate": "149mcg"}, "Ingredients": ["1/8 (12 ounce) package uncooked egg noodles", "8 ml vegetable oil", "3/8 clove garlic, minced", "75 g shredded zucchini", "20 ml milk", "20 g cream cheese, cubed", "4 g chopped fresh basil", "salt and pepper to taste", "grated Parmesan cheese (optional)"]}, "213608/garlic-aioli/": {"General": {"Title": "Garlic Aioli", "Reference": "213608/garlic-aioli/", "Popularity": "593", "Rating": "4.62034749984741", "Region": "canadian", "Calories": "151", "Total Fat": "16.4g", "Saturated Fat": "2.0g", "Cholesterol": "8mg", "Sodium": "335mg", "Potassium": "15mg", "Total Carbohydrates": "1.5g", "Dietary Fiber": "0.1g", "Protein": "0.3g", "Sugars": "0g", "Vitamin A": "59IU", "Vitamin C": "3mg", "Calcium": "5mg", "Iron": "0mg", "Thiamin": "0mg", "Niacin": "0mg", "Vitamin B6": "0mg", "Magnesium": "1mg", "Folate": "2mcg"}, "Nutrition": {"Calories": "151", "Total Fat": "16.4g", "Saturated Fat": "2.0g", "Cholesterol": "8mg", "Sodium": "335mg", "Potassium": "15mg", "Total Carbohydrates": "1.5g", "Dietary Fiber": "0.1g", "Protein": "0.3g", "Sugars": "0g", "Vitamin A": "59IU", "Vitamin C": "3mg", "Calcium": "5mg", "Iron": "0mg", "Thiamin": "0mg", "Niacin": "0mg", "Vitamin B6": "0mg", "Magnesium": "1mg", "Folate": "2mcg"}, "Ingredients": ["20 ml mayonnaise", "3/8 clove garlic, minced", "5 ml lemon juice", "0.6 g salt", "0.1 g ground black pepper"]}, "15047/christmas-brunch-casserole/": {"General": {"Title": "Christmas Brunch Casserole", "Reference": "15047/christmas-brunch-casserole/", "Popularity": "480", "Rating": "4.39393949508667", "Region": "canadian", "Calories": "494", "Total Fat": "28.6g", "Saturated Fat": "13.0g", "Cholesterol": "217mg", "Sodium": "1518mg", "Potassium": "874mg", "Total Carbohydrates": "31.9g", "Dietary Fiber": "2.9g", "Protein": "28.1g", "Sugars": "6g", "Vitamin A": "663IU", "Vitamin C": "15mg", "Calcium": "301mg", "Iron": "3mg", "Thiamin": "0mg", "Niacin": "12mg", "Vitamin B6": "0mg", "Magnesium": "51mg", "Folate": "45mcg"}, "Nutrition": {"Calories": "494", "Total Fat": "28.6g", "Saturated Fat": "13.0g", "Cholesterol": "217mg", "Sodium": "1518mg", "Potassium": "874mg", "Total Carbohydrates": "31.9g", "Dietary Fiber": "2.9g", "Protein": "28.1g", "Sugars": "6g", "Vitamin A": "663IU", "Vitamin C": "15mg", "Calcium": "301mg", "Iron": "3mg", "Thiamin": "0mg", "Niacin": "12mg", "Vitamin B6": "0mg", "Magnesium": "51mg", "Folate": "45mcg"}, "Ingredients": ["90 g bacon", "3/8 onions, chopped", "30 g fresh sliced mushrooms", "3 g butter", "125 g frozen hash brown potatoes, thawed", "1 g salt", "0.3 g garlic salt", "0.2 g ground black pepper", "3/4 eggs", "70 ml milk", "1/4 pinch dried parsley", "25 g shredded Cheddar cheese"]}, "71963/dashs-donair/": {"General": {"Title": "Dash's Donair", "Reference": "71963/dashs-donair/", "Popularity": "473", "Rating": "4.63917541503906", "Region": "canadian", "Calories": "489", "Total Fat": "20.9g", "Saturated Fat": "10.0g", "Cholesterol": "98mg", "Sodium": "748mg", "Potassium": "554mg", "Total Carbohydrates": "49.5g", "Dietary Fiber": "0.5g", "Protein": "26g", "Sugars": "48g", "Vitamin A": "307IU", "Vitamin C": "3mg", "Calcium": "268mg", "Iron": "3mg", "Thiamin": "0mg", "Niacin": "10mg", "Vitamin B6": "0mg", "Magnesium": "42mg", "Folate": "18mcg"}, "Nutrition": {"Calories": "489", "Total Fat": "20.9g", "Saturated Fat": "10.0g", "Cholesterol": "98mg", "Sodium": "748mg", "Potassium": "554mg", "Total Carbohydrates": "49.5g", "Dietary Fiber": "0.5g", "Protein": "26g", "Sugars": "48g", "Vitamin A": "307IU", "Vitamin C": "3mg", "Calcium": "268mg", "Iron": "3mg", "Thiamin": "0mg", "Niacin": "10mg", "Vitamin B6": "0mg", "Magnesium": "42mg", "Folate": "18mcg"}, "Ingredients": ["2 g salt", "0.4 g ground oregano", "0.7 g all-purpose flour", "0.3 g ground black pepper", "0.2 g Italian seasoning", "0.3 g garlic powder", "0.3 g onion powder", "0.1 g cayenne pepper", "115 g ground beef", "1/4 (12 fluid ounce) can evaporated milk", "40 g white sugar", "1 g garlic powder", "5 ml white vinegar, or as needed"]}}