{"214774/adriels-chinese-curry-chicken/": {"General": {"Title": "Adriel's Chinese Curry Chicken", "Reference": "214774/adriels-chinese-curry-chicken/", "Popularity": "126", "Rating": "4.61971807479858", "Region": "chinese", "Calories": "241", "Total Fat": "7.1g", "Saturated Fat": "2.0g", "Cholesterol": "46mg", "Sodium": "864mg", "Potassium": "634mg", "Total Carbohydrates": "24.1g", "Dietary Fiber": "3.2g", "Protein": "20.1g", "Sugars": "3g", "Vitamin A": "21IU", "Vitamin C": "24mg", "Calcium": "34mg", "Iron": "2mg", "Thiamin": "0mg", "Niacin": "10mg", "Vitamin B6": "1mg", "Magnesium": "47mg", "Folate": "26mcg"}, "Nutrition": {"Calories": "241", "Total Fat": "7.1g", "Saturated Fat": "2.0g", "Cholesterol": "46mg", "Sodium": "864mg", "Potassium": "634mg", "Total Carbohydrates": "24.1g", "Dietary Fiber": "3.2g", "Protein": "20.1g", "Sugars": "3g", "Vitamin A": "21IU", "Vitamin C": "24mg", "Calcium": "34mg", "Iron": "2mg", "Thiamin": "0mg", "Niacin": "10mg", "Vitamin B6": "1mg", "Magnesium": "47mg", "Folate": "26mcg"}, "Ingredients": ["4 g yellow curry paste", "30 ml chicken broth, divided", "1 g white sugar", "0.8 g curry powder", "0.8 g salt", "6 ml light soy sauce", "1/4 (5.6 ounce) can coconut milk", "4 ml canola oil", "3/4 skinless, boneless chicken breast halves, sliced", "1 g minced garlic", "0.5 g minced fresh ginger", "1/4 onion, sliced", "1/2 potatoes - peeled, halved, and sliced"]}, "91499/general-tsaos-chicken-ii/": {"General": {"Title": "General Tsao's Chicken II", "Reference": "91499/general-tsaos-chicken-ii/", "Popularity": "2k", "Rating": "4.75433778762817", "Region": "chinese", "Calories": "634", "Total Fat": "36.5g", "Saturated Fat": "6.0g", "Cholesterol": "101mg", "Sodium": "1192mg", "Potassium": "530mg", "Total Carbohydrates": "54.9g", "Dietary Fiber": "0.8g", "Protein": "24.3g", "Sugars": "18g", "Vitamin A": "133IU", "Vitamin C": "8mg", "Calcium": "58mg", "Iron": "3mg", "Thiamin": "0mg", "Niacin": "9mg", "Vitamin B6": "0mg", "Magnesium": "26mg", "Folate": "14mcg"}, "Nutrition": {"Calories": "634", "Total Fat": "36.5g", "Saturated Fat": "6.0g", "Cholesterol": "101mg", "Sodium": "1192mg", "Potassium": "530mg", "Total Carbohydrates": "54.9g", "Dietary Fiber": "0.8g", "Protein": "24.3g", "Sugars": "18g", "Vitamin A": "133IU", "Vitamin C": "8mg", "Calcium": "58mg", "Iron": "3mg", "Thiamin": "0mg", "Niacin": "9mg", "Vitamin B6": "0mg", "Magnesium": "26mg", "Folate": "14mcg"}, "Ingredients": ["160 ml vegetable oil for frying", "1/8 egg", "115 g boneless, skinless chicken thighs, cut into 1/2 inch cubes", "1 g salt", "0.7 g white sugar", "1/8 pinch white pepper", "20 g cornstarch", "5 ml vegetable oil", "3 g chopped green onion", "1/8 clove garlic, minced", "1 dried whole red chilies", "1/8 strip orange zest", "15 g white sugar", "0.1 g ground ginger", "8 ml chicken broth", "3 ml rice vinegar", "10 ml soy sauce", "2 ml sesame oil", "5 ml peanut oil", "0.9 g cornstarch", "10 ml water"]}, "31144/sweet-and-sour-pork-iii/": {"General": {"Title": "Sweet and Sour Pork III", "Reference": "31144/sweet-and-sour-pork-iii/", "Popularity": "1k", "Rating": "4.7032642364502", "Region": "chinese", "Calories": "663", "Total Fat": "35g", "Saturated Fat": "7.0g", "Cholesterol": "43mg", "Sodium": "1085mg", "Potassium": "516mg", "Total Carbohydrates": "74.7g", "Dietary Fiber": "2.3g", "Protein": "13.9g", "Sugars": "52g", "Vitamin A": "485IU", "Vitamin C": "36mg", "Calcium": "57mg", "Iron": "1mg", "Thiamin": "0mg", "Niacin": "6mg", "Vitamin B6": "0mg", "Magnesium": "34mg", "Folate": "31mcg"}, "Nutrition": {"Calories": "663", "Total Fat": "35g", "Saturated Fat": "7.0g", "Cholesterol": "43mg", "Sodium": "1085mg", "Potassium": "516mg", "Total Carbohydrates": "74.7g", "Dietary Fiber": "2.3g", "Protein": "13.9g", "Sugars": "52g", "Vitamin A": "485IU", "Vitamin C": "36mg", "Calcium": "57mg", "Iron": "1mg", "Thiamin": "0mg", "Niacin": "6mg", "Vitamin B6": "0mg", "Magnesium": "34mg", "Folate": "31mcg"}, "Ingredients": ["115 g pork butt, cut into 1 inch cubes", "2 g salt", "0.3 g white sugar", "1 ml soy sauce", "1/4 egg white", "1/2 green onions, chopped", "235 ml vegetable oil for frying", "15 g cornstarch", "4 ml vegetable oil", "3/4 stalk celery, cut into 1/2 inch pieces", "1/4 medium green bell pepper, cut into 1 inch pieces", "1/4 medium onion, cut into wedges", "white sugar to taste", "salt to taste", "60 ml water", "0.4 g salt", "40 g white sugar", "20 ml apple cider vinegar", "15 ml ketchup", "0.6 ml soy sauce", "1/4 (8 ounce) can pineapple chunks, undrained", "4 g cornstarch", "15 ml water"]}, "93234/honey-walnut-shrimp/": {"General": {"Title": "Honey Walnut Shrimp", "Reference": "93234/honey-walnut-shrimp/", "Popularity": "714", "Rating": "4.51214551925659", "Region": "chinese", "Calories": "605", "Total Fat": "26.3g", "Saturated Fat": "4.0g", "Cholesterol": "179mg", "Sodium": "340mg", "Potassium": "317mg", "Total Carbohydrates": "68g", "Dietary Fiber": "1.5g", "Protein": "26.1g", "Sugars": "45g", "Vitamin A": "247IU", "Vitamin C": "2mg", "Calcium": "69mg", "Iron": "3mg", "Thiamin": "0mg", "Niacin": "5mg", "Vitamin B6": "0mg", "Magnesium": "65mg", "Folate": "19mcg"}, "Nutrition": {"Calories": "605", "Total Fat": "26.3g", "Saturated Fat": "4.0g", "Cholesterol": "179mg", "Sodium": "340mg", "Potassium": "317mg", "Total Carbohydrates": "68g", "Dietary Fiber": "1.5g", "Protein": "26.1g", "Sugars": "45g", "Vitamin A": "247IU", "Vitamin C": "2mg", "Calcium": "69mg", "Iron": "3mg", "Thiamin": "0mg", "Niacin": "5mg", "Vitamin B6": "0mg", "Magnesium": "65mg", "Folate": "19mcg"}, "Ingredients": ["60 ml water", "35 g white sugar", "10 g walnuts", "1 egg whites", "25 g mochiko (glutinous rice flour)", "15 ml mayonnaise", "115 g large shrimp, peeled and deveined", "8 ml honey", "4 ml canned sweetened condensed milk", "60 ml vegetable oil for frying"]}, "165846/moo-goo-gai-pan/": {"General": {"Title": "Moo Goo Gai Pan", "Reference": "165846/moo-goo-gai-pan/", "Popularity": "108", "Rating": "4.37634420394897", "Region": "chinese", "Calories": "409", "Total Fat": "14.3g", "Saturated Fat": "3.0g", "Cholesterol": "86mg", "Sodium": "990mg", "Potassium": "800mg", "Total Carbohydrates": "30.9g", "Dietary Fiber": "8.3g", "Protein": "41.7g", "Sugars": "9g", "Vitamin A": "397IU", "Vitamin C": "55mg", "Calcium": "72mg", "Iron": "5mg", "Thiamin": "0mg", "Niacin": "23mg", "Vitamin B6": "1mg", "Magnesium": "64mg", "Folate": "106mcg"}, "Nutrition": {"Calories": "409", "Total Fat": "14.3g", "Saturated Fat": "3.0g", "Cholesterol": "86mg", "Sodium": "990mg", "Potassium": "800mg", "Total Carbohydrates": "30.9g", "Dietary Fiber": "8.3g", "Protein": "41.7g", "Sugars": "9g", "Vitamin A": "397IU", "Vitamin C": "55mg", "Calcium": "72mg", "Iron": "5mg", "Thiamin": "0mg", "Niacin": "23mg", "Vitamin B6": "1mg", "Magnesium": "64mg", "Folate": "106mcg"}, "Ingredients": ["5 ml vegetable oil", "25 g sliced fresh mushrooms", "60 g chopped broccoli florets", "3/8 (8 ounce) can sliced bamboo shoots, drained", "3/8 (8 ounce) can sliced water chestnuts, drained", "3/8 (15 ounce) can whole straw mushrooms, drained", "5 ml vegetable oil", "5/8 clove garlic, minced", "150 g skinless, boneless chicken breast, cut into strips", "3 g cornstarch", "4 g white sugar", "5 ml soy sauce", "1 g oyster sauce", "5 ml rice wine", "20 ml chicken broth"]}, "57966/crispy-orange-beef/": {"General": {"Title": "Crispy Orange Beef", "Reference": "57966/crispy-orange-beef/", "Popularity": "1k", "Rating": "4.47152853012085", "Region": "chinese", "Calories": "507", "Total Fat": "18.7g", "Saturated Fat": "5.0g", "Cholesterol": "60mg", "Sodium": "651mg", "Potassium": "983mg", "Total Carbohydrates": "59.2g", "Dietary Fiber": "5.9g", "Protein": "27.4g", "Sugars": "17g", "Vitamin A": "1280IU", "Vitamin C": "189mg", "Calcium": "122mg", "Iron": "5mg", "Thiamin": "0mg", "Niacin": "11mg", "Vitamin B6": "1mg", "Magnesium": "79mg", "Folate": "197mcg"}, "Nutrition": {"Calories": "507", "Total Fat": "18.7g", "Saturated Fat": "5.0g", "Cholesterol": "60mg", "Sodium": "651mg", "Potassium": "983mg", "Total Carbohydrates": "59.2g", "Dietary Fiber": "5.9g", "Protein": "27.4g", "Sugars": "17g", "Vitamin A": "1280IU", "Vitamin C": "189mg", "Calcium": "122mg", "Iron": "5mg", "Thiamin": "0mg", "Niacin": "11mg", "Vitamin B6": "1mg", "Magnesium": "79mg", "Folate": "197mcg"}, "Ingredients": ["115 g beef top sirloin, thinly sliced", "10 g white sugar", "15 ml rice wine vinegar", "5 ml frozen orange juice concentrate", "1 g salt", "3 ml soy sauce", "30 g long grain rice", "80 ml water", "5 g cornstarch", "0.7 g orange zest", "3 g grated fresh ginger", "2 g minced garlic", "1-1/4 broccoli florets, lightly steamed or blanched", "80 ml oil for frying"]}, "191156/restaurant-style-beef-and-broccoli/": {"General": {"Title": "Restaurant Style Beef and Broccoli", "Reference": "191156/restaurant-style-beef-and-broccoli/", "Popularity": "2k", "Rating": "4.43592309951782", "Region": "chinese", "Calories": "331", "Total Fat": "21.1g", "Saturated Fat": "5.0g", "Cholesterol": "52mg", "Sodium": "419mg", "Potassium": "683mg", "Total Carbohydrates": "13.3g", "Dietary Fiber": "3g", "Protein": "21.7g", "Sugars": "3g", "Vitamin A": "707IU", "Vitamin C": "102mg", "Calcium": "61mg", "Iron": "3mg", "Thiamin": "0mg", "Niacin": "8mg", "Vitamin B6": "1mg", "Magnesium": "45mg", "Folate": "79mcg"}, "Nutrition": {"Calories": "331", "Total Fat": "21.1g", "Saturated Fat": "5.0g", "Cholesterol": "52mg", "Sodium": "419mg", "Potassium": "683mg", "Total Carbohydrates": "13.3g", "Dietary Fiber": "3g", "Protein": "21.7g", "Sugars": "3g", "Vitamin A": "707IU", "Vitamin C": "102mg", "Calcium": "61mg", "Iron": "3mg", "Thiamin": "0mg", "Niacin": "8mg", "Vitamin B6": "1mg", "Magnesium": "45mg", "Folate": "79mcg"}, "Ingredients": ["5 g oyster sauce", "3 ml Asian (toasted) sesame oil", "20 ml sherry", "1 ml soy sauce", "1 g white sugar", "0.7 g cornstarch", "85 g beef round steak, cut into 1/8-inch thick strips", "10 ml vegetable oil, plus more if needed", "1/4 thin slice of fresh ginger root", "1/4 clove garlic, peeled and smashed", "115 g broccoli, cut into florets"]}, "46819/chicken-broccoli-ca-uniengs-style/": {"General": {"Title": "Chicken Broccoli Ca - Unieng's Style", "Reference": "46819/chicken-broccoli-ca-uniengs-style/", "Popularity": "266", "Rating": "4.32456159591675", "Region": "chinese", "Calories": "170", "Total Fat": "7.9g", "Saturated Fat": "1.0g", "Cholesterol": "33mg", "Sodium": "418mg", "Potassium": "520mg", "Total Carbohydrates": "9.8g", "Dietary Fiber": "2.5g", "Protein": "16.2g", "Sugars": "3g", "Vitamin A": "3422IU", "Vitamin C": "75mg", "Calcium": "111mg", "Iron": "2mg", "Thiamin": "0mg", "Niacin": "10mg", "Vitamin B6": "1mg", "Magnesium": "44mg", "Folate": "82mcg"}, "Nutrition": {"Calories": "170", "Total Fat": "7.9g", "Saturated Fat": "1.0g", "Cholesterol": "33mg", "Sodium": "418mg", "Potassium": "520mg", "Total Carbohydrates": "9.8g", "Dietary Fiber": "2.5g", "Protein": "16.2g", "Sugars": "3g", "Vitamin A": "3422IU", "Vitamin C": "75mg", "Calcium": "111mg", "Iron": "2mg", "Thiamin": "0mg", "Niacin": "10mg", "Vitamin B6": "1mg", "Magnesium": "44mg", "Folate": "82mcg"}, "Ingredients": ["55 g boneless, skinless chicken breast halves, cut into bite-sized pieces", "0.7 g oyster sauce", "5 ml dark soy sauce", "8 ml vegetable oil", "3/8 clove garlic, chopped", "1/8 large onion, cut into rings", "20 ml water", "0.4 g ground black pepper", "0.7 g white sugar", "1/8 medium head bok choy, chopped", "1/8 small head broccoli, chopped", "1 g cornstarch, mixed with equal parts water"]}, "258494/chinese-barbeque-pork-char-siu/": {"General": {"Title": "Chinese Barbeque Pork (Char Siu)", "Reference": "258494/chinese-barbeque-pork-char-siu/", "Popularity": "89", "Rating": "4.72222232818604", "Region": "chinese", "Calories": "513", "Total Fat": "21.9g", "Saturated Fat": "8.0g", "Cholesterol": "90mg", "Sodium": "2421mg", "Potassium": "504mg", "Total Carbohydrates": "49.1g", "Dietary Fiber": "0.8g", "Protein": "26g", "Sugars": "42g", "Vitamin A": "165IU", "Vitamin C": "3mg", "Calcium": "57mg", "Iron": "3mg", "Thiamin": "1mg", "Niacin": "10mg", "Vitamin B6": "0mg", "Magnesium": "40mg", "Folate": "14mcg"}, "Nutrition": {"Calories": "513", "Total Fat": "21.9g", "Saturated Fat": "8.0g", "Cholesterol": "90mg", "Sodium": "2421mg", "Potassium": "504mg", "Total Carbohydrates": "49.1g", "Dietary Fiber": "0.8g", "Protein": "26g", "Sugars": "42g", "Vitamin A": "165IU", "Vitamin C": "3mg", "Calcium": "57mg", "Iron": "3mg", "Thiamin": "1mg", "Niacin": "10mg", "Vitamin B6": "0mg", "Magnesium": "40mg", "Folate": "14mcg"}, "Ingredients": ["25 ml soy sauce", "20 ml honey", "20 ml Chinese rice wine (or sake or dry sherry)", "15 ml hoisin sauce", "15 ml ketchup", "10 g brown sugar", "5/8 clove garlic, crushed", "0.5 g Chinese five-spice powder", "0.2 g freshly ground black pepper", "0.1 g cayenne pepper", "0.1 g pink curing salt (optional)", "1/8 (3 pound) boneless pork butt (shoulder)", "0.8 g kosher salt, or to taste"]}, "86230/szechwan-shrimp/": {"General": {"Title": "Szechwan Shrimp", "Reference": "86230/szechwan-shrimp/", "Popularity": "3k", "Rating": "4.42688655853271", "Region": "chinese", "Calories": "142", "Total Fat": "4.4g", "Saturated Fat": "1.0g", "Cholesterol": "164mg", "Sodium": "500mg", "Potassium": "230mg", "Total Carbohydrates": "6.7g", "Dietary Fiber": "0.4g", "Protein": "18.3g", "Sugars": "4g", "Vitamin A": "476IU", "Vitamin C": "5mg", "Calcium": "46mg", "Iron": "3mg", "Thiamin": "0mg", "Niacin": "3mg", "Vitamin B6": "0mg", "Magnesium": "35mg", "Folate": "9mcg"}, "Nutrition": {"Calories": "142", "Total Fat": "4.4g", "Saturated Fat": "1.0g", "Cholesterol": "164mg", "Sodium": "500mg", "Potassium": "230mg", "Total Carbohydrates": "6.7g", "Dietary Fiber": "0.4g", "Protein": "18.3g", "Sugars": "4g", "Vitamin A": "476IU", "Vitamin C": "5mg", "Calcium": "46mg", "Iron": "3mg", "Thiamin": "0mg", "Niacin": "3mg", "Vitamin B6": "0mg", "Magnesium": "35mg", "Folate": "9mcg"}, "Ingredients": ["15 ml water", "8 ml ketchup", "4 ml soy sauce", "1 g cornstarch", "1 ml honey", "0.4 g crushed red pepper", "0.1 g ground ginger", "4 ml vegetable oil", "7 g sliced green onions", "1 clove garlic, minced", "85 g cooked shrimp, tails removed"]}, "16954/chinese-chicken-fried-rice-ii/": {"General": {"Title": "Chinese Chicken Fried Rice II", "Reference": "16954/chinese-chicken-fried-rice-ii/", "Popularity": "4k", "Rating": "4.39255571365356", "Region": "chinese", "Calories": "255", "Total Fat": "10.2g", "Saturated Fat": "3.0g", "Cholesterol": "83mg", "Sodium": "516mg", "Potassium": "172mg", "Total Carbohydrates": "25.9g", "Dietary Fiber": "1g", "Protein": "14.1g", "Sugars": "1g", "Vitamin A": "169IU", "Vitamin C": "2mg", "Calcium": "31mg", "Iron": "2mg", "Thiamin": "0mg", "Niacin": "6mg", "Vitamin B6": "0mg", "Magnesium": "26mg", "Folate": "60mcg"}, "Nutrition": {"Calories": "255", "Total Fat": "10.2g", "Saturated Fat": "3.0g", "Cholesterol": "83mg", "Sodium": "516mg", "Potassium": "172mg", "Total Carbohydrates": "25.9g", "Dietary Fiber": "1g", "Protein": "14.1g", "Sugars": "1g", "Vitamin A": "169IU", "Vitamin C": "2mg", "Calcium": "31mg", "Iron": "2mg", "Thiamin": "0mg", "Niacin": "6mg", "Vitamin B6": "0mg", "Magnesium": "26mg", "Folate": "60mcg"}, "Ingredients": ["1/4 egg", "4 ml water", "4 g butter", "4 ml vegetable oil", "1/4 onion, chopped", "80 g cooked white rice, cold", "8 ml soy sauce", "0.5 g ground black pepper", "35 g cooked, chopped chicken meat"]}, "9027/kung-pao-chicken/": {"General": {"Title": "Kung Pao Chicken", "Reference": "9027/kung-pao-chicken/", "Popularity": "1k", "Rating": "4.28528547286987", "Region": "chinese", "Calories": "437", "Total Fat": "23.3g", "Saturated Fat": "4.0g", "Cholesterol": "66mg", "Sodium": "596mg", "Potassium": "621mg", "Total Carbohydrates": "25.3g", "Dietary Fiber": "4.2g", "Protein": "34.4g", "Sugars": "7g", "Vitamin A": "174IU", "Vitamin C": "6mg", "Calcium": "49mg", "Iron": "2mg", "Thiamin": "0mg", "Niacin": "23mg", "Vitamin B6": "1mg", "Magnesium": "93mg", "Folate": "60mcg"}, "Nutrition": {"Calories": "437", "Total Fat": "23.3g", "Saturated Fat": "4.0g", "Cholesterol": "66mg", "Sodium": "596mg", "Potassium": "621mg", "Total Carbohydrates": "25.3g", "Dietary Fiber": "4.2g", "Protein": "34.4g", "Sugars": "7g", "Vitamin A": "174IU", "Vitamin C": "6mg", "Calcium": "49mg", "Iron": "2mg", "Thiamin": "0mg", "Niacin": "23mg", "Vitamin B6": "1mg", "Magnesium": "93mg", "Folate": "60mcg"}, "Ingredients": ["115 g skinless, boneless chicken breast halves - cut into chunks", "8 ml white wine", "8 ml soy sauce", "8 ml sesame oil, divided", "4 g cornstarch, dissolved in 2 tablespoons water", "7 g hot chile paste", "1 ml distilled white vinegar", "2 g brown sugar", "1 green onions, chopped", "2 g chopped garlic", "1/4 (8 ounce) can water chestnuts", "30 g chopped peanuts"]}, "15679/asian-beef-with-snow-peas/": {"General": {"Title": "Asian Beef with Snow Peas", "Reference": "15679/asian-beef-with-snow-peas/", "Popularity": "1k", "Rating": "4.30254030227661", "Region": "chinese", "Calories": "203", "Total Fat": "10g", "Saturated Fat": "3.0g", "Cholesterol": "39mg", "Sodium": "711mg", "Potassium": "343mg", "Total Carbohydrates": "9.7g", "Dietary Fiber": "1.5g", "Protein": "16g", "Sugars": "6g", "Vitamin A": "66IU", "Vitamin C": "26mg", "Calcium": "34mg", "Iron": "3mg", "Thiamin": "0mg", "Niacin": "6mg", "Vitamin B6": "0mg", "Magnesium": "32mg", "Folate": "23mcg"}, "Nutrition": {"Calories": "203", "Total Fat": "10g", "Saturated Fat": "3.0g", "Cholesterol": "39mg", "Sodium": "711mg", "Potassium": "343mg", "Total Carbohydrates": "9.7g", "Dietary Fiber": "1.5g", "Protein": "16g", "Sugars": "6g", "Vitamin A": "66IU", "Vitamin C": "26mg", "Calcium": "34mg", "Iron": "3mg", "Thiamin": "0mg", "Niacin": "6mg", "Vitamin B6": "0mg", "Magnesium": "32mg", "Folate": "23mcg"}, "Ingredients": ["10 ml soy sauce", "8 ml rice wine", "3 g brown sugar", "0.3 g cornstarch", "4 ml vegetable oil", "1 g minced fresh ginger root", "2 g minced garlic", "115 g beef round steak, cut into thin strips", "55 g snow peas"]}, "8536/sweet-and-sour-chicken-i/": {"General": {"Title": "Sweet and Sour Chicken I", "Reference": "8536/sweet-and-sour-chicken-i/", "Popularity": "1k", "Rating": "4.50506734848022", "Region": "chinese", "Calories": "639", "Total Fat": "18.4g", "Saturated Fat": "3.0g", "Cholesterol": "160mg", "Sodium": "759mg", "Potassium": "742mg", "Total Carbohydrates": "56.2g", "Dietary Fiber": "1.8g", "Protein": "59.2g", "Sugars": "24g", "Vitamin A": "201IU", "Vitamin C": "29mg", "Calcium": "158mg", "Iron": "4mg", "Thiamin": "0mg", "Niacin": "40mg", "Vitamin B6": "1mg", "Magnesium": "82mg", "Folate": "86mcg"}, "Nutrition": {"Calories": "639", "Total Fat": "18.4g", "Saturated Fat": "3.0g", "Cholesterol": "160mg", "Sodium": "759mg", "Potassium": "742mg", "Total Carbohydrates": "56.2g", "Dietary Fiber": "1.8g", "Protein": "59.2g", "Sugars": "24g", "Vitamin A": "201IU", "Vitamin C": "29mg", "Calcium": "158mg", "Iron": "4mg", "Thiamin": "0mg", "Niacin": "40mg", "Vitamin B6": "1mg", "Magnesium": "82mg", "Folate": "86mcg"}, "Ingredients": ["1/8 (8 ounce) can pineapple chunks, drained (juice reserved)", "4 g cornstarch", "50 ml water, divided", "20 g white sugar", "15 ml distilled white vinegar", "1/4 drop orange food color", "1 skinless, boneless chicken breast halves - cut into 1 inch cubes", "35 g self-rising flour", "4 ml vegetable oil", "2 g cornstarch", "0.4 g salt", "0.1 g ground white pepper", "1/8 egg", "45 ml water", "120 ml vegetable oil for frying", "1/4 green bell pepper, cut into 1 inch pieces"]}, "201849/mongolian-beef-and-spring-onions/": {"General": {"Title": "Mongolian Beef and Spring Onions", "Reference": "201849/mongolian-beef-and-spring-onions/", "Popularity": "1k", "Rating": "4.61104440689087", "Region": "chinese", "Calories": "391", "Total Fat": "12.1g", "Saturated Fat": "3.0g", "Cholesterol": "27mg", "Sodium": "1862mg", "Potassium": "606mg", "Total Carbohydrates": "54.7g", "Dietary Fiber": "3.3g", "Protein": "18g", "Sugars": "39g", "Vitamin A": "1122IU", "Vitamin C": "22mg", "Calcium": "130mg", "Iron": "4mg", "Thiamin": "0mg", "Niacin": "8mg", "Vitamin B6": "0mg", "Magnesium": "52mg", "Folate": "81mcg"}, "Nutrition": {"Calories": "391", "Total Fat": "12.1g", "Saturated Fat": "3.0g", "Cholesterol": "27mg", "Sodium": "1862mg", "Potassium": "606mg", "Total Carbohydrates": "54.7g", "Dietary Fiber": "3.3g", "Protein": "18g", "Sugars": "39g", "Vitamin A": "1122IU", "Vitamin C": "22mg", "Calcium": "130mg", "Iron": "4mg", "Thiamin": "0mg", "Niacin": "8mg", "Vitamin B6": "0mg", "Magnesium": "52mg", "Folate": "81mcg"}, "Ingredients": ["3 ml vegetable oil", "2 g finely chopped garlic", "0.2 g grated fresh ginger root", "30 ml soy sauce", "30 ml water", "35 g dark brown sugar", "115 g beef flank steak, sliced 1/4 inch thick on the diagonal", "8 g cornstarch", "60 ml vegetable oil for frying", "1/2 bunch green onions, cut in 2-inch lengths"]}, "172704/chinese-pepper-steak/": {"General": {"Title": "Chinese Pepper Steak", "Reference": "172704/chinese-pepper-steak/", "Popularity": "1k", "Rating": "4.57202196121216", "Region": "chinese", "Calories": "312", "Total Fat": "15.4g", "Saturated Fat": "3.0g", "Cholesterol": "69mg", "Sodium": "972mg", "Potassium": "647mg", "Total Carbohydrates": "17g", "Dietary Fiber": "1.7g", "Protein": "26.1g", "Sugars": "10g", "Vitamin A": "490IU", "Vitamin C": "32mg", "Calcium": "25mg", "Iron": "4mg", "Thiamin": "0mg", "Niacin": "10mg", "Vitamin B6": "1mg", "Magnesium": "45mg", "Folate": "26mcg"}, "Nutrition": {"Calories": "312", "Total Fat": "15.4g", "Saturated Fat": "3.0g", "Cholesterol": "69mg", "Sodium": "972mg", "Potassium": "647mg", "Total Carbohydrates": "17g", "Dietary Fiber": "1.7g", "Protein": "26.1g", "Sugars": "10g", "Vitamin A": "490IU", "Vitamin C": "32mg", "Calcium": "25mg", "Iron": "4mg", "Thiamin": "0mg", "Niacin": "10mg", "Vitamin B6": "1mg", "Magnesium": "45mg", "Folate": "26mcg"}, "Ingredients": ["115 g beef top sirloin steak", "15 ml soy sauce", "6 g white sugar", "4 g cornstarch", "0.2 g ground ginger", "10 ml vegetable oil, divided", "1/4 red onion, cut into 1-inch squares", "1/4 green bell pepper, cut into 1-inch squares", "1/2 tomatoes, cut into wedges"]}, "8919/grilled-asian-chicken/": {"General": {"Title": "Grilled Asian Chicken", "Reference": "8919/grilled-asian-chicken/", "Popularity": "645", "Rating": "4.47916650772095", "Region": "chinese", "Calories": "217", "Total Fat": "7.6g", "Saturated Fat": "1.0g", "Cholesterol": "67mg", "Sodium": "961mg", "Potassium": "255mg", "Total Carbohydrates": "10.6g", "Dietary Fiber": "0.2g", "Protein": "25.7g", "Sugars": "9g", "Vitamin A": "17IU", "Vitamin C": "1mg", "Calcium": "18mg", "Iron": "1mg", "Thiamin": "0mg", "Niacin": "16mg", "Vitamin B6": "1mg", "Magnesium": "31mg", "Folate": "6mcg"}, "Nutrition": {"Calories": "217", "Total Fat": "7.6g", "Saturated Fat": "1.0g", "Cholesterol": "67mg", "Sodium": "961mg", "Potassium": "255mg", "Total Carbohydrates": "10.6g", "Dietary Fiber": "0.2g", "Protein": "25.7g", "Sugars": "9g", "Vitamin A": "17IU", "Vitamin C": "1mg", "Calcium": "18mg", "Iron": "1mg", "Thiamin": "0mg", "Niacin": "16mg", "Vitamin B6": "1mg", "Magnesium": "31mg", "Folate": "6mcg"}, "Ingredients": ["15 ml soy sauce", "5 ml sesame oil", "8 ml honey", "3/4 slice fresh ginger root", "1/2 clove garlic, crushed", "1 skinless, boneless chicken breast halves"]}, "50233/black-pepper-beef-and-cabbage-stir-fry/": {"General": {"Title": "Black Pepper Beef and Cabbage Stir Fry", "Reference": "50233/black-pepper-beef-and-cabbage-stir-fry/", "Popularity": "834", "Rating": "4.24478197097778", "Region": "chinese", "Calories": "280", "Total Fat": "22.1g", "Saturated Fat": "7.0g", "Cholesterol": "48mg", "Sodium": "547mg", "Potassium": "380mg", "Total Carbohydrates": "9.5g", "Dietary Fiber": "3.1g", "Protein": "11.6g", "Sugars": "4g", "Vitamin A": "1021IU", "Vitamin C": "72mg", "Calcium": "52mg", "Iron": "2mg", "Thiamin": "0mg", "Niacin": "6mg", "Vitamin B6": "0mg", "Magnesium": "29mg", "Folate": "57mcg"}, "Nutrition": {"Calories": "280", "Total Fat": "22.1g", "Saturated Fat": "7.0g", "Cholesterol": "48mg", "Sodium": "547mg", "Potassium": "380mg", "Total Carbohydrates": "9.5g", "Dietary Fiber": "3.1g", "Protein": "11.6g", "Sugars": "4g", "Vitamin A": "1021IU", "Vitamin C": "72mg", "Calcium": "52mg", "Iron": "2mg", "Thiamin": "0mg", "Niacin": "6mg", "Vitamin B6": "0mg", "Magnesium": "29mg", "Folate": "57mcg"}, "Ingredients": ["8 ml vegetable oil", "1 clove garlic, chopped", "55 g ground beef", "1/8 small head cabbage, shredded", "1/4 red bell pepper, cut into strips", "8 ml soy sauce", "0.7 g cornstarch", "30 ml cold water", "0.5 g ground black pepper, or to taste", "salt, to taste (optional)"]}, "148831/super-simple-super-spicy-mongolian-beef/": {"General": {"Title": "Super-Simple, Super-Spicy Mongolian Beef", "Reference": "148831/super-simple-super-spicy-mongolian-beef/", "Popularity": "500", "Rating": "4.56839609146118", "Region": "chinese", "Calories": "200", "Total Fat": "11.9g", "Saturated Fat": "3.0g", "Cholesterol": "25mg", "Sodium": "996mg", "Potassium": "289mg", "Total Carbohydrates": "7.9g", "Dietary Fiber": "1.2g", "Protein": "15.4g", "Sugars": "4g", "Vitamin A": "1061IU", "Vitamin C": "5mg", "Calcium": "29mg", "Iron": "2mg", "Thiamin": "0mg", "Niacin": "6mg", "Vitamin B6": "0mg", "Magnesium": "25mg", "Folate": "18mcg"}, "Nutrition": {"Calories": "200", "Total Fat": "11.9g", "Saturated Fat": "3.0g", "Cholesterol": "25mg", "Sodium": "996mg", "Potassium": "289mg", "Total Carbohydrates": "7.9g", "Dietary Fiber": "1.2g", "Protein": "15.4g", "Sugars": "4g", "Vitamin A": "1061IU", "Vitamin C": "5mg", "Calcium": "29mg", "Iron": "2mg", "Thiamin": "0mg", "Niacin": "6mg", "Vitamin B6": "0mg", "Magnesium": "25mg", "Folate": "18mcg"}, "Ingredients": ["15 ml soy sauce", "4 ml hoisin sauce", "4 ml sesame oil", "2 g white sugar", "2 g minced garlic", "2 g red pepper flakes (optional)", "115 g beef flank steak, thinly sliced", "4 ml peanut oil", "1/2 large green onions, thinly sliced"]}, "195083/slow-cooker-mongolian-beef/": {"General": {"Title": "Slow Cooker Mongolian Beef", "Reference": "195083/slow-cooker-mongolian-beef/", "Popularity": "508", "Rating": "3.94177222251892", "Region": "chinese", "Calories": "450", "Total Fat": "13g", "Saturated Fat": "4.0g", "Cholesterol": "47mg", "Sodium": "2391mg", "Potassium": "620mg", "Total Carbohydrates": "55.4g", "Dietary Fiber": "2.2g", "Protein": "28g", "Sugars": "38g", "Vitamin A": "190IU", "Vitamin C": "6mg", "Calcium": "94mg", "Iron": "3mg", "Thiamin": "0mg", "Niacin": "12mg", "Vitamin B6": "1mg", "Magnesium": "56mg", "Folate": "43mcg"}, "Nutrition": {"Calories": "450", "Total Fat": "13g", "Saturated Fat": "4.0g", "Cholesterol": "47mg", "Sodium": "2391mg", "Potassium": "620mg", "Total Carbohydrates": "55.4g", "Dietary Fiber": "2.2g", "Protein": "28g", "Sugars": "38g", "Vitamin A": "190IU", "Vitamin C": "6mg", "Calcium": "94mg", "Iron": "3mg", "Thiamin": "0mg", "Niacin": "12mg", "Vitamin B6": "1mg", "Magnesium": "56mg", "Folate": "43mcg"}, "Ingredients": ["115 g flank steak, cut into bite-size pieces", "8 g cornstarch", "3 ml olive oil", "1/4 onion, thinly sliced", "2 g minced garlic", "3/4 large green onions, sliced diagonally into 1/2 inch pieces", "30 ml soy sauce", "30 ml water", "30 g brown sugar", "0.2 g minced fresh ginger root", "30 ml hoisin sauce"]}}