{"246340/doro-wat-ethiopian-chicken-dish/": {"General": {"Title": "Profile Menu", "Reference": "246340/doro-wat-ethiopian-chicken-dish/", "Popularity": "33", "Rating": "4.54545450210571", "Region": "east-african", "Calories": ""}, "Nutrition": {"Calories": ""}, "Ingredients": ["55 g butter, divided", "1/4 onion, chopped", "150 ml water, divided", "1/4 (6 ounce) can tomato paste", "25 g berbere seasoning", "0.7 g chopped garlic", "0.2 g ground ginger", "1 skinless, boneless chicken breasts, cubed", "20 ml sweet white wine", "0.2 g ground cardamom", "0.3 g freshly ground black pepper", "1 hard-boiled eggs"]}, "152937/ethiopian-cabbage-dish/": {"General": {"Title": "Ethiopian Cabbage Dish", "Reference": "152937/ethiopian-cabbage-dish/", "Popularity": "1k", "Rating": "4.567307472229", "Region": "east-african", "Calories": "428", "Total Fat": "22.2g", "Saturated Fat": "3.0g", "Cholesterol": "0mg", "Sodium": "428mg", "Potassium": "1360mg", "Total Carbohydrates": "54.1g", "Dietary Fiber": "10.1g", "Protein": "6.9g", "Sugars": "10g", "Vitamin A": "9747IU", "Vitamin C": "92mg", "Calcium": "106mg", "Iron": "7mg", "Thiamin": "0mg", "Niacin": "5mg", "Vitamin B6": "1mg", "Magnesium": "81mg", "Folate": "104mcg"}, "Nutrition": {"Calories": "428", "Total Fat": "22.2g", "Saturated Fat": "3.0g", "Cholesterol": "0mg", "Sodium": "428mg", "Potassium": "1360mg", "Total Carbohydrates": "54.1g", "Dietary Fiber": "10.1g", "Protein": "6.9g", "Sugars": "10g", "Vitamin A": "9747IU", "Vitamin C": "92mg", "Calcium": "106mg", "Iron": "7mg", "Thiamin": "0mg", "Niacin": "5mg", "Vitamin B6": "1mg", "Magnesium": "81mg", "Folate": "104mcg"}, "Ingredients": ["25 ml olive oil", "3/4 carrots, thinly sliced", "1/4 onion, thinly sliced", "1 g sea salt", "0.2 g ground black pepper", "0.2 g ground cumin", "0.1 g ground turmeric", "1/8 head cabbage, shredded", "1 potatoes, peeled and cut into 1-inch cubes"]}, "82495/green-banana-fries/": {"General": {"Title": "Green Banana Fries", "Reference": "82495/green-banana-fries/", "Popularity": "66", "Rating": "4.34375", "Region": "east-african", "Calories": "214", "Total Fat": "15.3g", "Saturated Fat": "2.0g", "Cholesterol": "0mg", "Sodium": "26mg", "Potassium": "&lt; 1mg", "Total Carbohydrates": "21.1g", "Dietary Fiber": "0g", "Protein": "0.9g", "Sugars": "0g", "Vitamin A": "217IU", "Vitamin C": "11mg", "Calcium": "34mg", "Iron": "0mg", "Thiamin": "0mg", "Niacin": "1mg", "Vitamin B6": "0mg", "Magnesium": "0mg", "Folate": "0mcg"}, "Nutrition": {"Calories": "214", "Total Fat": "15.3g", "Saturated Fat": "2.0g", "Cholesterol": "0mg", "Sodium": "26mg", "Potassium": "&lt; 1mg", "Total Carbohydrates": "21.1g", "Dietary Fiber": "0g", "Protein": "0.9g", "Sugars": "0g", "Vitamin A": "217IU", "Vitamin C": "11mg", "Calcium": "34mg", "Iron": "0mg", "Thiamin": "0mg", "Niacin": "1mg", "Vitamin B6": "0mg", "Magnesium": "0mg", "Folate": "0mcg"}, "Ingredients": ["7/8 small unripe (green) bananas", "160 ml oil for frying, or as needed", "salt to taste"]}, "185093/gomen-wat/": {"General": {"Title": "Gomen Wat", "Reference": "185093/gomen-wat/", "Popularity": "73", "Rating": "4.37777757644653", "Region": "east-african", "Calories": "88", "Total Fat": "5g", "Saturated Fat": "1.0g", "Cholesterol": "0mg", "Sodium": "408mg", "Potassium": "261mg", "Total Carbohydrates": "10.1g", "Dietary Fiber": "4g", "Protein": "2.7g", "Sugars": "2g", "Vitamin A": "5286IU", "Vitamin C": "61mg", "Calcium": "130mg", "Iron": "1mg", "Thiamin": "0mg", "Niacin": "1mg", "Vitamin B6": "0mg", "Magnesium": "16mg", "Folate": "134mcg"}, "Nutrition": {"Calories": "88", "Total Fat": "5g", "Saturated Fat": "1.0g", "Cholesterol": "0mg", "Sodium": "408mg", "Potassium": "261mg", "Total Carbohydrates": "10.1g", "Dietary Fiber": "4g", "Protein": "2.7g", "Sugars": "2g", "Vitamin A": "5286IU", "Vitamin C": "61mg", "Calcium": "130mg", "Iron": "1mg", "Thiamin": "0mg", "Niacin": "1mg", "Vitamin B6": "0mg", "Magnesium": "16mg", "Folate": "134mcg"}, "Ingredients": ["75 g collard greens - rinsed, trimmed and chopped", "80 ml water", "3 ml olive oil", "20 g chopped onions", "1-1/4 cloves garlic, chopped", "3 ml olive oil", "35 g sliced green bell pepper", "3 ml fresh lemon juice", "1 g salt", "0.2 g ground turmeric", "0.2 g paprika", "0.2 g ground allspice", "2 g minced fresh ginger root"]}, "55826/ethiopian-chicken/": {"General": {"Title": "Ethiopian Chicken", "Reference": "55826/ethiopian-chicken/", "Popularity": "33", "Rating": "3.95121955871582", "Region": "east-african", "Calories": "157", "Total Fat": "8.3g", "Saturated Fat": "2.0g", "Cholesterol": "34mg", "Sodium": "2440mg", "Potassium": "206mg", "Total Carbohydrates": "6.2g", "Dietary Fiber": "1.1g", "Protein": "14.2g", "Sugars": "2g", "Vitamin A": "68IU", "Vitamin C": "2mg", "Calcium": "25mg", "Iron": "1mg", "Thiamin": "0mg", "Niacin": "6mg", "Vitamin B6": "0mg", "Magnesium": "30mg", "Folate": "13mcg"}, "Nutrition": {"Calories": "157", "Total Fat": "8.3g", "Saturated Fat": "2.0g", "Cholesterol": "34mg", "Sodium": "2440mg", "Potassium": "206mg", "Total Carbohydrates": "6.2g", "Dietary Fiber": "1.1g", "Protein": "14.2g", "Sugars": "2g", "Vitamin A": "68IU", "Vitamin C": "2mg", "Calcium": "25mg", "Iron": "1mg", "Thiamin": "0mg", "Niacin": "6mg", "Vitamin B6": "0mg", "Magnesium": "30mg", "Folate": "13mcg"}, "Ingredients": ["4 chicken wings, split and tips discarded", "1/4 onion, chopped", "40 ml soy sauce", "0.3 g ground cinnamon", "0.3 g ground cloves", "0.1 g ground ginger"]}, "53603/sambusa/": {"General": {"Title": "Sambusa", "Reference": "53603/sambusa/", "Popularity": "43", "Rating": "4.24324321746826", "Region": "east-african", "Calories": "163", "Total Fat": "9.5g", "Saturated Fat": "2.0g", "Cholesterol": "24mg", "Sodium": "213mg", "Potassium": "110mg", "Total Carbohydrates": "10.8g", "Dietary Fiber": "0.5g", "Protein": "8.1g", "Sugars": "0g", "Vitamin A": "67IU", "Vitamin C": "1mg", "Calcium": "17mg", "Iron": "1mg", "Thiamin": "0mg", "Niacin": "4mg", "Vitamin B6": "0mg", "Magnesium": "11mg", "Folate": "20mcg"}, "Nutrition": {"Calories": "163", "Total Fat": "9.5g", "Saturated Fat": "2.0g", "Cholesterol": "24mg", "Sodium": "213mg", "Potassium": "110mg", "Total Carbohydrates": "10.8g", "Dietary Fiber": "0.5g", "Protein": "8.1g", "Sugars": "0g", "Vitamin A": "67IU", "Vitamin C": "1mg", "Calcium": "17mg", "Iron": "1mg", "Thiamin": "0mg", "Niacin": "4mg", "Vitamin B6": "0mg", "Magnesium": "11mg", "Folate": "20mcg"}, "Ingredients": ["1/8 (14 ounce) package spring roll wrappers", "1 ml olive oil", "40 g ground beef", "1/8 leek, chopped", "0.2 g ground cumin", "0.2 g ground cardamom", "0.2 g salt", "0.1 g pepper", "1/8 small onion, finely chopped", "1/8 clove garlic, minced", "0.3 g all-purpose flour", "0.6 ml water, or as needed", "40 ml oil for frying"]}, "188472/ethiopian-vegetable-bowl/": {"General": {"Title": "Ethiopian Vegetable Bowl", "Reference": "188472/ethiopian-vegetable-bowl/", "Popularity": "26", "Rating": "4.32142877578735", "Region": "east-african", "Calories": "286", "Total Fat": "7.4g", "Saturated Fat": "1.0g", "Cholesterol": "0mg", "Sodium": "608mg", "Potassium": "1353mg", "Total Carbohydrates": "51.7g", "Dietary Fiber": "8.6g", "Protein": "6.8g", "Sugars": "10g", "Vitamin A": "6377IU", "Vitamin C": "65mg", "Calcium": "91mg", "Iron": "3mg", "Thiamin": "0mg", "Niacin": "5mg", "Vitamin B6": "1mg", "Magnesium": "76mg", "Folate": "71mcg"}, "Nutrition": {"Calories": "286", "Total Fat": "7.4g", "Saturated Fat": "1.0g", "Cholesterol": "0mg", "Sodium": "608mg", "Potassium": "1353mg", "Total Carbohydrates": "51.7g", "Dietary Fiber": "8.6g", "Protein": "6.8g", "Sugars": "10g", "Vitamin A": "6377IU", "Vitamin C": "65mg", "Calcium": "91mg", "Iron": "3mg", "Thiamin": "0mg", "Niacin": "5mg", "Vitamin B6": "1mg", "Magnesium": "76mg", "Folate": "71mcg"}, "Ingredients": ["7 ml vegetable oil", "0.1 g ground ginger", "0.1 g ground turmeric", "0.1 g ground black pepper", "0.3 g ground cloves", "0.5 g fenugreek seeds", "1/8 head garlic, minced", "0.8 g salt", "3/8 large onions, chopped", "1/2 large carrots, cubed", "1/2 large potatoes, cubed", "1/8 head cabbage, chopped", "60 g tomato puree", "60 ml water", "salt and pepper to taste"]}, "236247/ethiopian-cabbage-and-potato-dish-atkilt/": {"General": {"Title": "Ethiopian Cabbage and Potato Dish (Atkilt)", "Reference": "236247/ethiopian-cabbage-and-potato-dish-atkilt/", "Popularity": "48", "Rating": "4.60714292526245", "Region": "east-african", "Calories": "336", "Total Fat": "18.7g", "Saturated Fat": "3.0g", "Cholesterol": "0mg", "Sodium": "673mg", "Potassium": "653mg", "Total Carbohydrates": "40.5g", "Dietary Fiber": "9.2g", "Protein": "5.8g", "Sugars": "12g", "Vitamin A": "12212IU", "Vitamin C": "75mg", "Calcium": "119mg", "Iron": "2mg", "Thiamin": "0mg", "Niacin": "2mg", "Vitamin B6": "0mg", "Magnesium": "40mg", "Folate": "102mcg"}, "Nutrition": {"Calories": "336", "Total Fat": "18.7g", "Saturated Fat": "3.0g", "Cholesterol": "0mg", "Sodium": "673mg", "Potassium": "653mg", "Total Carbohydrates": "40.5g", "Dietary Fiber": "9.2g", "Protein": "5.8g", "Sugars": "12g", "Vitamin A": "12212IU", "Vitamin C": "75mg", "Calcium": "119mg", "Iron": "2mg", "Thiamin": "0mg", "Niacin": "2mg", "Vitamin B6": "0mg", "Magnesium": "40mg", "Folate": "102mcg"}, "Ingredients": ["20 ml olive oil", "1 carrots, sliced", "1/4 onion, thinly sliced", "2 g salt", "0.6 g ground turmeric", "0.5 g ground cumin", "0.3 g ground black pepper", "0.2 g ground ginger", "1/4 small head cabbage, sliced", "1/2 clove garlic, minced", "1 small yellow potatoes, cut into bite-size cubes", "15 ml water"]}, "7070/injera/": {"General": {"Title": "Injera", "Reference": "7070/injera/", "Popularity": "32", "Rating": "3.22222232818604", "Region": "east-african", "Calories": "166", "Total Fat": "1.8g", "Saturated Fat": "0.0g", "Cholesterol": "0mg", "Sodium": "28mg", "Potassium": "102mg", "Total Carbohydrates": "32g", "Dietary Fiber": "3.8g", "Protein": "5.1g", "Sugars": "1g", "Vitamin A": "0IU", "Vitamin C": "0mg", "Calcium": "7mg", "Iron": "1mg", "Thiamin": "0mg", "Niacin": "3mg", "Vitamin B6": "0mg", "Magnesium": "51mg", "Folate": "56mcg"}, "Nutrition": {"Calories": "166", "Total Fat": "1.8g", "Saturated Fat": "0.0g", "Cholesterol": "0mg", "Sodium": "28mg", "Potassium": "102mg", "Total Carbohydrates": "32g", "Dietary Fiber": "3.8g", "Protein": "5.1g", "Sugars": "1g", "Vitamin A": "0IU", "Vitamin C": "0mg", "Calcium": "7mg", "Iron": "1mg", "Thiamin": "0mg", "Niacin": "3mg", "Vitamin B6": "0mg", "Magnesium": "51mg", "Folate": "56mcg"}, "Ingredients": ["0.9 g active dry yeast", "0.4 ml honey", "85 ml warm water (110 degrees F/45 degrees C)", "45 g finely ground millet flour", "0.1 g baking soda"]}, "14007/mombasa-pumpkin-dessert/": {"General": {"Title": "Mombasa Pumpkin Dessert", "Reference": "14007/mombasa-pumpkin-dessert/", "Popularity": "29", "Rating": "4.03999996185303", "Region": "east-african", "Calories": "210", "Total Fat": "4.9g", "Saturated Fat": "4.0g", "Cholesterol": "0mg", "Sodium": "4mg", "Potassium": "505mg", "Total Carbohydrates": "43.2g", "Dietary Fiber": "0.9g", "Protein": "1.8g", "Sugars": "35g", "Vitamin A": "9778IU", "Vitamin C": "13mg", "Calcium": "32mg", "Iron": "1mg", "Thiamin": "0mg", "Niacin": "1mg", "Vitamin B6": "0mg", "Magnesium": "24mg", "Folate": "24mcg"}, "Nutrition": {"Calories": "210", "Total Fat": "4.9g", "Saturated Fat": "4.0g", "Cholesterol": "0mg", "Sodium": "4mg", "Potassium": "505mg", "Total Carbohydrates": "43.2g", "Dietary Fiber": "0.9g", "Protein": "1.8g", "Sugars": "35g", "Vitamin A": "9778IU", "Vitamin C": "13mg", "Calcium": "32mg", "Iron": "1mg", "Thiamin": "0mg", "Niacin": "1mg", "Vitamin B6": "0mg", "Magnesium": "24mg", "Folate": "24mcg"}, "Ingredients": ["1/8 medium sugar pumpkin, seeded and cubed", "35 g white sugar", "20 ml coconut milk", "0.2 g ground cardamom"]}, "14627/ugandan-kabobs/": {"General": {"Title": "Ugandan Kabobs", "Reference": "14627/ugandan-kabobs/", "Popularity": "27", "Rating": "4.45454549789429", "Region": "east-african", "Calories": "382", "Total Fat": "28.1g", "Saturated Fat": "9.0g", "Cholesterol": "84mg", "Sodium": "329mg", "Potassium": "239mg", "Total Carbohydrates": "17.4g", "Dietary Fiber": "1g", "Protein": "13.6g", "Sugars": "2g", "Vitamin A": "208IU", "Vitamin C": "3mg", "Calcium": "67mg", "Iron": "2mg", "Thiamin": "0mg", "Niacin": "6mg", "Vitamin B6": "0mg", "Magnesium": "24mg", "Folate": "27mcg"}, "Nutrition": {"Calories": "382", "Total Fat": "28.1g", "Saturated Fat": "9.0g", "Cholesterol": "84mg", "Sodium": "329mg", "Potassium": "239mg", "Total Carbohydrates": "17.4g", "Dietary Fiber": "1g", "Protein": "13.6g", "Sugars": "2g", "Vitamin A": "208IU", "Vitamin C": "3mg", "Calcium": "67mg", "Iron": "2mg", "Thiamin": "0mg", "Niacin": "6mg", "Vitamin B6": "0mg", "Magnesium": "24mg", "Folate": "27mcg"}, "Ingredients": ["15 ml plain yogurt", "0.1 g salt", "1/8 jalapeno pepper, seeded and minced", "0.7 g chopped fresh parsley", "1/4 slice whole wheat bread", "1/4 eggs, beaten", "0.9 ml Worcestershire sauce", "10 g dried bread crumbs", "15 g French-fried onions", "1/4 clove garlic, minced", "0.7 g minced fresh ginger root", "0.1 g ground cumin", "0.1 g coarsely crushed coriander seed", "0.9 g chopped fresh parsley", "1/8 jalapeno pepper, seeded and minced", "55 g ground beef", "45 ml vegetable oil for frying"]}, "213254/ethiopian-spiced-cottage-cheese/": {"General": {"Title": "Ethiopian Spiced Cottage Cheese", "Reference": "213254/ethiopian-spiced-cottage-cheese/", "Popularity": "9", "Rating": "4.19999980926514", "Region": "east-african", "Calories": "232", "Total Fat": "11.8g", "Saturated Fat": "7.0g", "Cholesterol": "32mg", "Sodium": "676mg", "Potassium": "1434mg", "Total Carbohydrates": "14.4g", "Dietary Fiber": "5.5g", "Protein": "21.1g", "Sugars": "2g", "Vitamin A": "21779IU", "Vitamin C": "93mg", "Calcium": "304mg", "Iron": "7mg", "Thiamin": "0mg", "Niacin": "6mg", "Vitamin B6": "1mg", "Magnesium": "191mg", "Folate": "459mcg"}, "Nutrition": {"Calories": "232", "Total Fat": "11.8g", "Saturated Fat": "7.0g", "Cholesterol": "32mg", "Sodium": "676mg", "Potassium": "1434mg", "Total Carbohydrates": "14.4g", "Dietary Fiber": "5.5g", "Protein": "21.1g", "Sugars": "2g", "Vitamin A": "21779IU", "Vitamin C": "93mg", "Calcium": "304mg", "Iron": "7mg", "Thiamin": "0mg", "Niacin": "6mg", "Vitamin B6": "1mg", "Magnesium": "191mg", "Folate": "459mcg"}, "Ingredients": ["1/4 (16 ounce) package cottage cheese", "1/4 clove garlic, minced", "0.2 g ground cardamom", "0.1 g ground cloves", "7 g butter", "10 g finely chopped onion", "1 g minced fresh ginger root", "1/4 green chile pepper, chopped", "1/2 clove garlic, minced", "225 g spinach leaves, cut into 2-inch pieces"]}, "90191/eba/": {"General": {"Title": "Eba", "Reference": "90191/eba/", "Popularity": "9", "Rating": "4.44444465637207", "Region": "east-african", "Calories": "290", "Total Fat": "0.4g", "Saturated Fat": "0.0g", "Cholesterol": "0mg", "Sodium": "16mg", "Potassium": "743mg", "Total Carbohydrates": "70.6g", "Dietary Fiber": "1.8g", "Protein": "0.9g", "Sugars": "0g", "Vitamin A": "0IU", "Vitamin C": "0mg", "Calcium": "74mg", "Iron": "1mg", "Thiamin": "0mg", "Niacin": "0mg", "Vitamin B6": "0mg", "Magnesium": "2mg", "Folate": "0mcg"}, "Nutrition": {"Calories": "290", "Total Fat": "0.4g", "Saturated Fat": "0.0g", "Cholesterol": "0mg", "Sodium": "16mg", "Potassium": "743mg", "Total Carbohydrates": "70.6g", "Dietary Fiber": "1.8g", "Protein": "0.9g", "Sugars": "0g", "Vitamin A": "0IU", "Vitamin C": "0mg", "Calcium": "74mg", "Iron": "1mg", "Thiamin": "0mg", "Niacin": "0mg", "Vitamin B6": "0mg", "Magnesium": "2mg", "Folate": "0mcg"}, "Ingredients": ["235 ml water", "80 g gari (roasted cassava flour)"]}, "236742/african-chicken-in-spicy-red-sauce/": {"General": {"Title": "African Chicken in Spicy Red Sauce", "Reference": "236742/african-chicken-in-spicy-red-sauce/", "Popularity": "7", "Rating": "4", "Region": "east-african", "Calories": "257", "Total Fat": "6.6g", "Saturated Fat": "2.0g", "Cholesterol": "85mg", "Sodium": "887mg", "Potassium": "659mg", "Total Carbohydrates": "14.9g", "Dietary Fiber": "3.5g", "Protein": "32.1g", "Sugars": "6g", "Vitamin A": "1335IU", "Vitamin C": "22mg", "Calcium": "58mg", "Iron": "3mg", "Thiamin": "0mg", "Niacin": "16mg", "Vitamin B6": "1mg", "Magnesium": "52mg", "Folate": "19mcg"}, "Nutrition": {"Calories": "257", "Total Fat": "6.6g", "Saturated Fat": "2.0g", "Cholesterol": "85mg", "Sodium": "887mg", "Potassium": "659mg", "Total Carbohydrates": "14.9g", "Dietary Fiber": "3.5g", "Protein": "32.1g", "Sugars": "6g", "Vitamin A": "1335IU", "Vitamin C": "22mg", "Calcium": "58mg", "Iron": "3mg", "Thiamin": "0mg", "Niacin": "16mg", "Vitamin B6": "1mg", "Magnesium": "52mg", "Folate": "19mcg"}, "Ingredients": ["Berbere:", "2 g cayenne pepper", "1 g freshly ground black pepper", "0.3 g ground ginger", "0.4 g ground cinnamon", "0.1 g ground cloves", "Chicken:", "150 g skinless, boneless chicken breast halves", "8 ml fresh lemon juice", "0.8 g salt, divided", "0.8 ml olive oil", "40 g chopped onion", "1 g minced garlic", "2 g butter", "0.9 g minced fresh ginger", "0.2 g ground nutmeg", "0.2 g ground cardamom", "1/8 (14.5 ounce) can chicken broth", "20 ml dry red wine", "1/8 (6 ounce) can tomato paste", "1 g chopped fresh cilantro", "5/8 lemon wedges"]}, "246489/somali-spaghetti-sauce/": {"General": {"Title": "Somali Spaghetti Sauce", "Reference": "246489/somali-spaghetti-sauce/", "Popularity": "12", "Rating": "4.75", "Region": "east-african", "Calories": "546", "Total Fat": "20.6g", "Saturated Fat": "5.0g", "Cholesterol": "50mg", "Sodium": "818mg", "Potassium": "930mg", "Total Carbohydrates": "63.9g", "Dietary Fiber": "6.9g", "Protein": "25.7g", "Sugars": "8g", "Vitamin A": "5392IU", "Vitamin C": "28mg", "Calcium": "88mg", "Iron": "8mg", "Thiamin": "0mg", "Niacin": "11mg", "Vitamin B6": "0mg", "Magnesium": "37mg", "Folate": "82mcg"}, "Nutrition": {"Calories": "546", "Total Fat": "20.6g", "Saturated Fat": "5.0g", "Cholesterol": "50mg", "Sodium": "818mg", "Potassium": "930mg", "Total Carbohydrates": "63.9g", "Dietary Fiber": "6.9g", "Protein": "25.7g", "Sugars": "8g", "Vitamin A": "5392IU", "Vitamin C": "28mg", "Calcium": "88mg", "Iron": "8mg", "Thiamin": "0mg", "Niacin": "11mg", "Vitamin B6": "0mg", "Magnesium": "37mg", "Folate": "82mcg"}, "Ingredients": ["1 g chopped fresh cilantro", "5/8 clove garlic", "0.4 g cumin seeds", "1 g Himalayan pink salt", "0.4 g ground turmeric", "0.4 g paprika", "0.2 g Italian seasoning", "0.5 g salt-free seasoning blend (such as Mrs. Dash(R))", "0.2 g ground black pepper", "10 ml olive oil", "75 g lean ground beef", "1/8 onion, diced", "1/8 large potato, peeled and cubed", "3/8 carrots, diced", "3/8 (14 ounce) can diced tomatoes", "5 ml water, or to taste (optional)", "1/8 (16 ounce) package angel hair pasta"]}, "246338/key-sir-alicha-ethiopian-beets-and-potatoes/": {"General": {"Title": "Key Sir Alicha (Ethiopian Beets and Potatoes)", "Reference": "246338/key-sir-alicha-ethiopian-beets-and-potatoes/", "Popularity": "8", "Rating": "4.25", "Region": "east-african", "Calories": "486", "Total Fat": "14.6g", "Saturated Fat": "1.0g", "Cholesterol": "0mg", "Sodium": "414mg", "Potassium": "2047mg", "Total Carbohydrates": "82.1g", "Dietary Fiber": "12.6g", "Protein": "10.2g", "Sugars": "14g", "Vitamin A": "50IU", "Vitamin C": "83mg", "Calcium": "81mg", "Iron": "4mg", "Thiamin": "0mg", "Niacin": "7mg", "Vitamin B6": "1mg", "Magnesium": "120mg", "Folate": "205mcg"}, "Nutrition": {"Calories": "486", "Total Fat": "14.6g", "Saturated Fat": "1.0g", "Cholesterol": "0mg", "Sodium": "414mg", "Potassium": "2047mg", "Total Carbohydrates": "82.1g", "Dietary Fiber": "12.6g", "Protein": "10.2g", "Sugars": "14g", "Vitamin A": "50IU", "Vitamin C": "83mg", "Calcium": "81mg", "Iron": "4mg", "Thiamin": "0mg", "Niacin": "7mg", "Vitamin B6": "1mg", "Magnesium": "120mg", "Folate": "205mcg"}, "Ingredients": ["15 ml canola oil", "1/4 yellow onion, diced", "0.8 g salt, divided, or as needed", "1 g minced fresh garlic", "0.7 g minced fresh ginger (optional)", "1/2 large beets, diced", "60 ml water, or more as needed", "1 large potatoes, diced"]}, "255863/berbere-spice-blend/": {"General": {"Title": "Berbere Spice Blend", "Reference": "255863/berbere-spice-blend/", "Popularity": "23", "Rating": "5", "Region": "east-african", "Calories": "3", "Total Fat": "0.1g", "Saturated Fat": "0.0g", "Cholesterol": "0mg", "Sodium": "&lt; 1mg", "Potassium": "20mg", "Total Carbohydrates": "0.6g", "Dietary Fiber": "0.3g", "Protein": "0.1g", "Sugars": "0g", "Vitamin A": "348IU", "Vitamin C": "1mg", "Calcium": "3mg", "Iron": "0mg", "Thiamin": "0mg", "Niacin": "0mg", "Vitamin B6": "0mg", "Magnesium": "2mg", "Folate": "1mcg"}, "Nutrition": {"Calories": "3", "Total Fat": "0.1g", "Saturated Fat": "0.0g", "Cholesterol": "0mg", "Sodium": "&lt; 1mg", "Potassium": "20mg", "Total Carbohydrates": "0.6g", "Dietary Fiber": "0.3g", "Protein": "0.1g", "Sugars": "0g", "Vitamin A": "348IU", "Vitamin C": "1mg", "Calcium": "3mg", "Iron": "0mg", "Thiamin": "0mg", "Niacin": "0mg", "Vitamin B6": "0mg", "Magnesium": "2mg", "Folate": "1mcg"}, "Ingredients": ["1 g ground dried New Mexico chiles", "0.6 g paprika", "0.1 g cayenne pepper", "0 g onion powder", "0 g ground ginger", "0 g cumin", "0 g ground coriander", "0 g ground cardamom", "0.1 g ground fenugreek", "0 g garlic powder", "0 g ground cinnamon", "0 g ground nutmeg", "0 g ground allspice", "0 g ground cloves"]}, "245948/kik-wat-ethiopian-red-lentil-stew/": {"General": {"Title": "Kik Wat (Ethiopian Red Lentil Stew)", "Reference": "245948/kik-wat-ethiopian-red-lentil-stew/", "Popularity": "14", "Rating": "4.2857141494751", "Region": "east-african", "Calories": "432", "Total Fat": "18.3g", "Saturated Fat": "1.0g", "Cholesterol": "0mg", "Sodium": "503mg", "Potassium": "807mg", "Total Carbohydrates": "48.7g", "Dietary Fiber": "22.2g", "Protein": "17.2g", "Sugars": "4g", "Vitamin A": "292IU", "Vitamin C": "13mg", "Calcium": "76mg", "Iron": "5mg", "Thiamin": "0mg", "Niacin": "5mg", "Vitamin B6": "1mg", "Magnesium": "91mg", "Folate": "306mcg"}, "Nutrition": {"Calories": "432", "Total Fat": "18.3g", "Saturated Fat": "1.0g", "Cholesterol": "0mg", "Sodium": "503mg", "Potassium": "807mg", "Total Carbohydrates": "48.7g", "Dietary Fiber": "22.2g", "Protein": "17.2g", "Sugars": "4g", "Vitamin A": "292IU", "Vitamin C": "13mg", "Calcium": "76mg", "Iron": "5mg", "Thiamin": "0mg", "Niacin": "5mg", "Vitamin B6": "1mg", "Magnesium": "91mg", "Folate": "306mcg"}, "Ingredients": ["1/4 yellow onions, minced", "1/4 red onions, minced", "1-1/2 cloves garlic, minced", "20 ml canola oil", "5 g berbere seasoning", "1 g berbere seasoning", "40 g crushed tomatoes", "60 g red lentils", "150 ml water", "0.2 g ground cardamom", "salt and ground black pepper to taste"]}, "236741/berbere-ethiopian-spice/": {"General": {"Title": "Berbere (Ethiopian Spice)", "Reference": "236741/berbere-ethiopian-spice/", "Popularity": "12", "Rating": "5", "Region": "east-african", "Calories": "25", "Total Fat": "1.2g", "Saturated Fat": "0.0g", "Cholesterol": "0mg", "Sodium": "345mg", "Potassium": "160mg", "Total Carbohydrates": "4.6g", "Dietary Fiber": "2.8g", "Protein": "1.1g", "Sugars": "1g", "Vitamin A": "2773IU", "Vitamin C": "5mg", "Calcium": "21mg", "Iron": "1mg", "Thiamin": "0mg", "Niacin": "1mg", "Vitamin B6": "0mg", "Magnesium": "14mg", "Folate": "8mcg"}, "Nutrition": {"Calories": "25", "Total Fat": "1.2g", "Saturated Fat": "0.0g", "Cholesterol": "0mg", "Sodium": "345mg", "Potassium": "160mg", "Total Carbohydrates": "4.6g", "Dietary Fiber": "2.8g", "Protein": "1.1g", "Sugars": "1g", "Vitamin A": "2773IU", "Vitamin C": "5mg", "Calcium": "21mg", "Iron": "1mg", "Thiamin": "0mg", "Niacin": "1mg", "Vitamin B6": "0mg", "Magnesium": "14mg", "Folate": "8mcg"}, "Ingredients": ["5 g red chili powder", "2 g paprika", "0.8 g salt", "0.2 g ground fenugreek", "0.1 g ground ginger", "0.1 g onion powder", "0.1 g ground coriander", "0.1 g ground cardamom", "0.1 g garlic powder", "0 g ground cloves", "0 g ground cinnamon"]}, "47440/tomato-chutney/": {"General": {"Title": "Tomato Chutney", "Reference": "47440/tomato-chutney/", "Popularity": "9", "Rating": "3.66666674613953", "Region": "east-african", "Calories": "33", "Total Fat": "0.4g", "Saturated Fat": "0.0g", "Cholesterol": "0mg", "Sodium": "11mg", "Potassium": "297mg", "Total Carbohydrates": "7.4g", "Dietary Fiber": "1.6g", "Protein": "1.3g", "Sugars": "1g", "Vitamin A": "826IU", "Vitamin C": "57mg", "Calcium": "12mg", "Iron": "1mg", "Thiamin": "0mg", "Niacin": "1mg", "Vitamin B6": "0mg", "Magnesium": "16mg", "Folate": "22mcg"}, "Nutrition": {"Calories": "33", "Total Fat": "0.4g", "Saturated Fat": "0.0g", "Cholesterol": "0mg", "Sodium": "11mg", "Potassium": "297mg", "Total Carbohydrates": "7.4g", "Dietary Fiber": "1.6g", "Protein": "1.3g", "Sugars": "1g", "Vitamin A": "826IU", "Vitamin C": "57mg", "Calcium": "12mg", "Iron": "1mg", "Thiamin": "0mg", "Niacin": "1mg", "Vitamin B6": "0mg", "Magnesium": "16mg", "Folate": "22mcg"}, "Ingredients": ["100 g cherry tomatoes", "1/8 small white onion, chopped", "1/8 green onion, chopped", "0.1 g chopped fresh cilantro", "3/8 green chile peppers, chopped", "salt to taste", "0.8 ml lemon juice, or to taste"]}}