{"97456/hungarian-poppy-seed-filling/": {"General": {"Title": "Hungarian Poppy Seed Filling", "Reference": "97456/hungarian-poppy-seed-filling/", "Popularity": "26", "Rating": "4.86666679382324", "Region": "eastern-european", "Calories": "152", "Total Fat": "10g", "Saturated Fat": "2.0g", "Cholesterol": "22mg", "Sodium": "50mg", "Potassium": "131mg", "Total Carbohydrates": "13.5g", "Dietary Fiber": "1.4g", "Protein": "3.8g", "Sugars": "12g", "Vitamin A": "180IU", "Vitamin C": "0mg", "Calcium": "227mg", "Iron": "1mg", "Thiamin": "0mg", "Niacin": "1mg", "Vitamin B6": "0mg", "Magnesium": "49mg", "Folate": "12mcg"}, "Nutrition": {"Calories": "152", "Total Fat": "10g", "Saturated Fat": "2.0g", "Cholesterol": "22mg", "Sodium": "50mg", "Potassium": "131mg", "Total Carbohydrates": "13.5g", "Dietary Fiber": "1.4g", "Protein": "3.8g", "Sugars": "12g", "Vitamin A": "180IU", "Vitamin C": "0mg", "Calcium": "227mg", "Iron": "1mg", "Thiamin": "0mg", "Niacin": "1mg", "Vitamin B6": "0mg", "Magnesium": "49mg", "Folate": "12mcg"}, "Ingredients": ["15 g poppy seeds", "15 ml milk", "3 g margarine", "9 g white sugar", "1/8 pinch salt", "1/8 eggs, beaten"]}, "26159/kolachky/": {"General": {"Title": "Kolachky", "Reference": "26159/kolachky/", "Popularity": "116", "Rating": "4.57142877578735", "Region": "eastern-european", "Calories": "241", "Total Fat": "17.9g", "Saturated Fat": "8.0g", "Cholesterol": "34mg", "Sodium": "37mg", "Potassium": "71mg", "Total Carbohydrates": "17.8g", "Dietary Fiber": "0.9g", "Protein": "3.9g", "Sugars": "4g", "Vitamin A": "369IU", "Vitamin C": "0mg", "Calcium": "44mg", "Iron": "1mg", "Thiamin": "0mg", "Niacin": "1mg", "Vitamin B6": "0mg", "Magnesium": "18mg", "Folate": "30mcg"}, "Nutrition": {"Calories": "241", "Total Fat": "17.9g", "Saturated Fat": "8.0g", "Cholesterol": "34mg", "Sodium": "37mg", "Potassium": "71mg", "Total Carbohydrates": "17.8g", "Dietary Fiber": "0.9g", "Protein": "3.9g", "Sugars": "4g", "Vitamin A": "369IU", "Vitamin C": "0mg", "Calcium": "44mg", "Iron": "1mg", "Thiamin": "0mg", "Niacin": "1mg", "Vitamin B6": "0mg", "Magnesium": "18mg", "Folate": "30mcg"}, "Ingredients": ["1/8 (8 ounce) package cream cheese, room temperature", "9 g unsalted butter, softened", "10 g all-purpose flour", "9 g chopped walnuts", "1/8 egg", "2 ml honey", "1/8 (12 ounce) can poppyseed filling", "1/8 egg white", "1 g confectioners' sugar for dusting"]}, "80398/serbian-cevapcici/": {"General": {"Title": "Serbian Cevapcici", "Reference": "80398/serbian-cevapcici/", "Popularity": "86", "Rating": "4.55882358551025", "Region": "eastern-european", "Calories": "690", "Total Fat": "46.1g", "Saturated Fat": "18.0g", "Cholesterol": "223mg", "Sodium": "1097mg", "Potassium": "879mg", "Total Carbohydrates": "2.1g", "Dietary Fiber": "0.6g", "Protein": "62.8g", "Sugars": "0g", "Vitamin A": "350IU", "Vitamin C": "3mg", "Calcium": "55mg", "Iron": "5mg", "Thiamin": "1mg", "Niacin": "23mg", "Vitamin B6": "1mg", "Magnesium": "61mg", "Folate": "24mcg"}, "Nutrition": {"Calories": "690", "Total Fat": "46.1g", "Saturated Fat": "18.0g", "Cholesterol": "223mg", "Sodium": "1097mg", "Potassium": "879mg", "Total Carbohydrates": "2.1g", "Dietary Fiber": "0.6g", "Protein": "62.8g", "Sugars": "0g", "Vitamin A": "350IU", "Vitamin C": "3mg", "Calcium": "55mg", "Iron": "5mg", "Thiamin": "1mg", "Niacin": "23mg", "Vitamin B6": "1mg", "Magnesium": "61mg", "Folate": "24mcg"}, "Ingredients": ["170 g ground pork", "115 g lean ground beef", "55 g ground lamb", "1/4 egg white", "1 clove garlic, minced", "2 g salt", "1 g baking soda", "1 g ground black pepper", "0.4 g cayenne pepper", "0.3 g paprika"]}, "14597/slovak-stuffed-cabbage/": {"General": {"Title": "Slovak Stuffed Cabbage", "Reference": "14597/slovak-stuffed-cabbage/", "Popularity": "350", "Rating": "4.50409841537476", "Region": "eastern-european", "Calories": "556", "Total Fat": "36.5g", "Saturated Fat": "14.0g", "Cholesterol": "101mg", "Sodium": "2096mg", "Potassium": "876mg", "Total Carbohydrates": "31.6g", "Dietary Fiber": "6.9g", "Protein": "25.9g", "Sugars": "17g", "Vitamin A": "985IU", "Vitamin C": "110mg", "Calcium": "101mg", "Iron": "5mg", "Thiamin": "1mg", "Niacin": "12mg", "Vitamin B6": "1mg", "Magnesium": "60mg", "Folate": "91mcg"}, "Nutrition": {"Calories": "556", "Total Fat": "36.5g", "Saturated Fat": "14.0g", "Cholesterol": "101mg", "Sodium": "2096mg", "Potassium": "876mg", "Total Carbohydrates": "31.6g", "Dietary Fiber": "6.9g", "Protein": "25.9g", "Sugars": "17g", "Vitamin A": "985IU", "Vitamin C": "110mg", "Calcium": "101mg", "Iron": "5mg", "Thiamin": "1mg", "Niacin": "12mg", "Vitamin B6": "1mg", "Magnesium": "60mg", "Folate": "91mcg"}, "Ingredients": ["55 g ground beef", "55 g ground pork", "1/8 onion, chopped", "0.8 g salt", "black pepper to taste", "0.2 g chopped fresh parsley", "10 g cooked brown rice", "0.9 g garlic salt", "1/4 (10.75 ounce) can condensed tomato soup", "95 g sauerkraut, drained", "1/8 (29 ounce) can diced tomatoes", "1/8 medium head cabbage", "5/8 slice bacon", "3 g white sugar", "90 ml water"]}, "13093/solianka-or-russian-beef-soup/": {"General": {"Title": "Solianka or Russian Beef Soup", "Reference": "13093/solianka-or-russian-beef-soup/", "Popularity": "", "Rating": "", "Region": "eastern-european", "Calories": "478", "Total Fat": "30.4g", "Saturated Fat": "14.0g", "Cholesterol": "100mg", "Sodium": "1374mg", "Potassium": "1051mg", "Total Carbohydrates": "26.9g", "Dietary Fiber": "4.7g", "Protein": "25.4g", "Sugars": "11g", "Vitamin A": "2332IU", "Vitamin C": "43mg", "Calcium": "102mg", "Iron": "4mg", "Thiamin": "0mg", "Niacin": "13mg", "Vitamin B6": "0mg", "Magnesium": "33mg", "Folate": "29mcg"}, "Nutrition": {"Calories": "478", "Total Fat": "30.4g", "Saturated Fat": "14.0g", "Cholesterol": "100mg", "Sodium": "1374mg", "Potassium": "1051mg", "Total Carbohydrates": "26.9g", "Dietary Fiber": "4.7g", "Protein": "25.4g", "Sugars": "11g", "Vitamin A": "2332IU", "Vitamin C": "43mg", "Calcium": "102mg", "Iron": "4mg", "Thiamin": "0mg", "Niacin": "13mg", "Vitamin B6": "0mg", "Magnesium": "33mg", "Folate": "29mcg"}, "Ingredients": ["9 g dried mushrooms", "30 ml water", "20 g unsalted butter", "1/2 onions, chopped", "30 g cooked diced veal", "20 g diced ham", "20 g kielbasa sausage, cut into 1 inch pieces", "315 ml beef stock", "1/2 bay leaves", "1-3/4 black peppercorns", "3/8 dill pickles, diced", "3 g capers", "2 marinated mushrooms", "1/8 (28 ounce) can Italian-style whole peeled tomatoes", "5 g tomato paste", "2 g all-purpose flour", "2 kalamata olives", "2 g chopped fresh dill weed", "0 g dried marjoram", "1/2 clove garlic, minced", "10 ml dill pickle juice", "0.4 g Hungarian sweet paprika", "salt to taste", "ground black pepper to taste"]}, "235135/real-hungarian-goulash-no-tomato-paste-here/": {"General": {"Title": "Real Hungarian Goulash (No Tomato Paste Here)", "Reference": "235135/real-hungarian-goulash-no-tomato-paste-here/", "Popularity": "129", "Rating": "4.5", "Region": "eastern-european", "Calories": "348", "Total Fat": "20.1g", "Saturated Fat": "8.0g", "Cholesterol": "111mg", "Sodium": "76mg", "Potassium": "451mg", "Total Carbohydrates": "8.9g", "Dietary Fiber": "2.6g", "Protein": "32.1g", "Sugars": "4g", "Vitamin A": "1806IU", "Vitamin C": "8mg", "Calcium": "38mg", "Iron": "5mg", "Thiamin": "0mg", "Niacin": "7mg", "Vitamin B6": "1mg", "Magnesium": "37mg", "Folate": "24mcg"}, "Nutrition": {"Calories": "348", "Total Fat": "20.1g", "Saturated Fat": "8.0g", "Cholesterol": "111mg", "Sodium": "76mg", "Potassium": "451mg", "Total Carbohydrates": "8.9g", "Dietary Fiber": "2.6g", "Protein": "32.1g", "Sugars": "4g", "Vitamin A": "1806IU", "Vitamin C": "8mg", "Calcium": "38mg", "Iron": "5mg", "Thiamin": "0mg", "Niacin": "7mg", "Vitamin B6": "1mg", "Magnesium": "37mg", "Folate": "24mcg"}, "Ingredients": ["6 g lard", "1/2 large onions, finely sliced", "225 g beef chuck, cut into 1-inch cubes", "3 g Hungarian paprika", "60 ml water, or as needed", "salt and ground black pepper to taste"]}, "6994/rice-bread-pirog/": {"General": {"Title": "Rice Bread (Pirog)", "Reference": "6994/rice-bread-pirog/", "Popularity": "6", "Rating": "4.66666650772095", "Region": "eastern-european", "Calories": "288", "Total Fat": "8g", "Saturated Fat": "2.0g", "Cholesterol": "27mg", "Sodium": "94mg", "Potassium": "169mg", "Total Carbohydrates": "47.5g", "Dietary Fiber": "1.3g", "Protein": "6.4g", "Sugars": "14g", "Vitamin A": "365IU", "Vitamin C": "0mg", "Calcium": "64mg", "Iron": "2mg", "Thiamin": "0mg", "Niacin": "4mg", "Vitamin B6": "0mg", "Magnesium": "17mg", "Folate": "93mcg"}, "Nutrition": {"Calories": "288", "Total Fat": "8g", "Saturated Fat": "2.0g", "Cholesterol": "27mg", "Sodium": "94mg", "Potassium": "169mg", "Total Carbohydrates": "47.5g", "Dietary Fiber": "1.3g", "Protein": "6.4g", "Sugars": "14g", "Vitamin A": "365IU", "Vitamin C": "0mg", "Calcium": "64mg", "Iron": "2mg", "Thiamin": "0mg", "Niacin": "4mg", "Vitamin B6": "0mg", "Magnesium": "17mg", "Folate": "93mcg"}, "Ingredients": ["1/8 (0.6 ounce) cake compressed fresh yeast", "3 ml warm water (110 degrees F/45 degrees C)", "15 ml milk", "6 g white sugar", "6 g margarine", "1/8 eggs", "0.6 ml vanilla extract", "1/8 pinch salt", "30 g all-purpose flour", "6 g golden raisins", "0.8 g butter, melted", "0.1 g ground cinnamon", "10 g white rice", "25 ml cold milk", "0.8 g butter", "3 g white sugar", "1/8 pinch salt"]}, "221395/simple-golabki/": {"General": {"Title": "Simple Golabki", "Reference": "221395/simple-golabki/", "Popularity": "43", "Rating": "4.29629611968994", "Region": "eastern-european", "Calories": "225", "Total Fat": "9.6g", "Saturated Fat": "4.0g", "Cholesterol": "50mg", "Sodium": "1432mg", "Potassium": "791mg", "Total Carbohydrates": "18.7g", "Dietary Fiber": "6.6g", "Protein": "18.2g", "Sugars": "10g", "Vitamin A": "347IU", "Vitamin C": "86mg", "Calcium": "133mg", "Iron": "4mg", "Thiamin": "0mg", "Niacin": "7mg", "Vitamin B6": "1mg", "Magnesium": "53mg", "Folate": "104mcg"}, "Nutrition": {"Calories": "225", "Total Fat": "9.6g", "Saturated Fat": "4.0g", "Cholesterol": "50mg", "Sodium": "1432mg", "Potassium": "791mg", "Total Carbohydrates": "18.7g", "Dietary Fiber": "6.6g", "Protein": "18.2g", "Sugars": "10g", "Vitamin A": "347IU", "Vitamin C": "86mg", "Calcium": "133mg", "Iron": "4mg", "Thiamin": "0mg", "Niacin": "7mg", "Vitamin B6": "1mg", "Magnesium": "53mg", "Folate": "104mcg"}, "Ingredients": ["75 g lean ground beef", "1/8 head cabbage, chopped", "1/8 onion, chopped (optional)", "1/8 clove garlic", "10 ml water", "1/8 (28 ounce) can diced tomatoes", "3 g salt", "0.4 g ground black pepper", "10 ml water"]}, "206164/bosnian-style-cornbread-razljevak/": {"General": {"Title": "Bosnian Style Cornbread (Razljevak)", "Reference": "206164/bosnian-style-cornbread-razljevak/", "Popularity": "9", "Rating": "4.22222232818604", "Region": "eastern-european", "Calories": "245", "Total Fat": "14.6g", "Saturated Fat": "3.0g", "Cholesterol": "64mg", "Sodium": "557mg", "Potassium": "150mg", "Total Carbohydrates": "22g", "Dietary Fiber": "0.8g", "Protein": "6.6g", "Sugars": "3g", "Vitamin A": "112IU", "Vitamin C": "1mg", "Calcium": "128mg", "Iron": "1mg", "Thiamin": "0mg", "Niacin": "3mg", "Vitamin B6": "0mg", "Magnesium": "17mg", "Folate": "50mcg"}, "Nutrition": {"Calories": "245", "Total Fat": "14.6g", "Saturated Fat": "3.0g", "Cholesterol": "64mg", "Sodium": "557mg", "Potassium": "150mg", "Total Carbohydrates": "22g", "Dietary Fiber": "0.8g", "Protein": "6.6g", "Sugars": "3g", "Vitamin A": "112IU", "Vitamin C": "1mg", "Calcium": "128mg", "Iron": "1mg", "Thiamin": "0mg", "Niacin": "3mg", "Vitamin B6": "0mg", "Magnesium": "17mg", "Folate": "50mcg"}, "Ingredients": ["1 g cornmeal for dusting", "10 g all-purpose flour", "7 g semolina flour", "6 g cornmeal", "0.8 g baking powder", "1 g salt", "3/8 eggs, lightly beaten", "60 ml buttermilk, or more as needed", "15 ml vegetable oil"]}, "25202/beef-stroganoff-iii/": {"General": {"Title": "Beef Stroganoff III", "Reference": "25202/beef-stroganoff-iii/", "Popularity": "4k", "Rating": "4.58566617965698", "Region": "eastern-european", "Calories": "304", "Total Fat": "23g", "Saturated Fat": "12.0g", "Cholesterol": "83mg", "Sodium": "619mg", "Potassium": "213mg", "Total Carbohydrates": "5.7g", "Dietary Fiber": "0.9g", "Protein": "16.6g", "Sugars": "1g", "Vitamin A": "488IU", "Vitamin C": "2mg", "Calcium": "33mg", "Iron": "2mg", "Thiamin": "0mg", "Niacin": "5mg", "Vitamin B6": "0mg", "Magnesium": "19mg", "Folate": "21mcg"}, "Nutrition": {"Calories": "304", "Total Fat": "23g", "Saturated Fat": "12.0g", "Cholesterol": "83mg", "Sodium": "619mg", "Potassium": "213mg", "Total Carbohydrates": "5.7g", "Dietary Fiber": "0.9g", "Protein": "16.6g", "Sugars": "1g", "Vitamin A": "488IU", "Vitamin C": "2mg", "Calcium": "33mg", "Iron": "2mg", "Thiamin": "0mg", "Niacin": "5mg", "Vitamin B6": "0mg", "Magnesium": "19mg", "Folate": "21mcg"}, "Ingredients": ["115 g beef chuck roast", "0.4 g salt", "0.1 g ground black pepper", "15 g butter", "1/2 green onions, sliced (white parts only)", "4 g all-purpose flour", "1/8 (10.5 ounce) can condensed beef broth", "0.6 ml prepared mustard", "1/8 (6 ounce) can sliced mushrooms, drained", "10 g sour cream", "10 ml white wine", "salt to taste", "ground black pepper to taste"]}, "17897/hungarian-mushroom-soup/": {"General": {"Title": "Hungarian Mushroom Soup", "Reference": "17897/hungarian-mushroom-soup/", "Popularity": "2k", "Rating": "4.73101282119751", "Region": "eastern-european", "Calories": "201", "Total Fat": "13.5g", "Saturated Fat": "8.0g", "Cholesterol": "32mg", "Sodium": "829mg", "Potassium": "542mg", "Total Carbohydrates": "14.8g", "Dietary Fiber": "2.4g", "Protein": "7.5g", "Sugars": "6g", "Vitamin A": "1271IU", "Vitamin C": "11mg", "Calcium": "103mg", "Iron": "2mg", "Thiamin": "0mg", "Niacin": "6mg", "Vitamin B6": "0mg", "Magnesium": "27mg", "Folate": "41mcg"}, "Nutrition": {"Calories": "201", "Total Fat": "13.5g", "Saturated Fat": "8.0g", "Cholesterol": "32mg", "Sodium": "829mg", "Potassium": "542mg", "Total Carbohydrates": "14.8g", "Dietary Fiber": "2.4g", "Protein": "7.5g", "Sugars": "6g", "Vitamin A": "1271IU", "Vitamin C": "11mg", "Calcium": "103mg", "Iron": "2mg", "Thiamin": "0mg", "Niacin": "6mg", "Vitamin B6": "0mg", "Magnesium": "27mg", "Folate": "41mcg"}, "Ingredients": ["9 g unsalted butter", "55 g chopped onions", "75 g fresh mushrooms, sliced", "0.3 g dried dill weed", "1 g paprika", "3 ml soy sauce", "80 ml chicken broth", "40 ml milk", "4 g all-purpose flour", "1 g salt", "ground black pepper to taste", "2 ml lemon juice", "3 g chopped fresh parsley", "20 g sour cream"]}, "10192/russian-tea-cakes-i/": {"General": {"Title": "Russian Tea Cakes I", "Reference": "10192/russian-tea-cakes-i/", "Popularity": "2k", "Rating": "4.69166040420532", "Region": "eastern-european", "Calories": "102", "Total Fat": "7.3g", "Saturated Fat": "3.0g", "Cholesterol": "14mg", "Sodium": "37mg", "Potassium": "24mg", "Total Carbohydrates": "8.2g", "Dietary Fiber": "0.4g", "Protein": "1.3g", "Sugars": "3g", "Vitamin A": "158IU", "Vitamin C": "0mg", "Calcium": "6mg", "Iron": "0mg", "Thiamin": "0mg", "Niacin": "1mg", "Vitamin B6": "0mg", "Magnesium": "7mg", "Folate": "16mcg"}, "Nutrition": {"Calories": "102", "Total Fat": "7.3g", "Saturated Fat": "3.0g", "Cholesterol": "14mg", "Sodium": "37mg", "Potassium": "24mg", "Total Carbohydrates": "8.2g", "Dietary Fiber": "0.4g", "Protein": "1.3g", "Sugars": "3g", "Vitamin A": "158IU", "Vitamin C": "0mg", "Calcium": "6mg", "Iron": "0mg", "Thiamin": "0mg", "Niacin": "1mg", "Vitamin B6": "0mg", "Magnesium": "7mg", "Folate": "16mcg"}, "Ingredients": ["6 g butter", "0.1 ml vanilla extract", "1 g confectioners' sugar", "7 g all-purpose flour", "3 g chopped walnuts", "1 g confectioners' sugar for decoration"]}, "26661/stuffed-cabbage-rolls/": {"General": {"Title": "Stuffed Cabbage Rolls", "Reference": "26661/stuffed-cabbage-rolls/", "Popularity": "2k", "Rating": "4.34585905075073", "Region": "eastern-european", "Calories": "223", "Total Fat": "13.1g", "Saturated Fat": "5.0g", "Cholesterol": "66mg", "Sodium": "657mg", "Potassium": "338mg", "Total Carbohydrates": "13.3g", "Dietary Fiber": "0.9g", "Protein": "12.8g", "Sugars": "3g", "Vitamin A": "1783IU", "Vitamin C": "25mg", "Calcium": "33mg", "Iron": "2mg", "Thiamin": "0mg", "Niacin": "6mg", "Vitamin B6": "0mg", "Magnesium": "26mg", "Folate": "37mcg"}, "Nutrition": {"Calories": "223", "Total Fat": "13.1g", "Saturated Fat": "5.0g", "Cholesterol": "66mg", "Sodium": "657mg", "Potassium": "338mg", "Total Carbohydrates": "13.3g", "Dietary Fiber": "0.9g", "Protein": "12.8g", "Sugars": "3g", "Vitamin A": "1783IU", "Vitamin C": "25mg", "Calcium": "33mg", "Iron": "2mg", "Thiamin": "0mg", "Niacin": "6mg", "Vitamin B6": "0mg", "Magnesium": "26mg", "Folate": "37mcg"}, "Ingredients": ["20 ml water", "8 g uncooked white rice", "1 cabbage leaves", "55 g lean ground beef", "5 g chopped onion", "1/8 egg, slightly beaten", "0.8 g salt", "0.1 g ground black pepper", "1/8 (10.75 ounce) can condensed tomato soup"]}, "80773/russian-mushroom-and-potato-soup/": {"General": {"Title": "Russian Mushroom and Potato Soup", "Reference": "80773/russian-mushroom-and-potato-soup/", "Popularity": "1k", "Rating": "4.74782609939575", "Region": "eastern-european", "Calories": "167", "Total Fat": "7.7g", "Saturated Fat": "5.0g", "Cholesterol": "23mg", "Sodium": "928mg", "Potassium": "541mg", "Total Carbohydrates": "21.2g", "Dietary Fiber": "2.7g", "Protein": "4.5g", "Sugars": "3g", "Vitamin A": "2490IU", "Vitamin C": "19mg", "Calcium": "50mg", "Iron": "1mg", "Thiamin": "0mg", "Niacin": "3mg", "Vitamin B6": "0mg", "Magnesium": "30mg", "Folate": "36mcg"}, "Nutrition": {"Calories": "167", "Total Fat": "7.7g", "Saturated Fat": "5.0g", "Cholesterol": "23mg", "Sodium": "928mg", "Potassium": "541mg", "Total Carbohydrates": "21.2g", "Dietary Fiber": "2.7g", "Protein": "4.5g", "Sugars": "3g", "Vitamin A": "2490IU", "Vitamin C": "19mg", "Calcium": "50mg", "Iron": "1mg", "Thiamin": "0mg", "Niacin": "3mg", "Vitamin B6": "0mg", "Magnesium": "30mg", "Folate": "36mcg"}, "Ingredients": ["6 g butter, divided", "1/8 leeks, chopped", "1/8 large carrots, sliced", "120 ml chicken broth", "0.2 g dried dill weed", "1 g salt", "0 g ground black pepper", "1/8 bay leaf", "75 g potatoes, peeled and diced", "40 g fresh mushrooms, sliced", "20 ml half-and-half", "3 g all-purpose flour", "fresh dill weed, for garnish (optional)"]}, "14714/kielbasa-and-cabbage/": {"General": {"Title": "Kielbasa and Cabbage", "Reference": "14714/kielbasa-and-cabbage/", "Popularity": "1k", "Rating": "4.52544689178467", "Region": "eastern-european", "Calories": "377", "Total Fat": "26g", "Saturated Fat": "9.0g", "Cholesterol": "63mg", "Sodium": "952mg", "Potassium": "632mg", "Total Carbohydrates": "20.2g", "Dietary Fiber": "6g", "Protein": "17.2g", "Sugars": "12g", "Vitamin A": "253IU", "Vitamin C": "79mg", "Calcium": "108mg", "Iron": "2mg", "Thiamin": "1mg", "Niacin": "5mg", "Vitamin B6": "0mg", "Magnesium": "44mg", "Folate": "95mcg"}, "Nutrition": {"Calories": "377", "Total Fat": "26g", "Saturated Fat": "9.0g", "Cholesterol": "63mg", "Sodium": "952mg", "Potassium": "632mg", "Total Carbohydrates": "20.2g", "Dietary Fiber": "6g", "Protein": "17.2g", "Sugars": "12g", "Vitamin A": "253IU", "Vitamin C": "79mg", "Calcium": "108mg", "Iron": "2mg", "Thiamin": "1mg", "Niacin": "5mg", "Vitamin B6": "0mg", "Magnesium": "44mg", "Folate": "95mcg"}, "Ingredients": ["1 slice bacon", "10 ml water", "4 g white sugar", "1/8 onion, chopped", "0.9 g minced garlic", "0.1 g crushed red pepper flakes", "0.2 g seasoning salt", "1 g caraway seed", "1/8 large head cabbage, cut into small wedges", "75 g Polish kielbasa"]}, "70589/serbian-ground-beef-veggie-and-potato-bake/": {"General": {"Title": "Serbian Ground Beef, Veggie, and Potato Bake", "Reference": "70589/serbian-ground-beef-veggie-and-potato-bake/", "Popularity": "671", "Rating": "4.41500759124756", "Region": "eastern-european", "Calories": "367", "Total Fat": "18.1g", "Saturated Fat": "6.0g", "Cholesterol": "72mg", "Sodium": "567mg", "Potassium": "988mg", "Total Carbohydrates": "27.2g", "Dietary Fiber": "5g", "Protein": "22.7g", "Sugars": "4g", "Vitamin A": "3408IU", "Vitamin C": "50mg", "Calcium": "70mg", "Iron": "3mg", "Thiamin": "0mg", "Niacin": "11mg", "Vitamin B6": "1mg", "Magnesium": "58mg", "Folate": "52mcg"}, "Nutrition": {"Calories": "367", "Total Fat": "18.1g", "Saturated Fat": "6.0g", "Cholesterol": "72mg", "Sodium": "567mg", "Potassium": "988mg", "Total Carbohydrates": "27.2g", "Dietary Fiber": "5g", "Protein": "22.7g", "Sugars": "4g", "Vitamin A": "3408IU", "Vitamin C": "50mg", "Calcium": "70mg", "Iron": "3mg", "Thiamin": "0mg", "Niacin": "11mg", "Vitamin B6": "1mg", "Magnesium": "58mg", "Folate": "52mcg"}, "Ingredients": ["115 g ground beef", "4 ml olive oil", "1/4 green bell pepper, chopped", "1/4 onion, chopped", "1/4 carrot, shredded", "1/2 celery stalks, chopped", "0.9 g paprika", "0.8 g salt", "0.4 g black pepper", "0.2 g crushed red pepper", "1/4 pinch ground cinnamon", "1/4 pinch ground cloves", "15 ml water", "7 ml red wine", "1/4 cube beef bouillon", "8 ml half-and-half", "1/2 potatoes, peeled and sliced"]}, "16016/lentil-soup/": {"General": {"Title": "Lentil Soup", "Reference": "16016/lentil-soup/", "Popularity": "624", "Rating": "4.59069776535034", "Region": "eastern-european", "Calories": "255", "Total Fat": "6g", "Saturated Fat": "1.0g", "Cholesterol": "9mg", "Sodium": "1099mg", "Potassium": "747mg", "Total Carbohydrates": "33.3g", "Dietary Fiber": "13.7g", "Protein": "13.7g", "Sugars": "7g", "Vitamin A": "5621IU", "Vitamin C": "21mg", "Calcium": "114mg", "Iron": "4mg", "Thiamin": "0mg", "Niacin": "4mg", "Vitamin B6": "0mg", "Magnesium": "67mg", "Folate": "206mcg"}, "Nutrition": {"Calories": "255", "Total Fat": "6g", "Saturated Fat": "1.0g", "Cholesterol": "9mg", "Sodium": "1099mg", "Potassium": "747mg", "Total Carbohydrates": "33.3g", "Dietary Fiber": "13.7g", "Protein": "13.7g", "Sugars": "7g", "Vitamin A": "5621IU", "Vitamin C": "21mg", "Calcium": "114mg", "Iron": "4mg", "Thiamin": "0mg", "Niacin": "4mg", "Vitamin B6": "0mg", "Magnesium": "67mg", "Folate": "206mcg"}, "Ingredients": ["4 ml olive oil", "1/4 large onions, cubed", "0.4 g minced garlic", "3/8 carrots, diced", "1/4 stalk celery, diced", "80 g crushed tomatoes", "35 g lentils - soaked, rinsed and drained", "0.4 g salt", "0.1 g ground black pepper", "20 ml white wine", "1/4 bay leaves", "205 ml chicken stock", "1/8 sprig fresh parsley, chopped", "0.1 g paprika", "5 g grated Parmesan cheese"]}, "25552/apple-banana-cupcakes/": {"General": {"Title": "Apple Banana Cupcakes", "Reference": "25552/apple-banana-cupcakes/", "Popularity": "469", "Rating": "4.6689977645874", "Region": "eastern-european", "Calories": "151", "Total Fat": "6.3g", "Saturated Fat": "2.0g", "Cholesterol": "16mg", "Sodium": "158mg", "Potassium": "67mg", "Total Carbohydrates": "22.3g", "Dietary Fiber": "0.8g", "Protein": "1.8g", "Sugars": "13g", "Vitamin A": "33IU", "Vitamin C": "1mg", "Calcium": "9mg", "Iron": "1mg", "Thiamin": "0mg", "Niacin": "1mg", "Vitamin B6": "0mg", "Magnesium": "6mg", "Folate": "23mcg"}, "Nutrition": {"Calories": "151", "Total Fat": "6.3g", "Saturated Fat": "2.0g", "Cholesterol": "16mg", "Sodium": "158mg", "Potassium": "67mg", "Total Carbohydrates": "22.3g", "Dietary Fiber": "0.8g", "Protein": "1.8g", "Sugars": "13g", "Vitamin A": "33IU", "Vitamin C": "1mg", "Calcium": "9mg", "Iron": "1mg", "Thiamin": "0mg", "Niacin": "1mg", "Vitamin B6": "0mg", "Magnesium": "6mg", "Folate": "23mcg"}, "Ingredients": ["10 g all-purpose flour", "0.2 g baking soda", "0.2 g salt", "0 g ground cinnamon", "0.1 g ground nutmeg", "6 g shortening", "10 g white sugar", "1/8 eggs", "0.2 ml vanilla extract", "2 ml buttermilk", "9 g ripe bananas, mashed", "1/8 apples - peeled, cored and shredded"]}, "94031/sweet-russian-cabbage-soup/": {"General": {"Title": "Sweet Russian Cabbage Soup", "Reference": "94031/sweet-russian-cabbage-soup/", "Popularity": "531", "Rating": "4.6304349899292", "Region": "eastern-european", "Calories": "688", "Total Fat": "35.9g", "Saturated Fat": "14.0g", "Cholesterol": "128mg", "Sodium": "2396mg", "Potassium": "1427mg", "Total Carbohydrates": "55.5g", "Dietary Fiber": "10.4g", "Protein": "36.9g", "Sugars": "42g", "Vitamin A": "6420IU", "Vitamin C": "124mg", "Calcium": "211mg", "Iron": "8mg", "Thiamin": "0mg", "Niacin": "16mg", "Vitamin B6": "1mg", "Magnesium": "89mg", "Folate": "159mcg"}, "Nutrition": {"Calories": "688", "Total Fat": "35.9g", "Saturated Fat": "14.0g", "Cholesterol": "128mg", "Sodium": "2396mg", "Potassium": "1427mg", "Total Carbohydrates": "55.5g", "Dietary Fiber": "10.4g", "Protein": "36.9g", "Sugars": "42g", "Vitamin A": "6420IU", "Vitamin C": "124mg", "Calcium": "211mg", "Iron": "8mg", "Thiamin": "0mg", "Niacin": "16mg", "Vitamin B6": "1mg", "Magnesium": "89mg", "Folate": "159mcg"}, "Ingredients": ["170 g ground lean beef", "1/4 (14.5 ounce) can diced tomatoes", "1/4 (8 ounce) can tomato sauce", "1 cube beef bouillon", "1/2 medium carrots, shredded", "1/4 onion, chopped", "8 ml white vinegar", "25 g white sugar", "2 g salt", "0.3 g ground black pepper", "470 ml water, divided", "3/4 clove garlic, finely chopped", "1/4 head cabbage, cored and cut into wedges"]}, "84450/ukrainian-red-borscht-soup/": {"General": {"Title": "Ukrainian Red Borscht Soup", "Reference": "84450/ukrainian-red-borscht-soup/", "Popularity": "590", "Rating": "4.46699285507202", "Region": "eastern-european", "Calories": "257", "Total Fat": "13.8g", "Saturated Fat": "5.0g", "Cholesterol": "31mg", "Sodium": "626mg", "Potassium": "837mg", "Total Carbohydrates": "24.4g", "Dietary Fiber": "4.8g", "Protein": "10.1g", "Sugars": "8g", "Vitamin A": "3665IU", "Vitamin C": "39mg", "Calcium": "78mg", "Iron": "2mg", "Thiamin": "0mg", "Niacin": "5mg", "Vitamin B6": "0mg", "Magnesium": "43mg", "Folate": "67mcg"}, "Nutrition": {"Calories": "257", "Total Fat": "13.8g", "Saturated Fat": "5.0g", "Cholesterol": "31mg", "Sodium": "626mg", "Potassium": "837mg", "Total Carbohydrates": "24.4g", "Dietary Fiber": "4.8g", "Protein": "10.1g", "Sugars": "8g", "Vitamin A": "3665IU", "Vitamin C": "39mg", "Calcium": "78mg", "Iron": "2mg", "Thiamin": "0mg", "Niacin": "5mg", "Vitamin B6": "0mg", "Magnesium": "43mg", "Folate": "67mcg"}, "Ingredients": ["1/8 (16 ounce) package pork sausage", "1/4 medium beets, peeled and shredded", "1/4 carrots, peeled and shredded", "1/4 medium baking potatoes, peeled and cubed", "2 ml vegetable oil", "1/8 medium onion, chopped", "1/8 (6 ounce) can tomato paste", "20 ml water", "1/8 medium head cabbage, cored and shredded", "1/8 (8 ounce) can diced tomatoes, drained", "1/4 clove garlic, minced", "salt and pepper to taste", "0.4 g white sugar, or to taste", "10 g sour cream, for topping", "0.4 g chopped fresh parsley for garnish"]}}