{"15704/chocolate-decadence-yule-log/": {"General": {"Title": "Chocolate Decadence Yule Log", "Reference": "15704/chocolate-decadence-yule-log/", "Popularity": "104", "Rating": "3.92647051811218", "Region": "french", "Calories": "377", "Total Fat": "14.1g", "Saturated Fat": "8.0g", "Cholesterol": "98mg", "Sodium": "230mg", "Potassium": "98mg", "Total Carbohydrates": "58.8g", "Dietary Fiber": "1.6g", "Protein": "6g", "Sugars": "50g", "Vitamin A": "353IU", "Vitamin C": "0mg", "Calcium": "44mg", "Iron": "2mg", "Thiamin": "0mg", "Niacin": "2mg", "Vitamin B6": "0mg", "Magnesium": "21mg", "Folate": "26mcg"}, "Nutrition": {"Calories": "377", "Total Fat": "14.1g", "Saturated Fat": "8.0g", "Cholesterol": "98mg", "Sodium": "230mg", "Potassium": "98mg", "Total Carbohydrates": "58.8g", "Dietary Fiber": "1.6g", "Protein": "6g", "Sugars": "50g", "Vitamin A": "353IU", "Vitamin C": "0mg", "Calcium": "44mg", "Iron": "2mg", "Thiamin": "0mg", "Niacin": "2mg", "Vitamin B6": "0mg", "Magnesium": "21mg", "Folate": "26mcg"}, "Ingredients": ["7 g all-purpose flour", "0.2 g baking powder", "0.2 g salt", "3/8 eggs", "10 g white sugar", "1/8 (1 ounce) square unsweetened chocolate", "3 ml water", "3 ml coffee-flavored liqueur", "2 g white sugar", "0.1 g baking soda", "confectioners' sugar for dusting", "3/8 (1 ounce) square semisweet baking chocolate", "1/8 (8 ounce) package cream cheese, softened", "30 g confectioners' sugar", "0.2 ml vanilla extract", "1 ml coffee flavored liqueur"]}, "223506/poulet-de-provencal/": {"General": {"Title": "Profile Menu", "Reference": "223506/poulet-de-provencal/", "Popularity": "125", "Rating": "4.69090890884399", "Region": "french", "Calories": ""}, "Nutrition": {"Calories": ""}, "Ingredients": ["3 ml olive oil", "1 g butter", "9 ml balsamic vinegar", "3 ml Dijon mustard", "3/4 large clove garlic, chopped", "1 (4 ounce) skinless, boneless chicken breast halves, pounded flat", "20 ml chicken stock", "1/4 large shallot, chopped", "50 g cremini mushrooms, chopped", "20 ml chicken stock", "0.1 g herbes de Provence, crumbled", "2 ml balsamic vinegar", "salt and ground black pepper to taste", "1/2 slice provolone cheese, halved"]}, "246439/gratin-dauphinois-de-solange/": {"General": {"Title": "Gratin Dauphinois de Solange", "Reference": "246439/gratin-dauphinois-de-solange/", "Popularity": "13", "Rating": "4.875", "Region": "french", "Calories": "627", "Total Fat": "49.9g", "Saturated Fat": "31.0g", "Cholesterol": "180mg", "Sodium": "209mg", "Potassium": "746mg", "Total Carbohydrates": "29.5g", "Dietary Fiber": "3.3g", "Protein": "17.2g", "Sugars": "1g", "Vitamin A": "1845IU", "Vitamin C": "31mg", "Calcium": "493mg", "Iron": "1mg", "Thiamin": "0mg", "Niacin": "6mg", "Vitamin B6": "1mg", "Magnesium": "56mg", "Folate": "32mcg"}, "Nutrition": {"Calories": "627", "Total Fat": "49.9g", "Saturated Fat": "31.0g", "Cholesterol": "180mg", "Sodium": "209mg", "Potassium": "746mg", "Total Carbohydrates": "29.5g", "Dietary Fiber": "3.3g", "Protein": "17.2g", "Sugars": "1g", "Vitamin A": "1845IU", "Vitamin C": "31mg", "Calcium": "493mg", "Iron": "1mg", "Thiamin": "0mg", "Niacin": "6mg", "Vitamin B6": "1mg", "Magnesium": "56mg", "Folate": "32mcg"}, "Ingredients": ["1/8 clove garlic, halved", "150 g potatoes, peeled and thinly sliced", "100 ml heavy whipping cream", "40 g freshly grated Comte cheese", "salt and freshly ground black pepper to taste"]}, "190997/traditional-layered-french-croissants/": {"General": {"Title": "Traditional Layered French Croissants", "Reference": "190997/traditional-layered-french-croissants/", "Popularity": "51", "Rating": "4.35294103622437", "Region": "french", "Calories": "213", "Total Fat": "14g", "Saturated Fat": "9.0g", "Cholesterol": "45mg", "Sodium": "140mg", "Potassium": "60mg", "Total Carbohydrates": "18.8g", "Dietary Fiber": "0.7g", "Protein": "3.2g", "Sugars": "2g", "Vitamin A": "456IU", "Vitamin C": "0mg", "Calcium": "23mg", "Iron": "1mg", "Thiamin": "0mg", "Niacin": "2mg", "Vitamin B6": "0mg", "Magnesium": "7mg", "Folate": "55mcg"}, "Nutrition": {"Calories": "213", "Total Fat": "14g", "Saturated Fat": "9.0g", "Cholesterol": "45mg", "Sodium": "140mg", "Potassium": "60mg", "Total Carbohydrates": "18.8g", "Dietary Fiber": "0.7g", "Protein": "3.2g", "Sugars": "2g", "Vitamin A": "456IU", "Vitamin C": "0mg", "Calcium": "23mg", "Iron": "1mg", "Thiamin": "0mg", "Niacin": "2mg", "Vitamin B6": "0mg", "Magnesium": "7mg", "Folate": "55mcg"}, "Ingredients": ["0.7 g all-purpose flour", "15 g unsalted butter, at room temperature", "20 g all-purpose flour, divided", "0.1 g salt", "2 g sugar", "1/8 (.25 ounce) package active dry yeast", "2 ml lukewarm water", "10 ml milk", "5 ml heavy cream", "1/8 egg", "0.6 ml water"]}, "83905/calis-sinful-creme-brulee/": {"General": {"Title": "Cali's Sinful Creme Brulee", "Reference": "83905/calis-sinful-creme-brulee/", "Popularity": "102", "Rating": "4.59154939651489", "Region": "french", "Calories": "680", "Total Fat": "55.8g", "Saturated Fat": "33.0g", "Cholesterol": "419mg", "Sodium": "58mg", "Potassium": "192mg", "Total Carbohydrates": "42.6g", "Dietary Fiber": "1.2g", "Protein": "6.6g", "Sugars": "37g", "Vitamin A": "2049IU", "Vitamin C": "1mg", "Calcium": "111mg", "Iron": "1mg", "Thiamin": "0mg", "Niacin": "2mg", "Vitamin B6": "0mg", "Magnesium": "34mg", "Folate": "38mcg"}, "Nutrition": {"Calories": "680", "Total Fat": "55.8g", "Saturated Fat": "33.0g", "Cholesterol": "419mg", "Sodium": "58mg", "Potassium": "192mg", "Total Carbohydrates": "42.6g", "Dietary Fiber": "1.2g", "Protein": "6.6g", "Sugars": "37g", "Vitamin A": "2049IU", "Vitamin C": "1mg", "Calcium": "111mg", "Iron": "1mg", "Thiamin": "0mg", "Niacin": "2mg", "Vitamin B6": "0mg", "Magnesium": "34mg", "Folate": "38mcg"}, "Ingredients": ["20 g semi-sweet chocolate chips", "120 ml heavy cream", "10 g white sugar", "1/4 pinch salt", "3 ml vanilla extract", "1-1/4 egg yolks", "10 g white sugar"]}, "16905/beef-bourguignon-ii/": {"General": {"Title": "Beef Bourguignon II", "Reference": "16905/beef-bourguignon-ii/", "Popularity": "571", "Rating": "4.44901323318481", "Region": "french", "Calories": "583", "Total Fat": "31g", "Saturated Fat": "15.0g", "Cholesterol": "125mg", "Sodium": "1333mg", "Potassium": "730mg", "Total Carbohydrates": "21.9g", "Dietary Fiber": "4.1g", "Protein": "32.2g", "Sugars": "7g", "Vitamin A": "5701IU", "Vitamin C": "13mg", "Calcium": "112mg", "Iron": "4mg", "Thiamin": "0mg", "Niacin": "10mg", "Vitamin B6": "1mg", "Magnesium": "57mg", "Folate": "57mcg"}, "Nutrition": {"Calories": "583", "Total Fat": "31g", "Saturated Fat": "15.0g", "Cholesterol": "125mg", "Sodium": "1333mg", "Potassium": "730mg", "Total Carbohydrates": "21.9g", "Dietary Fiber": "4.1g", "Protein": "32.2g", "Sugars": "7g", "Vitamin A": "5701IU", "Vitamin C": "13mg", "Calcium": "112mg", "Iron": "4mg", "Thiamin": "0mg", "Niacin": "10mg", "Vitamin B6": "1mg", "Magnesium": "57mg", "Folate": "57mcg"}, "Ingredients": ["8 g all-purpose flour", "2 g salt", "0.3 g ground black pepper", "225 g cubed stew meat", "15 g butter", "1/4 onion, chopped", "1/2 carrots, chopped", "1/4 clove garlic, minced", "120 ml red wine", "1/4 bay leaf", "3 g chopped fresh parsley", "0.2 g dried thyme", "1/4 (6 ounce) can sliced mushrooms", "1/4 (16 ounce) can canned onions"]}, "222387/chef-johns-creme-fraiche/": {"General": {"Title": "Chef John's Creme Fraiche ", "Reference": "222387/chef-johns-creme-fraiche/", "Popularity": "291", "Rating": "4.85074615478516", "Region": "french", "Calories": "52", "Total Fat": "5.5g", "Saturated Fat": "3.0g", "Cholesterol": "20mg", "Sodium": "7mg", "Potassium": "13mg", "Total Carbohydrates": "0.5g", "Dietary Fiber": "0g", "Protein": "0.4g", "Sugars": "0g", "Vitamin A": "219IU", "Vitamin C": "0mg", "Calcium": "11mg", "Iron": "0mg", "Thiamin": "0mg", "Niacin": "0mg", "Vitamin B6": "0mg", "Magnesium": "1mg", "Folate": "1mcg"}, "Nutrition": {"Calories": "52", "Total Fat": "5.5g", "Saturated Fat": "3.0g", "Cholesterol": "20mg", "Sodium": "7mg", "Potassium": "13mg", "Total Carbohydrates": "0.5g", "Dietary Fiber": "0g", "Protein": "0.4g", "Sugars": "0g", "Vitamin A": "219IU", "Vitamin C": "0mg", "Calcium": "11mg", "Iron": "0mg", "Thiamin": "0mg", "Niacin": "0mg", "Vitamin B6": "0mg", "Magnesium": "1mg", "Folate": "1mcg"}, "Ingredients": ["15 ml heavy cream", "1 ml cultured buttermilk"]}, "16386/french-onion-soup-v/": {"General": {"Title": "Profile Menu", "Reference": "16386/french-onion-soup-v/", "Popularity": "239", "Rating": "4.4657039642334", "Region": "french", "Calories": ""}, "Nutrition": {"Calories": ""}, "Ingredients": ["5/8 onions, chopped", "7 g butter", "4 g all-purpose flour", "0.4 g ground black pepper", "0.7 g white sugar", "1/2 (10.5 ounce) can beef broth", "50 ml water", "0 g dried parsley", "0.1 g dried thyme", "40 ml white wine", "1/8 French baguette, cut into 1/2 inch slices", "35 g shredded mozzarella cheese"]}, "239230/chef-johns-coq-au-vin/": {"General": {"Title": "Chef John's Coq Au Vin", "Reference": "239230/chef-johns-coq-au-vin/", "Popularity": "1k", "Rating": "4.85213994979858", "Region": "french", "Calories": "337", "Total Fat": "18g", "Saturated Fat": "6.0g", "Cholesterol": "82mg", "Sodium": "582mg", "Potassium": "473mg", "Total Carbohydrates": "7.9g", "Dietary Fiber": "0.8g", "Protein": "24.4g", "Sugars": "2g", "Vitamin A": "380IU", "Vitamin C": "4mg", "Calcium": "27mg", "Iron": "2mg", "Thiamin": "0mg", "Niacin": "11mg", "Vitamin B6": "0mg", "Magnesium": "35mg", "Folate": "21mcg"}, "Nutrition": {"Calories": "337", "Total Fat": "18g", "Saturated Fat": "6.0g", "Cholesterol": "82mg", "Sodium": "582mg", "Potassium": "473mg", "Total Carbohydrates": "7.9g", "Dietary Fiber": "0.8g", "Protein": "24.4g", "Sugars": "2g", "Vitamin A": "380IU", "Vitamin C": "4mg", "Calcium": "27mg", "Iron": "2mg", "Thiamin": "0mg", "Niacin": "11mg", "Vitamin B6": "0mg", "Magnesium": "35mg", "Folate": "21mcg"}, "Ingredients": ["1 bone-in, skin-on chicken thighs", "1/8 pinch kosher salt and freshly ground black pepper to taste", "40 g bacon, sliced crosswise into 1/2-inch pieces", "1-3/4 large button mushrooms, quartered", "1/8 large yellow onion, diced", "3/8 shallots, sliced", "0.9 g all-purpose flour", "2 g butter", "60 ml red wine", "1 sprig fresh thyme", "40 ml chicken broth"]}, "8669/chicken-cordon-bleu-ii/": {"General": {"Title": "Chicken Cordon Bleu II", "Reference": "8669/chicken-cordon-bleu-ii/", "Popularity": "9k", "Rating": "4.77749061584473", "Region": "french", "Calories": "584", "Total Fat": "40.9g", "Saturated Fat": "24.0g", "Cholesterol": "195mg", "Sodium": "655mg", "Potassium": "473mg", "Total Carbohydrates": "7.7g", "Dietary Fiber": "0.3g", "Protein": "41.6g", "Sugars": "1g", "Vitamin A": "1399IU", "Vitamin C": "12mg", "Calcium": "272mg", "Iron": "1mg", "Thiamin": "0mg", "Niacin": "23mg", "Vitamin B6": "1mg", "Magnesium": "55mg", "Folate": "17mcg"}, "Nutrition": {"Calories": "584", "Total Fat": "40.9g", "Saturated Fat": "24.0g", "Cholesterol": "195mg", "Sodium": "655mg", "Potassium": "473mg", "Total Carbohydrates": "7.7g", "Dietary Fiber": "0.3g", "Protein": "41.6g", "Sugars": "1g", "Vitamin A": "1399IU", "Vitamin C": "12mg", "Calcium": "272mg", "Iron": "1mg", "Thiamin": "0mg", "Niacin": "23mg", "Vitamin B6": "1mg", "Magnesium": "55mg", "Folate": "17mcg"}, "Ingredients": ["1 skinless, boneless chicken breast halves", "1 slice Swiss cheese", "1 slice ham", "4 g all-purpose flour", "0.4 g paprika", "15 g butter", "20 ml dry white wine", "0.3 g chicken bouillon granules", "1 g cornstarch", "40 ml heavy whipping cream"]}, "15925/creamy-au-gratin-potatoes/": {"General": {"Title": "Creamy Au Gratin Potatoes", "Reference": "15925/creamy-au-gratin-potatoes/", "Popularity": "7k", "Rating": "4.52637767791748", "Region": "french", "Calories": "499", "Total Fat": "25.4g", "Saturated Fat": "16.0g", "Cholesterol": "77mg", "Sodium": "683mg", "Potassium": "1184mg", "Total Carbohydrates": "49.3g", "Dietary Fiber": "4.4g", "Protein": "19.8g", "Sugars": "9g", "Vitamin A": "939IU", "Vitamin C": "19mg", "Calcium": "484mg", "Iron": "2mg", "Thiamin": "0mg", "Niacin": "7mg", "Vitamin B6": "1mg", "Magnesium": "77mg", "Folate": "78mcg"}, "Nutrition": {"Calories": "499", "Total Fat": "25.4g", "Saturated Fat": "16.0g", "Cholesterol": "77mg", "Sodium": "683mg", "Potassium": "1184mg", "Total Carbohydrates": "49.3g", "Dietary Fiber": "4.4g", "Protein": "19.8g", "Sugars": "9g", "Vitamin A": "939IU", "Vitamin C": "19mg", "Calcium": "484mg", "Iron": "2mg", "Thiamin": "0mg", "Niacin": "7mg", "Vitamin B6": "1mg", "Magnesium": "77mg", "Folate": "78mcg"}, "Ingredients": ["1 russet potatoes, sliced into 1/4 inch slices", "1/4 onion, sliced into rings", "salt and pepper to taste", "10 g butter", "6 g all-purpose flour", "0.8 g salt", "120 ml milk", "40 g shredded Cheddar cheese"]}, "16383/basic-crepes/": {"General": {"Title": "Basic Crepes", "Reference": "16383/basic-crepes/", "Popularity": "6k", "Rating": "4.63456344604492", "Region": "french", "Calories": "216", "Total Fat": "9.2g", "Saturated Fat": "5.0g", "Cholesterol": "111mg", "Sodium": "235mg", "Potassium": "115mg", "Total Carbohydrates": "25.5g", "Dietary Fiber": "0.8g", "Protein": "7.4g", "Sugars": "2g", "Vitamin A": "357IU", "Vitamin C": "0mg", "Calcium": "56mg", "Iron": "2mg", "Thiamin": "0mg", "Niacin": "3mg", "Vitamin B6": "0mg", "Magnesium": "14mg", "Folate": "71mcg"}, "Nutrition": {"Calories": "216", "Total Fat": "9.2g", "Saturated Fat": "5.0g", "Cholesterol": "111mg", "Sodium": "235mg", "Potassium": "115mg", "Total Carbohydrates": "25.5g", "Dietary Fiber": "0.8g", "Protein": "7.4g", "Sugars": "2g", "Vitamin A": "357IU", "Vitamin C": "0mg", "Calcium": "56mg", "Iron": "2mg", "Thiamin": "0mg", "Niacin": "3mg", "Vitamin B6": "0mg", "Magnesium": "14mg", "Folate": "71mcg"}, "Ingredients": ["30 g all-purpose flour", "1/2 eggs", "30 ml milk", "30 ml water", "0.4 g salt", "7 g butter, melted"]}, "8495/chicken-cordon-bleu-i/": {"General": {"Title": "Chicken Cordon Bleu I", "Reference": "8495/chicken-cordon-bleu-i/", "Popularity": "4k", "Rating": "4.61169767379761", "Region": "french", "Calories": "419", "Total Fat": "19.4g", "Saturated Fat": "10.0g", "Cholesterol": "124mg", "Sodium": "932mg", "Potassium": "457mg", "Total Carbohydrates": "12.6g", "Dietary Fiber": "0.8g", "Protein": "46.1g", "Sugars": "1g", "Vitamin A": "407IU", "Vitamin C": "12mg", "Calcium": "379mg", "Iron": "2mg", "Thiamin": "0mg", "Niacin": "25mg", "Vitamin B6": "1mg", "Magnesium": "60mg", "Folate": "25mcg"}, "Nutrition": {"Calories": "419", "Total Fat": "19.4g", "Saturated Fat": "10.0g", "Cholesterol": "124mg", "Sodium": "932mg", "Potassium": "457mg", "Total Carbohydrates": "12.6g", "Dietary Fiber": "0.8g", "Protein": "46.1g", "Sugars": "1g", "Vitamin A": "407IU", "Vitamin C": "12mg", "Calcium": "379mg", "Iron": "2mg", "Thiamin": "0mg", "Niacin": "25mg", "Vitamin B6": "1mg", "Magnesium": "60mg", "Folate": "25mcg"}, "Ingredients": ["1 skinless, boneless chicken breast halves", "0.4 g salt", "0.1 g ground black pepper", "1-1/2 slices Swiss cheese", "1 slice cooked ham", "15 g seasoned bread crumbs"]}, "7028/french-baguettes/": {"General": {"Title": "French Baguettes", "Reference": "7028/french-baguettes/", "Popularity": "2k", "Rating": "4.7673544883728", "Region": "french", "Calories": "113", "Total Fat": "0.9g", "Saturated Fat": "0.0g", "Cholesterol": "17mg", "Sodium": "196mg", "Potassium": "40mg", "Total Carbohydrates": "22g", "Dietary Fiber": "0.8g", "Protein": "3.8g", "Sugars": "1g", "Vitamin A": "21IU", "Vitamin C": "0mg", "Calcium": "7mg", "Iron": "1mg", "Thiamin": "0mg", "Niacin": "3mg", "Vitamin B6": "0mg", "Magnesium": "8mg", "Folate": "66mcg"}, "Nutrition": {"Calories": "113", "Total Fat": "0.9g", "Saturated Fat": "0.0g", "Cholesterol": "17mg", "Sodium": "196mg", "Potassium": "40mg", "Total Carbohydrates": "22g", "Dietary Fiber": "0.8g", "Protein": "3.8g", "Sugars": "1g", "Vitamin A": "21IU", "Vitamin C": "0mg", "Calcium": "7mg", "Iron": "1mg", "Thiamin": "0mg", "Niacin": "3mg", "Vitamin B6": "0mg", "Magnesium": "8mg", "Folate": "66mcg"}, "Ingredients": ["20 ml water", "25 g bread flour", "1 g white sugar", "0.5 g salt", "0.5 g bread machine yeast", "1/8 egg yolk", "1 ml water"]}, "91192/french-onion-soup-gratinee/": {"General": {"Title": "French Onion Soup Gratinee", "Reference": "91192/french-onion-soup-gratinee/", "Popularity": "2k", "Rating": "4.7326922416687", "Region": "french", "Calories": "618", "Total Fat": "35.9g", "Saturated Fat": "21.0g", "Cholesterol": "114mg", "Sodium": "3336mg", "Potassium": "543mg", "Total Carbohydrates": "39.5g", "Dietary Fiber": "4.2g", "Protein": "29.7g", "Sugars": "11g", "Vitamin A": "2758IU", "Vitamin C": "31mg", "Calcium": "759mg", "Iron": "3mg", "Thiamin": "0mg", "Niacin": "8mg", "Vitamin B6": "0mg", "Magnesium": "61mg", "Folate": "111mcg"}, "Nutrition": {"Calories": "618", "Total Fat": "35.9g", "Saturated Fat": "21.0g", "Cholesterol": "114mg", "Sodium": "3336mg", "Potassium": "543mg", "Total Carbohydrates": "39.5g", "Dietary Fiber": "4.2g", "Protein": "29.7g", "Sugars": "11g", "Vitamin A": "2758IU", "Vitamin C": "31mg", "Calcium": "759mg", "Iron": "3mg", "Thiamin": "0mg", "Niacin": "8mg", "Vitamin B6": "0mg", "Magnesium": "61mg", "Folate": "111mcg"}, "Ingredients": ["15 g butter", "2 g salt", "1/2 large red onions, thinly sliced", "1/2 large sweet onions, thinly sliced", "1/4 (48 fluid ounce) can chicken broth", "1/4 (14 ounce) can beef broth", "30 ml red wine", "4 ml Worcestershire sauce", "1/2 sprig fresh parsley", "1/4 sprig fresh thyme leaves", "1/4 bay leaf", "4 ml balsamic vinegar", "salt and freshly ground black pepper to taste", "1 thick slice French or Italian bread", "2 slices Gruyere or Swiss cheese slices, room temperature", "15 g shredded Asiago or mozzarella cheese, room temperature", "1 pinch paprika"]}, "6882/french-bread/": {"General": {"Title": "French Bread", "Reference": "6882/french-bread/", "Popularity": "1k", "Rating": "4.52357339859009", "Region": "french", "Calories": "94", "Total Fat": "0.3g", "Saturated Fat": "0.0g", "Cholesterol": "0mg", "Sodium": "119mg", "Potassium": "41mg", "Total Carbohydrates": "19.5g", "Dietary Fiber": "0.8g", "Protein": "2.9g", "Sugars": "0g", "Vitamin A": "1IU", "Vitamin C": "0mg", "Calcium": "5mg", "Iron": "1mg", "Thiamin": "0mg", "Niacin": "2mg", "Vitamin B6": "0mg", "Magnesium": "6mg", "Folate": "60mcg"}, "Nutrition": {"Calories": "94", "Total Fat": "0.3g", "Saturated Fat": "0.0g", "Cholesterol": "0mg", "Sodium": "119mg", "Potassium": "41mg", "Total Carbohydrates": "19.5g", "Dietary Fiber": "0.8g", "Protein": "2.9g", "Sugars": "0g", "Vitamin A": "1IU", "Vitamin C": "0mg", "Calcium": "5mg", "Iron": "1mg", "Thiamin": "0mg", "Niacin": "2mg", "Vitamin B6": "0mg", "Magnesium": "6mg", "Folate": "60mcg"}, "Ingredients": ["25 g all-purpose flour", "1/8 (.25 ounce) package active dry yeast", "0.3 g salt", "15 ml warm water (110 degrees F/45 degrees C)", "0.3 g cornmeal", "1/8 egg white", "0.5 ml water"]}, "13309/rich-and-simple-french-onion-soup/": {"General": {"Title": "Rich and Simple French Onion Soup", "Reference": "13309/rich-and-simple-french-onion-soup/", "Popularity": "1k", "Rating": "4.59831237792969", "Region": "french", "Calories": "585", "Total Fat": "43.9g", "Saturated Fat": "24.0g", "Cholesterol": "98mg", "Sodium": "1578mg", "Potassium": "432mg", "Total Carbohydrates": "27.9g", "Dietary Fiber": "2.7g", "Protein": "20.9g", "Sugars": "6g", "Vitamin A": "1114IU", "Vitamin C": "9mg", "Calcium": "451mg", "Iron": "2mg", "Thiamin": "0mg", "Niacin": "7mg", "Vitamin B6": "0mg", "Magnesium": "41mg", "Folate": "71mcg"}, "Nutrition": {"Calories": "585", "Total Fat": "43.9g", "Saturated Fat": "24.0g", "Cholesterol": "98mg", "Sodium": "1578mg", "Potassium": "432mg", "Total Carbohydrates": "27.9g", "Dietary Fiber": "2.7g", "Protein": "20.9g", "Sugars": "6g", "Vitamin A": "1114IU", "Vitamin C": "9mg", "Calcium": "451mg", "Iron": "2mg", "Thiamin": "0mg", "Niacin": "7mg", "Vitamin B6": "0mg", "Magnesium": "41mg", "Folate": "71mcg"}, "Ingredients": ["30 g unsalted butter", "8 ml olive oil", "115 g sliced onions", "1 (10.5 ounce) can beef broth", "8 ml dry sherry (optional)", "0.4 g dried thyme", "salt and pepper to taste", "1 slice French bread", "1 slice provolone cheese", "1/2 slice Swiss cheese, diced", "5 g grated Parmesan cheese"]}, "18411/ratatouille/": {"General": {"Title": "Ratatouille", "Reference": "18411/ratatouille/", "Popularity": "1k", "Rating": "4.44830751419067", "Region": "french", "Calories": "251", "Total Fat": "13.5g", "Saturated Fat": "5.0g", "Cholesterol": "18mg", "Sodium": "327mg", "Potassium": "1049mg", "Total Carbohydrates": "24.3g", "Dietary Fiber": "7.4g", "Protein": "12.7g", "Sugars": "13g", "Vitamin A": "1350IU", "Vitamin C": "56mg", "Calcium": "271mg", "Iron": "2mg", "Thiamin": "0mg", "Niacin": "6mg", "Vitamin B6": "0mg", "Magnesium": "71mg", "Folate": "71mcg"}, "Nutrition": {"Calories": "251", "Total Fat": "13.5g", "Saturated Fat": "5.0g", "Cholesterol": "18mg", "Sodium": "327mg", "Potassium": "1049mg", "Total Carbohydrates": "24.3g", "Dietary Fiber": "7.4g", "Protein": "12.7g", "Sugars": "13g", "Vitamin A": "1350IU", "Vitamin C": "56mg", "Calcium": "271mg", "Iron": "2mg", "Thiamin": "0mg", "Niacin": "6mg", "Vitamin B6": "0mg", "Magnesium": "71mg", "Folate": "71mcg"}, "Ingredients": ["8 ml olive oil", "3/4 clove garlic, minced", "0.2 g dried parsley", "1/4 eggplant, cut into 1/2 inch cubes", "salt to taste", "20 g grated Parmesan cheese", "1/2 zucchini, sliced", "1/4 large onion, sliced into rings", "35 g sliced fresh mushrooms", "1/4 green bell pepper, sliced", "1/2 large tomatoes, chopped"]}, "33647/chocolate-ganache/": {"General": {"Title": "Chocolate Ganache", "Reference": "33647/chocolate-ganache/", "Popularity": "1k", "Rating": "4.81244277954102", "Region": "french", "Calories": "142", "Total Fat": "10.8g", "Saturated Fat": "7.0g", "Cholesterol": "21mg", "Sodium": "6mg", "Potassium": "71mg", "Total Carbohydrates": "9.4g", "Dietary Fiber": "1.2g", "Protein": "1.4g", "Sugars": "7g", "Vitamin A": "220IU", "Vitamin C": "0mg", "Calcium": "10mg", "Iron": "0mg", "Thiamin": "0mg", "Niacin": "0mg", "Vitamin B6": "0mg", "Magnesium": "1mg", "Folate": "1mcg"}, "Nutrition": {"Calories": "142", "Total Fat": "10.8g", "Saturated Fat": "7.0g", "Cholesterol": "21mg", "Sodium": "6mg", "Potassium": "71mg", "Total Carbohydrates": "9.4g", "Dietary Fiber": "1.2g", "Protein": "1.4g", "Sugars": "7g", "Vitamin A": "220IU", "Vitamin C": "0mg", "Calcium": "10mg", "Iron": "0mg", "Thiamin": "0mg", "Niacin": "0mg", "Vitamin B6": "0mg", "Magnesium": "1mg", "Folate": "1mcg"}, "Ingredients": ["15 g bittersweet chocolate, chopped", "15 ml heavy cream", "0.9 ml dark rum (optional)"]}, "27188/crepes/": {"General": {"Title": "Crepes", "Reference": "27188/crepes/", "Popularity": "2k", "Rating": "4.76513767242432", "Region": "french", "Calories": "79", "Total Fat": "2.8g", "Saturated Fat": "1.0g", "Cholesterol": "49mg", "Sodium": "30mg", "Potassium": "74mg", "Total Carbohydrates": "9.5g", "Dietary Fiber": "0.3g", "Protein": "3.7g", "Sugars": "2g", "Vitamin A": "119IU", "Vitamin C": "0mg", "Calcium": "44mg", "Iron": "1mg", "Thiamin": "0mg", "Niacin": "1mg", "Vitamin B6": "0mg", "Magnesium": "7mg", "Folate": "26mcg"}, "Nutrition": {"Calories": "79", "Total Fat": "2.8g", "Saturated Fat": "1.0g", "Cholesterol": "49mg", "Sodium": "30mg", "Potassium": "74mg", "Total Carbohydrates": "9.5g", "Dietary Fiber": "0.3g", "Protein": "3.7g", "Sugars": "2g", "Vitamin A": "119IU", "Vitamin C": "0mg", "Calcium": "44mg", "Iron": "1mg", "Thiamin": "0mg", "Niacin": "1mg", "Vitamin B6": "0mg", "Magnesium": "7mg", "Folate": "26mcg"}, "Ingredients": ["1/4 eggs", "30 ml milk", "10 g all-purpose flour", "1/8 pinch salt", "0.9 ml vegetable oil"]}}