,Calcium,Calories,Cholesterol,Dietary Fiber,Folate,Iron,Magnesium,Niacin,Popularity,Potassium,Protein,Rating,Reference,Region,Saturated Fat,Sodium,Sugars,Thiamin,Title,Total Carbohydrates,Total Fat,Vitamin A,Vitamin B6,Vitamin C
Fresh Shrimp Boil,193mg,420,376mg,4g,47mcg,7mg,115mg,15mg,27,709mg,40.1g,5.0,241981/fresh-shrimp-boil/,mexican,8.0g,7527mg,3g,0mg,Fresh Shrimp Boil,19.9g,15.2g,4876IU,1mg,22mg
Low-Carb Jicama Tostadas,18mg,57,0mg,7.4g,18mcg,1mg,18mg,0mg,3,225mg,1.1g,0.0,263162/low-carb-jicama-tostadas/,mexican,0.0g,6mg,3g,0mg,Low-Carb Jicama Tostadas,13.2g,0.1g,32IU,0mg,30mg
Best Fish Tacos ,80mg,322,35mg,3.8g,88mcg,3mg,48mg,6mg,3,591mg,21.2g,5.0,263122/best-fish-tacos/,mexican,3.0g,833mg,2g,0mg,Best Fish Tacos ,34.6g,9g,1043IU,0mg,18mg
Crispy Pork Carnitas,35mg,317,89mg,0.4g,5mcg,2mg,23mg,10mg,268,371mg,25.5g,4.59999990463257,239786/crispy-pork-carnitas/,mexican,6.0g,1036mg,0g,1mg,Crispy Pork Carnitas,2.1g,22.6g,17IU,0mg,2mg
Jeannie's Vegetarian Enchiladas ,376mg,626,59mg,9.6g,193mcg,6mg,77mg,8mg,1,818mg,20.6g,4.0,258250/jeannies-vegetarian-enchiladas/,mexican,15.0g,1138mg,5g,1mg,Jeannie's Vegetarian Enchiladas ,67.2g,31.2g,2569IU,0mg,49mg
Mexican Corn Bread Casserole,168mg,304,101mg,1.9g,58mcg,2mg,28mg,6mg,21,372mg,18.2g,4.5,262261/mexican-corn-bread-casserole/,mexican,8.0g,708mg,4g,0mg,Mexican Corn Bread Casserole,21.5g,16.3g,840IU,0mg,12mg
Cochinita Pibil (Mexican Pulled Pork in Annatto Sauce),56mg,422,122mg,0.9g,28mcg,2mg,49mg,16mg,3,811mg,37.6g,4.66666650772095,259999/cochinita-pibil-mexican-pulled-pork-in-annatto-sauce/,mexican,9.0g,1334mg,5g,2mg,Cochinita Pibil (Mexican Pulled Pork in Annatto Sauce),8.3g,25.6g,158IU,1mg,31mg
Authentic Mexican Chili Rellenos,312mg,263,102mg,1.1g,50mcg,2mg,26mg,3mg,519,217mg,13.1g,4.58823537826538,219646/authentic-mexican-chili-rellenos/,mexican,8.0g,357mg,3g,0mg,Authentic Mexican Chili Rellenos,17.3g,16g,594IU,0mg,65mg
Pollo Adobado,51mg,350,129mg,1.9g,32mcg,2mg,61mg,29mg,5,706mg,47.6g,4.5,240321/pollo-adobado/,mexican,3.0g,937mg,6g,0mg,Pollo Adobado,9.5g,12.7g,3887IU,1mg,71mg
Salsa Chicken,242mg,287,101mg,1g,13mcg,1mg,51mg,20mg,6k,531mg,35.5g,4.623565673828129,16700/salsa-chicken/,mexican,7.0g,863mg,3g,0mg,Salsa Chicken,6.8g,12.4g,543IU,1mg,3mg
Chicken Enchiladas II,340mg,619,60mg,4.1g,137mcg,5mg,48mg,13mg,6k,397mg,26.1g,4.56212091445923,8694/chicken-enchiladas-ii/,mexican,11.0g,1459mg,4g,1mg,Chicken Enchiladas II,66.8g,27.1g,652IU,0mg,14mg
Burrito Pie,159mg,432,68mg,4.7g,62mcg,3mg,45mg,8mg,4k,388mg,19.8g,4.55905294418335,16881/burrito-pie/,mexican,10.0g,847mg,1g,0mg,Burrito Pie,33.3g,23.9g,252IU,0mg,8mg
Chicken Enchiladas I,327mg,498,72mg,3.9g,108mcg,4mg,54mg,13mg,5k,496mg,26.7g,4.479498386383059,8691/chicken-enchiladas-i/,mexican,9.0g,1227mg,3g,0mg,Chicken Enchiladas I,49.7g,15.9g,967IU,0mg,11mg
Angela's Awesome Enchiladas,509mg,709,126mg,4.4g,115mcg,5mg,68mg,18mg,3k,590mg,42.2g,4.71484375,83549/angelas-awesome-enchiladas/,mexican,18.0g,1764mg,4g,0mg,Angela's Awesome Enchiladas,52.5g,36.3g,1422IU,0mg,19mg
Addictive Sweet Potato Burritos,307mg,505,20mg,13.4g,100mcg,5mg,51mg,5mg,2k,503mg,20g,4.26604461669922,13954/addictive-sweet-potato-burritos/,mexican,4.0g,1029mg,5g,1mg,Addictive Sweet Potato Burritos,76.6g,8.5g,13603IU,0mg,15mg
Fish Tacos,145mg,409,54mg,4.9g,65mcg,2mg,49mg,3mg,3k,511mg,17.3g,4.708885192871089,53729/fish-tacos/,mexican,3.0g,407mg,5g,0mg,Fish Tacos,43g,18.8g,251IU,0mg,25mg
Lime Chicken Soft Tacos,78mg,204,37mg,1.4g,40mcg,2mg,22mg,6mg,2k,200mg,16.2g,4.43364572525024,25371/lime-chicken-soft-tacos/,mexican,2.0g,433mg,2g,0mg,Lime Chicken Soft Tacos,18.9g,6.8g,187IU,0mg,4mg
Easy Mexican Casserole,451mg,632,119mg,6.2g,34mcg,3mg,65mg,8mg,2k,925mg,31.7g,4.385772705078129,20680/easy-mexican-casserole/,mexican,23.0g,1308mg,6g,0mg,Easy Mexican Casserole,32.8g,43.7g,1546IU,0mg,8mg
Delicious Black Bean Burritos,204mg,692,47mg,14.8g,101mcg,7mg,26mg,5mg,2k,296mg,21.2g,4.45699453353882,14041/delicious-black-bean-burritos/,mexican,12.0g,1803mg,4g,0mg,Delicious Black Bean Burritos,70.2g,35.8g,1707IU,0mg,42mg
Black Bean and Corn Quesadillas,204mg,363,26mg,6.3g,114mcg,3mg,45mg,5mg,2k,332mg,13.9g,4.61316633224487,104850/black-bean-and-corn-quesadillas/,mexican,7.0g,732mg,3g,0mg,Black Bean and Corn Quesadillas,45.6g,14.5g,332IU,0mg,2mg
Makhani Chicken (Indian Butter Chicken),159mg,492,149mg,3.7g,28mcg,3mg,80mg,23mg,186,950mg,35.8g,4.44508647918701,24782/makhani-chicken-indian-butter-chicken/,indian,14.0g,666mg,10g,0mg,Makhani Chicken (Indian Butter Chicken),19g,28.4g,2441IU,1mg,23mg
Cholay (Curried Chickpeas),72mg,248,0mg,8.3g,116mcg,3mg,57mg,2mg,73,493mg,8.5g,4.02597379684448,67767/cholay-curried-chickpeas/,indian,1.0g,446mg,3g,0mg,Cholay (Curried Chickpeas),40.2g,6.7g,809IU,1mg,17mg
Indian Tomato Chicken,50mg,134,57mg,1.6g,18mcg,2mg,32mg,8mg,282,363mg,14.7g,4.521126747131349,17449/indian-tomato-chicken/,indian,1.0g,547mg,3g,0mg,Indian Tomato Chicken,6.9g,5.4g,139IU,0mg,9mg
Indian Chicken Curry I,53mg,305,81mg,2.8g,24mcg,4mg,64mg,16mg,265,606mg,33g,4.44976091384888,20036/indian-chicken-curry-i/,indian,10.0g,443mg,5g,0mg,Indian Chicken Curry I,9.8g,15.3g,277IU,0mg,8mg
Prawn Malai Curry,142mg,343,175mg,4g,23mcg,5mg,40mg,5mg,15,314mg,25.1g,4.40000009536743,213244/prawn-malai-curry/,indian,13.0g,71mg,3g,0mg,Prawn Malai Curry,13.8g,21.4g,486IU,0mg,8mg
Reshmi Kebab (Silken Kebabs),57mg,293,124mg,1.7g,18mcg,2mg,42mg,21mg,13,401mg,33g,4.40000009536743,34974/reshmi-kebab-silken-kebabs/,indian,8.0g,115mg,1g,0mg,Reshmi Kebab (Silken Kebabs),5.3g,15.6g,1066IU,1mg,24mg
Chicken Biryani,73mg,832,134mg,5.1g,42mcg,4mg,82mg,27mg,224,1021mg,47.8g,4.31292533874512,16102/chicken-biryani/,indian,8.0g,1522mg,5g,0mg,Chicken Biryani,78.9g,35.1g,562IU,1mg,29mg
Bhuna Gosht,80mg,453,90mg,4.3g,60mcg,3mg,53mg,12mg,21,760mg,25.6g,4.22222232818604,212488/bhuna-gosht/,indian,10.0g,90mg,9g,0mg,Bhuna Gosht,20.5g,30.4g,1080IU,0mg,74mg
Chicken Tikka Masala,206mg,404,143mg,2.5g,24mcg,3mg,57mg,13mg,3k,660mg,24.6g,4.38908433914185,45736/chicken-tikka-masala/,indian,17.0g,1592mg,7g,0mg,Chicken Tikka Masala,13.3g,28.9g,2432IU,1mg,11mg
Curry Stand Chicken Tikka Masala Sauce,68mg,328,106mg,2.3g,19mcg,2mg,37mg,9mg,3k,462mg,17.9g,4.914268493652339,228293/curry-stand-chicken-tikka-masala-sauce/,indian,13.0g,980mg,7g,0mg,Curry Stand Chicken Tikka Masala Sauce,13.2g,23.4g,1496IU,0mg,9mg
Vegetarian Korma,120mg,462,82mg,8.4g,84mcg,3mg,83mg,5mg,2k,1088mg,8.6g,4.57152509689331,60598/vegetarian-korma/,indian,15.0g,1434mg,9g,0mg,Vegetarian Korma,41.3g,31.1g,13460IU,1mg,73mg
Indian Chicken Curry II,172mg,313,38mg,3.8g,27mcg,4mg,66mg,11mg,1k,576mg,19.1g,4.2712521553039595,46822/indian-chicken-curry-ii/,indian,10.0g,268mg,7g,0mg,Indian Chicken Curry II,14g,21.7g,555IU,1mg,15mg
Red Lentil Curry,44mg,192,0mg,11.3g,227mcg,6mg,61mg,4mg,1k,727mg,12.1g,4.48824453353882,16641/red-lentil-curry/,indian,0.0g,572mg,7g,0mg,Red Lentil Curry,32.5g,2.6g,377IU,0mg,9mg
Chicken Makhani (Indian Butter Chicken),135mg,408,107mg,2.2g,24mcg,3mg,49mg,9mg,1k,625mg,23.4g,4.50079107284546,45957/chicken-makhani-indian-butter-chicken/,indian,11.0g,523mg,5g,0mg,Chicken Makhani (Indian Butter Chicken),15.6g,27.8g,1194IU,0mg,12mg
Easy Indian Butter Chicken,134mg,880,303mg,2.6g,26mcg,2mg,50mg,12mg,1k,567mg,26.4g,4.7105507850647,141169/easy-indian-butter-chicken/,indian,48.0g,1461mg,5g,0mg,Easy Indian Butter Chicken,12.8g,82.3g,3092IU,0mg,11mg
Spicy Vegan Potato Curry,107mg,407,0mg,10.1g,94mcg,7mg,98mg,4mg,1k,1090mg,10.1g,4.49796342849731,165190/spicy-vegan-potato-curry/,indian,13.0g,1176mg,6g,0mg,Spicy Vegan Potato Curry,50.6g,20.1g,1069IU,1mg,44mg
Indian Chicken Curry (Murgh Kari),143mg,427,95mg,2.9g,29mcg,3mg,64mg,23mg,1k,699mg,38.1g,4.74292182922363,212721/indian-chicken-curry-murgh-kari/,indian,5.0g,1370mg,5g,0mg,Indian Chicken Curry (Murgh Kari),14.7g,24.3g,748IU,1mg,12mg
Chickpea Curry,51mg,135,0mg,4.6g,56mcg,2mg,28mg,1mg,648,217mg,4.1g,4.24024963378906,34689/chickpea-curry/,indian,1.0g,289mg,1g,0mg,Chickpea Curry,20.5g,4.5g,506IU,0mg,7mg
Slow Cooker Butter Chicken,134mg,480,103mg,4g,33mcg,6mg,79mg,12mg,1k,824mg,30.6g,4.48495006561279,174543/slow-cooker-butter-chicken/,indian,19.0g,442mg,8g,0mg,Slow Cooker Butter Chicken,17.2g,33.3g,647IU,0mg,11mg
Baingan Bharta (Eggplant Curry),93mg,146,2mg,6.2g,50mcg,1mg,38mg,2mg,410,559mg,4g,4.32051277160645,47564/baingan-bharta-eggplant-curry/,indian,1.0g,739mg,8g,0mg,Baingan Bharta (Eggplant Curry),15.2g,8g,596IU,0mg,12mg
Chicken Parmigiana,445mg,528,184mg,5.6g,70mcg,4mg,80mg,23mg,2k,804mg,43.5g,4.5751047134399405,8975/chicken-parmigiana/,italian,8.0g,1309mg,17g,0mg,Chicken Parmigiana,44.9g,18.3g,1097IU,1mg,3mg
Shrimp Scampi with Pasta,52mg,511,135mg,3.5g,144mcg,5mg,62mg,8mg,2k,268mg,21.9g,4.55847930908203,229960/shrimp-scampi-with-pasta/,italian,7.0g,260mg,1g,0mg,Shrimp Scampi with Pasta,57.5g,19.4g,849IU,0mg,10mg
Hearty Meatball Sandwich,196mg,491,75mg,3g,30mcg,5mg,39mg,12mg,198,441mg,29.3g,4.50761413574219,59030/hearty-meatball-sandwich/,italian,8.0g,1068mg,5g,0mg,Hearty Meatball Sandwich,43.1g,21.4g,145IU,0mg,1mg
Pork Chops Italiano,57mg,290,63mg,2g,24mcg,2mg,40mg,11mg,951,691mg,25.3g,4.553571224212651,219005/pork-chops-italiano/,italian,5.0g,339mg,4g,1mg,Pork Chops Italiano,7.8g,17.6g,217IU,1mg,32mg
Kay's Spaghetti and Lasagna Sauce,93mg,206,34mg,3.8g,31mcg,4mg,46mg,6mg,986,728mg,13.2g,4.36906385421753,23602/kays-spaghetti-and-lasagna-sauce/,italian,3.0g,379mg,9g,0mg,Kay's Spaghetti and Lasagna Sauce,22g,8.4g,1034IU,0mg,41mg
Tagliatelle with Coriander Pesto,92mg,663,11mg,3.9g,189mcg,4mg,76mg,7mg,25,319mg,16.5g,4.0,217292/tagliatelle-with-coriander-pesto/,italian,7.0g,190mg,4g,0mg,Tagliatelle with Coriander Pesto,64.8g,39.4g,1001IU,0mg,5mg
Tilapia Scaloppine,63mg,262,57mg,1.6g,10mcg,1mg,42mg,5mg,287,564mg,24.2g,4.504464149475099,84737/tilapia-scaloppine/,italian,5.0g,222mg,0g,0mg,Tilapia Scaloppine,5g,14.2g,294IU,0mg,24mg
Prune and Olive Chicken,49mg,402,97mg,1.2g,11mcg,3mg,37mg,10mg,260,386mg,31.2g,4.6584157943725595,8900/prune-and-olive-chicken/,italian,6.0g,308mg,13g,0mg,Prune and Olive Chicken,16.5g,22.4g,405IU,1mg,2mg
Original Homemade Italian Beef,130mg,557,103mg,2.2g,59mcg,6mg,31mg,10mg,905,310mg,31.9g,4.64833354949951,91597/original-homemade-italian-beef/,italian,11.0g,4233mg,7g,0mg,Original Homemade Italian Beef,38.4g,28.8g,315IU,0mg,1mg
World's Best Lasagna,442mg,448,82mg,4g,80mcg,4mg,67mg,10mg,29k,876mg,29.7g,4.79050922393799,23600/worlds-best-lasagna/,italian,10.0g,1788mg,9g,0mg,World's Best Lasagna,36.5g,21.3g,1454IU,0mg,17mg
Chicken Marsala,25mg,448,99mg,0.5g,23mcg,2mg,40mg,20mg,7k,411mg,28.8g,4.53660821914673,8887/chicken-marsala/,italian,10.0g,543mg,3g,0mg,Chicken Marsala,13.3g,26.6g,393IU,1mg,2mg
"Bow Ties with Sausage, Tomatoes and Cream",91mg,656,111mg,3.4g,121mcg,3mg,43mg,7mg,5k,350mg,20.1g,4.68594837188721,26257/bow-ties-with-sausage-tomatoes-and-cream/,italian,20.0g,1088mg,7g,0mg,"Bow Ties with Sausage, Tomatoes and Cream",50.9g,42.1g,1693IU,0mg,17mg
Eggplant Parmesan II,512mg,487,73mg,8.8g,50mcg,4mg,63mg,10mg,4k,815mg,24.2g,4.45294952392578,25321/eggplant-parmesan-ii/,italian,7.0g,1663mg,20g,0mg,Eggplant Parmesan II,62.1g,16g,1089IU,0mg,5mg
Italian Spaghetti Sauce with Meatballs,140mg,349,77mg,4.5g,46mcg,6mg,59mg,9mg,4k,1023mg,18.9g,4.52386522293091,21353/italian-spaghetti-sauce-with-meatballs/,italian,6.0g,1492mg,12g,0mg,Italian Spaghetti Sauce with Meatballs,23.7g,21.2g,825IU,1mg,33mg
Garlic Cheddar Chicken,280mg,400,129mg,0.5g,20mcg,2mg,37mg,18mg,4k,265mg,34.5g,4.6103458404541,70522/garlic-cheddar-chicken/,italian,15.0g,488mg,1g,0mg,Garlic Cheddar Chicken,8.4g,24.9g,657IU,1mg,1mg
Gourmet Mushroom Risotto,70mg,431,29mg,2.7g,37mcg,2mg,24mg,8mg,4k,692mg,11.3g,4.79156494140625,85389/gourmet-mushroom-risotto/,italian,7.0g,1131mg,4g,0mg,Gourmet Mushroom Risotto,56.6g,16.6g,520IU,0mg,4mg
Chicken Parmesan,380mg,471,187mg,0.6g,31mcg,2mg,44mg,19mg,7k,389mg,42.1g,4.81814861297607,223042/chicken-parmesan/,italian,9.0g,840mg,2g,0mg,Chicken Parmesan,24.8g,24.9g,628IU,1mg,3mg
American Lasagna,759mg,664,168mg,4.2g,108mcg,6mg,78mg,15mg,2k,872mg,50.9g,4.68015432357788,11729/american-lasagna/,italian,15.0g,1900mg,14g,0mg,American Lasagna,48.3g,29.5g,1758IU,0mg,23mg
Chicken Milano,76mg,641,156mg,2.8g,124mcg,3mg,77mg,22mg,3k,681mg,36.3g,4.62079763412476,19304/chicken-milano/,italian,17.0g,501mg,5g,0mg,Chicken Milano,47g,34.8g,1116IU,1mg,5mg
Slow Cooker Italian Beef for Sandwiches,17mg,318,100mg,0.2g,15mcg,3mg,35mg,12mg,2k,530mg,39.4g,4.62986755371094,16427/slow-cooker-italian-beef-for-sandwiches/,italian,6.0g,819mg,1g,0mg,Slow Cooker Italian Beef for Sandwiches,1.6g,15.8g,30IU,0mg,0mg
Babi's Bean Salad,103mg,273,0mg,7.6g,304mcg,4mg,93mg,4mg,6,750mg,11.2g,4.428571224212651,50220/babis-bean-salad/,lebanese,1.0g,231mg,11g,0mg,Babi's Bean Salad,38.2g,9.8g,5414IU,0mg,51mg
Lebanese Chicken and Potatoes,51mg,592,65mg,6.5g,55mcg,3mg,86mg,11mg,281,1436mg,26.7g,4.14338254928589,89833/lebanese-chicken-and-potatoes/,lebanese,6.0g,81mg,3g,0mg,Lebanese Chicken and Potatoes,53.9g,30.5g,86IU,1mg,75mg
Fattoush,87mg,482,0mg,3.8g,119mcg,2mg,41mg,4mg,20,516mg,6.2g,4.3600001335144,86283/fattoush/,lebanese,5.0g,394mg,5g,0mg,Fattoush,35.4g,36.5g,2781IU,0mg,55mg
Middle Eastern Kibbeh,22mg,159,38mg,1.7g,14mcg,1mg,24mg,3mg,63,193mg,10.9g,4.59090900421143,143265/middle-eastern-kibbeh/,lebanese,3.0g,228mg,1g,0mg,Middle Eastern Kibbeh,7.4g,9.6g,31IU,0mg,2mg
Lebanese Donair,236mg,990,128mg,6.8g,145mcg,10mg,118mg,25mg,40,1404mg,57.5g,4.349999904632569,88233/lebanese-donair/,lebanese,14.0g,471mg,6g,1mg,Lebanese Donair,47.6g,64.7g,1837IU,1mg,45mg
Mellas Family Lamb Stuffed Zucchini (Koosa),129mg,511,76mg,5g,86mcg,5mg,79mg,12mg,14,1185mg,26.2g,4.25,207936/mellas-family-lamb-stuffed-zucchini-koosa/,lebanese,8.0g,1593mg,9g,0mg,Mellas Family Lamb Stuffed Zucchini (Koosa),44.8g,26.6g,762IU,1mg,49mg
Mediterranean Meat Pies (Sfeeha),14mg,412,34mg,1.2g,52mcg,3mg,29mg,6mg,42,174mg,12.7g,4.56666660308838,216879/mediterranean-meat-pies-sfeeha/,lebanese,8.0g,162mg,1g,0mg,Mediterranean Meat Pies (Sfeeha),26.4g,28.7g,15IU,0mg,3mg
Lamb Shawarma,60mg,376,115mg,0.4g,31mcg,3mg,34mg,8mg,83,380mg,29g,4.625,214029/lamb-shawarma/,lebanese,11.0g,966mg,2g,0mg,Lamb Shawarma,3g,26.8g,106IU,0mg,3mg
Kafta (BBQ),21mg,227,74mg,0.5g,18mcg,2mg,23mg,8mg,174,327mg,22g,4.41780805587769,64519/kafta/,lebanese,5.0g,459mg,1g,0mg,Kafta (BBQ),2.3g,13.9g,453IU,0mg,8mg
Tabbouleh III,38mg,244,0mg,4.6g,37mcg,1mg,46mg,2mg,226,338mg,3.3g,4.42009115219116,14438/tabbouleh-iii/,lebanese,3.0g,593mg,2g,0mg,Tabbouleh III,19g,18.5g,1127IU,0mg,26mg
Lentil and Green Collard Soup,170mg,307,0mg,10.5g,126mcg,4mg,22mg,1mg,175,660mg,15.2g,4.44767427444458,137450/lentil-and-green-collard-soup/,lebanese,1.0g,1779mg,3g,0mg,Lentil and Green Collard Soup,38.6g,11.8g,4694IU,0mg,38mg
Thick-Style Lebanese Garlic Sauce,4mg,123,0mg,0.1g,1mcg,2mg,3mg,0mg,161,13mg,0.1g,4.13207530975342,150654/thick-style-lebanese-garlic-sauce/,lebanese,2.0g,165mg,0g,0mg,Thick-Style Lebanese Garlic Sauce,0.9g,13.6g,1IU,0mg,2mg
Lebanese Lemon Salad Dressing,5mg,176,0mg,0.2g,3mcg,0mg,2mg,0mg,145,33mg,0.2g,4.47474765777588,164512/lebanese-lemon-salad-dressing/,lebanese,3.0g,321mg,1g,0mg,Lebanese Lemon Salad Dressing,2.4g,18.7g,5IU,0mg,10mg
Cilantro and Garlic Potatoes,34mg,250,0mg,4.4g,37mcg,2mg,46mg,3mg,66,847mg,4.1g,4.15942049026489,83246/cilantro-and-garlic-potatoes/,lebanese,2.0g,17mg,2g,0mg,Cilantro and Garlic Potatoes,33.4g,11.8g,782IU,1mg,41mg
Chicken Shawarma,168mg,402,58mg,4g,108mcg,4mg,60mg,13mg,69,554mg,23.3g,3.8529412746429403,52407/chicken-shawarma/,lebanese,3.0g,420mg,5g,1mg,Chicken Shawarma,44g,15.2g,755IU,0mg,14mg
Best Hummus,11mg,27,0mg,0.6g,9mcg,0mg,5mg,0mg,104,29mg,0.7g,4.436363697052,231081/best-hummus/,lebanese,0.0g,28mg,0g,0mg,Best Hummus,2.5g,1.7g,94IU,0mg,2mg
Lebanese Lemon Lentil Soup,62mg,268,12mg,13.9g,218mcg,4mg,60mg,4mg,88,509mg,12g,4.339622497558589,223354/lebanese-lemon-lentil-soup/,lebanese,3.0g,755mg,2g,0mg,Lebanese Lemon Lentil Soup,37.8g,8.2g,2408IU,0mg,15mg
Traditional Hummus,152mg,560,0mg,5.9g,76mcg,4mg,49mg,4mg,73,248mg,8.6g,4.48888874053955,223276/traditional-hummus/,lebanese,7.0g,244mg,0g,0mg,Traditional Hummus,22.5g,50.5g,37IU,0mg,3mg
Lebanese Garlic Sauce,13mg,191,0mg,0.2g,1mcg,0mg,2mg,0mg,45,38mg,0.5g,3.92105269432068,64229/lebanese-garlic-sauce/,lebanese,3.0g,74mg,0g,0mg,Lebanese Garlic Sauce,3g,20.3g,2IU,0mg,6mg
"Chard Lentil Soup, Lebanese-Style",59mg,361,0mg,11.8g,151mcg,4mg,91mg,5mg,40,1124mg,10.5g,4.5945944786071795,234775/chard-lentil-soup-lebanese-style/,lebanese,2.0g,931mg,3g,0mg,"Chard Lentil Soup, Lebanese-Style",50.7g,14g,1120IU,1mg,58mg
Chocolate Decadence Yule Log,44mg,377,98mg,1.6g,26mcg,2mg,21mg,2mg,104,98mg,6g,3.9264705181121804,15704/chocolate-decadence-yule-log/,french,8.0g,230mg,50g,0mg,Chocolate Decadence Yule Log,58.8g,14.1g,353IU,0mg,0mg
Gratin Dauphinois de Solange,493mg,627,180mg,3.3g,32mcg,1mg,56mg,6mg,13,746mg,17.2g,4.875,246439/gratin-dauphinois-de-solange/,french,31.0g,209mg,1g,0mg,Gratin Dauphinois de Solange,29.5g,49.9g,1845IU,1mg,31mg
Traditional Layered French Croissants,23mg,213,45mg,0.7g,55mcg,1mg,7mg,2mg,51,60mg,3.2g,4.35294103622437,190997/traditional-layered-french-croissants/,french,9.0g,140mg,2g,0mg,Traditional Layered French Croissants,18.8g,14g,456IU,0mg,0mg
Cali's Sinful Creme Brulee,111mg,680,419mg,1.2g,38mcg,1mg,34mg,2mg,102,192mg,6.6g,4.59154939651489,83905/calis-sinful-creme-brulee/,french,33.0g,58mg,37g,0mg,Cali's Sinful Creme Brulee,42.6g,55.8g,2049IU,0mg,1mg
Beef Bourguignon II,112mg,583,125mg,4.1g,57mcg,4mg,57mg,10mg,571,730mg,32.2g,4.44901323318481,16905/beef-bourguignon-ii/,french,15.0g,1333mg,7g,0mg,Beef Bourguignon II,21.9g,31g,5701IU,1mg,13mg
Chef John's Creme Fraiche ,11mg,52,20mg,0g,1mcg,0mg,1mg,0mg,291,13mg,0.4g,4.850746154785161,222387/chef-johns-creme-fraiche/,french,3.0g,7mg,0g,0mg,Chef John's Creme Fraiche ,0.5g,5.5g,219IU,0mg,0mg
Chef John's Coq Au Vin,27mg,337,82mg,0.8g,21mcg,2mg,35mg,11mg,1k,473mg,24.4g,4.8521399497985795,239230/chef-johns-coq-au-vin/,french,6.0g,582mg,2g,0mg,Chef John's Coq Au Vin,7.9g,18g,380IU,0mg,4mg
Chicken Cordon Bleu II,272mg,584,195mg,0.3g,17mcg,1mg,55mg,23mg,9k,473mg,41.6g,4.777490615844731,8669/chicken-cordon-bleu-ii/,french,24.0g,655mg,1g,0mg,Chicken Cordon Bleu II,7.7g,40.9g,1399IU,1mg,12mg
Creamy Au Gratin Potatoes,484mg,499,77mg,4.4g,78mcg,2mg,77mg,7mg,7k,1184mg,19.8g,4.5263776779174805,15925/creamy-au-gratin-potatoes/,french,16.0g,683mg,9g,0mg,Creamy Au Gratin Potatoes,49.3g,25.4g,939IU,1mg,19mg
Basic Crepes,56mg,216,111mg,0.8g,71mcg,2mg,14mg,3mg,6k,115mg,7.4g,4.63456344604492,16383/basic-crepes/,french,5.0g,235mg,2g,0mg,Basic Crepes,25.5g,9.2g,357IU,0mg,0mg
Chicken Cordon Bleu I,379mg,419,124mg,0.8g,25mcg,2mg,60mg,25mg,4k,457mg,46.1g,4.61169767379761,8495/chicken-cordon-bleu-i/,french,10.0g,932mg,1g,0mg,Chicken Cordon Bleu I,12.6g,19.4g,407IU,1mg,12mg
French Baguettes,7mg,113,17mg,0.8g,66mcg,1mg,8mg,3mg,2k,40mg,3.8g,4.7673544883728,7028/french-baguettes/,french,0.0g,196mg,1g,0mg,French Baguettes,22g,0.9g,21IU,0mg,0mg
French Onion Soup Gratinee,759mg,618,114mg,4.2g,111mcg,3mg,61mg,8mg,2k,543mg,29.7g,4.7326922416687,91192/french-onion-soup-gratinee/,french,21.0g,3336mg,11g,0mg,French Onion Soup Gratinee,39.5g,35.9g,2758IU,0mg,31mg
French Bread,5mg,94,0mg,0.8g,60mcg,1mg,6mg,2mg,1k,41mg,2.9g,4.52357339859009,6882/french-bread/,french,0.0g,119mg,0g,0mg,French Bread,19.5g,0.3g,1IU,0mg,0mg
Rich and Simple French Onion Soup,451mg,585,98mg,2.7g,71mcg,2mg,41mg,7mg,1k,432mg,20.9g,4.59831237792969,13309/rich-and-simple-french-onion-soup/,french,24.0g,1578mg,6g,0mg,Rich and Simple French Onion Soup,27.9g,43.9g,1114IU,0mg,9mg
Ratatouille,271mg,251,18mg,7.4g,71mcg,2mg,71mg,6mg,1k,1049mg,12.7g,4.448307514190669,18411/ratatouille/,french,5.0g,327mg,13g,0mg,Ratatouille,24.3g,13.5g,1350IU,0mg,56mg
Chocolate Ganache,10mg,142,21mg,1.2g,1mcg,0mg,1mg,0mg,1k,71mg,1.4g,4.81244277954102,33647/chocolate-ganache/,french,7.0g,6mg,7g,0mg,Chocolate Ganache,9.4g,10.8g,220IU,0mg,0mg
Crepes,44mg,79,49mg,0.3g,26mcg,1mg,7mg,1mg,2k,74mg,3.7g,4.765137672424321,27188/crepes/,french,1.0g,30mg,2g,0mg,Crepes,9.5g,2.8g,119IU,0mg,0mg
Soba with Toasted Sesame Seed Sauce,247mg,355,0mg,4.5g,108mcg,5mg,139mg,7mg,188,526mg,14.2g,4.02551031112671,14024/soba-with-toasted-sesame-seed-sauce/,japanese,2.0g,1037mg,6g,0mg,Soba with Toasted Sesame Seed Sauce,57.3g,10.9g,618IU,0mg,65mg
Miso Salmon,98mg,719,132mg,2.8g,70mcg,3mg,97mg,27mg,81,956mg,50.5g,4.423728942871089,106227/miso-salmon/,japanese,7.0g,2247mg,24g,1mg,Miso Salmon,34.9g,40.5g,152IU,2mg,9mg
Teriyaki Rib Eye Steaks,19mg,297,60mg,0.2g,8mcg,2mg,26mg,4mg,101,336mg,19.6g,4.5,107586/teriyaki-rib-eye-steaks/,japanese,7.0g,992mg,12g,0mg,Teriyaki Rib Eye Steaks,13.5g,18.1g,4IU,0mg,1mg
Japanese Ginger Pork,15mg,289,55mg,0.1g,5mcg,1mg,22mg,8mg,40,298mg,18.8g,4.38888883590698,87392/japanese-ginger-pork/,japanese,5.0g,491mg,3g,1mg,Japanese Ginger Pork,3.6g,20.1g,6IU,0mg,0mg
Chicken Katsu,20mg,297,118mg,0.1g,16mcg,1mg,27mg,17mg,1k,239mg,31.2g,4.67315196990967,72068/chicken-katsu/,japanese,2.0g,251mg,0g,0mg,Chicken Katsu,22.2g,11.4g,79IU,1mg,0mg
Chicken Yakisoba,91mg,503,29mg,7.2g,82mcg,3mg,64mg,11mg,361,579mg,26.5g,4.54966878890991,230764/chicken-yakisoba/,japanese,2.0g,3868mg,10g,0mg,Chicken Yakisoba,69.8g,16.5g,6151IU,1mg,46mg
Quick Oyakodon,103mg,619,221mg,5.5g,296mcg,8mg,77mg,18mg,34,574mg,31g,4.40740728378296,71160/quick-oyakodon/,japanese,2.0g,2283mg,19g,1mg,Quick Oyakodon,106.1g,6.7g,667IU,1mg,18mg
Tonkatsu - Asian-Style Pork Chop,26mg,276,109mg,0g,12mcg,1mg,26mg,10mg,193,424mg,28.4g,4.40268468856812,58793/tonkatsu-asian-style-pork-chop/,japanese,4.0g,199mg,0g,1mg,Tonkatsu - Asian-Style Pork Chop,14.3g,13.2g,67IU,0mg,0mg
Japanese Okonomiyaki,138mg,659,217mg,8.3g,293mcg,7mg,63mg,14mg,57,717mg,29.3g,3.86153841018677,99392/japanese-okonomiyaki/,japanese,6.0g,1531mg,11g,1mg,Japanese Okonomiyaki,90.7g,19.4g,495IU,0mg,83mg
Yakisoba Chicken,69mg,295,46mg,3g,68mcg,2mg,80mg,16mg,784,565mg,26.3g,4.2952184677124,8628/yakisoba-chicken/,japanese,1.0g,1621mg,6g,0mg,Yakisoba Chicken,40.7g,4.8g,3488IU,1mg,32mg
Sesame Seared Tuna,207mg,422,77mg,2.3g,22mcg,4mg,155mg,26mg,590,879mg,44.1g,4.67895889282227,71698/sesame-seared-tuna/,japanese,3.0g,1045mg,6g,1mg,Sesame Seared Tuna,13.2g,20.7g,92IU,2mg,1mg
Japanese-Style Deep-Fried Shrimp,80mg,630,250mg,1.5g,77mcg,3mg,47mg,6mg,453,287mg,28.3g,4.832764625549321,127500/japanese-style-deep-fried-shrimp/,japanese,6.0g,763mg,0g,0mg,Japanese-Style Deep-Fried Shrimp,53.7g,36.6g,590IU,0mg,2mg
Japanese Beef Stir-Fry,91mg,290,39mg,2.6g,91mcg,4mg,46mg,10mg,393,568mg,26.4g,4.54883718490601,212636/japanese-beef-stir-fry/,japanese,2.0g,1271mg,7g,0mg,Japanese Beef Stir-Fry,26.4g,7.6g,3572IU,1mg,67mg
Sushi Roll,12mg,152,6mg,2.4g,62mcg,1mg,25mg,2mg,201,186mg,3.9g,4.40104150772095,24228/sushi-roll/,japanese,1.0g,703mg,7g,0mg,Sushi Roll,25.8g,3.9g,132IU,0mg,3mg
Gyoza,30mg,184,37mg,1.2g,37mcg,1mg,16mg,4mg,226,156mg,7.9g,4.43548393249512,27190/gyoza/,japanese,2.0g,546mg,1g,0mg,Gyoza,18.5g,8.5g,582IU,0mg,7mg
Glo's Sausage Fried Rice,93mg,540,155mg,4.8g,139mcg,4mg,46mg,6mg,168,476mg,17.3g,4.48765420913696,47022/glos-sausage-fried-rice/,japanese,10.0g,943mg,5g,1mg,Glo's Sausage Fried Rice,46.4g,31.7g,5230IU,0mg,43mg
Sesame Crusted Mahi Mahi with Soy Shiso Ginger Butter Sauce,189mg,502,192mg,2.6g,28mcg,4mg,88mg,18mg,134,930mg,35.6g,4.72413778305054,42231/sesame-crusted-mahi-mahi-with-soy-shiso-ginger-butter-sauce/,japanese,16.0g,776mg,1g,0mg,Sesame Crusted Mahi Mahi with Soy Shiso Ginger Butter Sauce,11g,34.6g,1401IU,1mg,16mg
Oyako Donburi,64mg,278,282mg,1.7g,58mcg,2mg,51mg,17mg,145,524mg,29.6g,4.67479658126831,43628/oyako-donburi/,japanese,3.0g,1349mg,9g,0mg,Oyako Donburi,15.7g,10.8g,3000IU,1mg,6mg
Oyakodon (Japanese Chicken and Egg Rice Bowl),80mg,688,208mg,2.2g,57mcg,3mg,46mg,11mg,199,510mg,35.3g,4.53508758544922,128589/oyakodon-japanese-chicken-and-egg-rice-bowl/,japanese,4.0g,1226mg,17g,0mg,Oyakodon (Japanese Chicken and Egg Rice Bowl),97.9g,14.6g,311IU,0mg,4mg
Ashley's Chicken Katsu with Tonkatsu Sauce,127mg,718,136mg,1.6g,92mcg,7mg,53mg,17mg,127,947mg,30.2g,4.23893785476685,75981/ashleys-chicken-katsu-with-tonkatsu-sauce/,japanese,7.0g,2290mg,15g,0mg,Ashley's Chicken Katsu with Tonkatsu Sauce,73.1g,36.8g,594IU,0mg,15mg
Moroccan Lentil Soup,121mg,329,0mg,18g,255mcg,6mg,107mg,4mg,499.0,923mg,18.3g,4.37618160247803,12960/moroccan-lentil-soup/,north-african,1.0g,317mg,5g,0mg,Moroccan Lentil Soup,56.5g,3.6g,2181IU,1mg,16mg
Marrakesh Vegetable Curry,130mg,330,0mg,10.5g,189mcg,11mg,120mg,4mg,596.0,1084mg,8g,4.55941486358643,13988/marrakesh-vegetable-curry/,north-african,2.0g,874mg,13g,0mg,Marrakesh Vegetable Curry,39g,18g,12444IU,1mg,89mg
Slow Cooker Chicken Marrakesh,89mg,290,66mg,6.3g,47mcg,3mg,75mg,20mg,936.0,886mg,30.6g,4.18145942687988,218769/slow-cooker-chicken-marrakesh/,north-african,0.0g,625mg,7g,0mg,Slow Cooker Chicken Marrakesh,36g,2g,19569IU,1mg,12mg
Moroccan Tagine,146mg,265,20mg,8.1g,99mcg,4mg,87mg,7mg,407.0,905mg,14.1g,4.425000190734861,69633/moroccan-tagine/,north-african,1.0g,878mg,9g,0mg,Moroccan Tagine,44.7g,4.3g,20359IU,1mg,46mg
Moroccan Chicken,99mg,286,67mg,6.3g,86mcg,4mg,84mg,22mg,358.0,1086mg,36g,4.305232524871831,18182/moroccan-chicken/,north-african,1.0g,2128mg,5g,0mg,Moroccan Chicken,27.9g,3.7g,5893IU,1mg,24mg
Lamb Tagine,76mg,423,109mg,4.6g,48mcg,4mg,50mg,14mg,410.0,659mg,35.8g,4.66666650772095,105044/lamb-tagine/,north-african,5.0g,1129mg,11g,0mg,Lamb Tagine,23.6g,20.5g,13396IU,0mg,13mg
Make-Ahead Vegetarian Moroccan Stew,196mg,543,5mg,24g,252mcg,7mg,149mg,8mg,362.0,2046mg,19.5g,4.54915237426758,217109/make-ahead-vegetarian-moroccan-stew/,north-african,2.0g,1218mg,23g,1mg,Make-Ahead Vegetarian Moroccan Stew,110.6g,4.2g,26614IU,1mg,80mg
Chakchouka (Shakshouka),60mg,209,164mg,3.1g,53mcg,2mg,31mg,3mg,559.0,511mg,7.8g,4.610526084899901,213717/chakchouka-shakshouka/,north-african,3.0g,654mg,7g,0mg,Chakchouka (Shakshouka),12.9g,15g,1678IU,0mg,65mg
Chicken Tagine,50mg,380,65mg,4.2g,29mcg,2mg,41mg,10mg,189.0,500mg,22.3g,4.21505355834961,180014/chicken-tagine/,north-african,4.0g,571mg,14g,0mg,Chicken Tagine,38.5g,15.2g,6494IU,0mg,8mg
Moroccan Chicken and Whole Grain Couscous,91mg,399,67mg,7.8g,94mcg,4mg,74mg,15mg,140.0,739mg,33.4g,4.374149799346919,83565/moroccan-chicken-and-whole-grain-couscous/,north-african,1.0g,1539mg,4g,0mg,Moroccan Chicken and Whole Grain Couscous,50.7g,6.7g,4054IU,1mg,18mg
Harira,86mg,467,116mg,13.3g,222mcg,6mg,81mg,11mg,153.0,689mg,29.4g,4.551723957061769,13443/harira/,north-african,6.0g,594mg,6g,0mg,Harira,50g,16.7g,1170IU,1mg,38mg
Moroccan Couscous,53mg,246,0mg,5.2g,31mcg,2mg,49mg,3mg,136.0,447mg,8.4g,4.496350288391111,105045/moroccan-couscous/,north-african,0.0g,263mg,10g,0mg,Moroccan Couscous,48.1g,2.6g,208IU,0mg,30mg
Spanish Moroccan Fish,105mg,268,70mg,3.3g,48mcg,3mg,82mg,9mg,165.0,1078mg,41.7g,4.40157461166382,133895/spanish-moroccan-fish/,north-african,1.0g,381mg,3g,0mg,Spanish Moroccan Fish,12.6g,5.1g,3209IU,1mg,38mg
Fava Bean Breakfast Spread,34mg,101,0mg,3.5g,37mcg,1mg,32mg,2mg,72.0,316mg,4.6g,4.59756088256836,17596/fava-bean-breakfast-spread/,north-african,1.0g,322mg,2g,0mg,Fava Bean Breakfast Spread,13.6g,3.7g,477IU,0mg,14mg
25-Minute Tunisian Vegetable Couscous,84mg,387,&lt; 1mg,8.8g,86mcg,3mg,68mg,6mg,72.0,487mg,13.6g,4.14666652679443,168959/25-minute-tunisian-vegetable-couscous/,north-african,1.0g,699mg,5g,0mg,25-Minute Tunisian Vegetable Couscous,72.1g,4.9g,2045IU,1mg,53mg
Moroccan Chickpea Stew,296mg,476,0mg,13.6g,130mcg,9mg,120mg,7mg,129.0,1832mg,15.7g,4.66197204589844,217947/moroccan-chickpea-stew/,north-african,1.0g,1263mg,27g,0mg,Moroccan Chickpea Stew,96.1g,6.5g,18799IU,1mg,170mg
Cold Roasted Moroccan Spiced Salmon,25mg,225,84mg,0.3g,35mcg,1mg,46mg,18mg,68.0,755mg,30.2g,4.42028999328613,110025/cold-roasted-moroccan-spiced-salmon/,north-african,2.0g,261mg,1g,0mg,Cold Roasted Moroccan Spiced Salmon,2.2g,9.8g,74IU,1mg,1mg
Algerian Carrots,55mg,157,0mg,4.8g,22mcg,1mg,17mg,1mg,92.0,370mg,1.3g,4.1904764175414995,99244/algerian-carrots/,north-african,2.0g,476mg,5g,0mg,Algerian Carrots,13.5g,11.6g,25786IU,0mg,6mg
Bissara,62mg,371,0mg,19.5g,219mcg,4mg,93mg,6mg,52.0,810mg,18.7g,4.20634937286377,104405/bissara/,north-african,2.0g,18mg,6g,1mg,Bissara,46.3g,13.5g,1317IU,0mg,16mg
Adriel's Chinese Curry Chicken,34mg,241,46mg,3.2g,26mcg,2mg,47mg,10mg,126,634mg,20.1g,4.6197180747985795,214774/adriels-chinese-curry-chicken/,chinese,2.0g,864mg,3g,0mg,Adriel's Chinese Curry Chicken,24.1g,7.1g,21IU,1mg,24mg
General Tsao's Chicken II,58mg,634,101mg,0.8g,14mcg,3mg,26mg,9mg,2k,530mg,24.3g,4.754337787628169,91499/general-tsaos-chicken-ii/,chinese,6.0g,1192mg,18g,0mg,General Tsao's Chicken II,54.9g,36.5g,133IU,0mg,8mg
Sweet and Sour Pork III,57mg,663,43mg,2.3g,31mcg,1mg,34mg,6mg,1k,516mg,13.9g,4.7032642364502,31144/sweet-and-sour-pork-iii/,chinese,7.0g,1085mg,52g,0mg,Sweet and Sour Pork III,74.7g,35g,485IU,0mg,36mg
Honey Walnut Shrimp,69mg,605,179mg,1.5g,19mcg,3mg,65mg,5mg,714,317mg,26.1g,4.51214551925659,93234/honey-walnut-shrimp/,chinese,4.0g,340mg,45g,0mg,Honey Walnut Shrimp,68g,26.3g,247IU,0mg,2mg
Moo Goo Gai Pan,72mg,409,86mg,8.3g,106mcg,5mg,64mg,23mg,108,800mg,41.7g,4.37634420394897,165846/moo-goo-gai-pan/,chinese,3.0g,990mg,9g,0mg,Moo Goo Gai Pan,30.9g,14.3g,397IU,1mg,55mg
Crispy Orange Beef,122mg,507,60mg,5.9g,197mcg,5mg,79mg,11mg,1k,983mg,27.4g,4.47152853012085,57966/crispy-orange-beef/,chinese,5.0g,651mg,17g,0mg,Crispy Orange Beef,59.2g,18.7g,1280IU,1mg,189mg
Restaurant Style Beef and Broccoli,61mg,331,52mg,3g,79mcg,3mg,45mg,8mg,2k,683mg,21.7g,4.4359230995178205,191156/restaurant-style-beef-and-broccoli/,chinese,5.0g,419mg,3g,0mg,Restaurant Style Beef and Broccoli,13.3g,21.1g,707IU,1mg,102mg
Chicken Broccoli Ca - Unieng's Style,111mg,170,33mg,2.5g,82mcg,2mg,44mg,10mg,266,520mg,16.2g,4.32456159591675,46819/chicken-broccoli-ca-uniengs-style/,chinese,1.0g,418mg,3g,0mg,Chicken Broccoli Ca - Unieng's Style,9.8g,7.9g,3422IU,1mg,75mg
Chinese Barbeque Pork (Char Siu),57mg,513,90mg,0.8g,14mcg,3mg,40mg,10mg,89,504mg,26g,4.72222232818604,258494/chinese-barbeque-pork-char-siu/,chinese,8.0g,2421mg,42g,1mg,Chinese Barbeque Pork (Char Siu),49.1g,21.9g,165IU,0mg,3mg
Szechwan Shrimp,46mg,142,164mg,0.4g,9mcg,3mg,35mg,3mg,3k,230mg,18.3g,4.42688655853271,86230/szechwan-shrimp/,chinese,1.0g,500mg,4g,0mg,Szechwan Shrimp,6.7g,4.4g,476IU,0mg,5mg
Chinese Chicken Fried Rice II,31mg,255,83mg,1g,60mcg,2mg,26mg,6mg,4k,172mg,14.1g,4.39255571365356,16954/chinese-chicken-fried-rice-ii/,chinese,3.0g,516mg,1g,0mg,Chinese Chicken Fried Rice II,25.9g,10.2g,169IU,0mg,2mg
Kung Pao Chicken,49mg,437,66mg,4.2g,60mcg,2mg,93mg,23mg,1k,621mg,34.4g,4.28528547286987,9027/kung-pao-chicken/,chinese,4.0g,596mg,7g,0mg,Kung Pao Chicken,25.3g,23.3g,174IU,1mg,6mg
Asian Beef with Snow Peas,34mg,203,39mg,1.5g,23mcg,3mg,32mg,6mg,1k,343mg,16g,4.30254030227661,15679/asian-beef-with-snow-peas/,chinese,3.0g,711mg,6g,0mg,Asian Beef with Snow Peas,9.7g,10g,66IU,0mg,26mg
Sweet and Sour Chicken I,158mg,639,160mg,1.8g,86mcg,4mg,82mg,40mg,1k,742mg,59.2g,4.50506734848022,8536/sweet-and-sour-chicken-i/,chinese,3.0g,759mg,24g,0mg,Sweet and Sour Chicken I,56.2g,18.4g,201IU,1mg,29mg
Mongolian Beef and Spring Onions,130mg,391,27mg,3.3g,81mcg,4mg,52mg,8mg,1k,606mg,18g,4.61104440689087,201849/mongolian-beef-and-spring-onions/,chinese,3.0g,1862mg,39g,0mg,Mongolian Beef and Spring Onions,54.7g,12.1g,1122IU,0mg,22mg
Chinese Pepper Steak,25mg,312,69mg,1.7g,26mcg,4mg,45mg,10mg,1k,647mg,26.1g,4.57202196121216,172704/chinese-pepper-steak/,chinese,3.0g,972mg,10g,0mg,Chinese Pepper Steak,17g,15.4g,490IU,1mg,32mg
Grilled Asian Chicken,18mg,217,67mg,0.2g,6mcg,1mg,31mg,16mg,645,255mg,25.7g,4.47916650772095,8919/grilled-asian-chicken/,chinese,1.0g,961mg,9g,0mg,Grilled Asian Chicken,10.6g,7.6g,17IU,1mg,1mg
Black Pepper Beef and Cabbage Stir Fry,52mg,280,48mg,3.1g,57mcg,2mg,29mg,6mg,834,380mg,11.6g,4.24478197097778,50233/black-pepper-beef-and-cabbage-stir-fry/,chinese,7.0g,547mg,4g,0mg,Black Pepper Beef and Cabbage Stir Fry,9.5g,22.1g,1021IU,0mg,72mg
"Super-Simple, Super-Spicy Mongolian Beef",29mg,200,25mg,1.2g,18mcg,2mg,25mg,6mg,500,289mg,15.4g,4.56839609146118,148831/super-simple-super-spicy-mongolian-beef/,chinese,3.0g,996mg,4g,0mg,"Super-Simple, Super-Spicy Mongolian Beef",7.9g,11.9g,1061IU,0mg,5mg
Slow Cooker Mongolian Beef,94mg,450,47mg,2.2g,43mcg,3mg,56mg,12mg,508,620mg,28g,3.9417722225189196,195083/slow-cooker-mongolian-beef/,chinese,4.0g,2391mg,38g,0mg,Slow Cooker Mongolian Beef,55.4g,13g,190IU,1mg,6mg
Coconut Coconut Milk Cake,80mg,241,51mg,1.1g,26mcg,1mg,15mg,1mg,112,82mg,2.8g,4.6097559928894,237023/coconut-coconut-milk-cake/,south-american,10.0g,289mg,17g,0mg,Coconut Coconut Milk Cake,26.4g,14.6g,277IU,0mg,0mg
Argentine Meat Empanadas,28mg,498,73mg,1.5g,51mcg,3mg,22mg,7mg,131,213mg,14.7g,4.16964292526245,12512/argentine-meat-empanadas/,south-american,10.0g,326mg,4g,0mg,Argentine Meat Empanadas,27.7g,36.8g,455IU,0mg,2mg
"Silpancho from Cochabamba, Bolivia",207mg,928,235mg,9.6g,284mcg,10mg,125mg,21mg,9,1615mg,43.1g,4.75,255744/silpancho-from-cochabamba-bolivia/,south-american,6.0g,558mg,10g,1mg,"Silpancho from Cochabamba, Bolivia",133.8g,23.7g,733IU,1mg,73mg
Brazilian Cheese Rolls (Pao de Queijo),166mg,199,36mg,0g,5mcg,0mg,8mg,1mg,78,34mg,5.8g,4.52631568908691,221430/brazilian-cheese-rolls-pao-de-queijo/,south-american,4.0g,386mg,0g,0mg,Brazilian Cheese Rolls (Pao de Queijo),17.2g,12g,124IU,0mg,0mg
Chef John's Chimichurri Sauce,52mg,255,0mg,0.8g,27mcg,1mg,14mg,0mg,331,153mg,1g,4.82539701461792,236375/chef-johns-chimichurri-sauce/,south-american,4.0g,304mg,0g,0mg,Chef John's Chimichurri Sauce,3g,27.3g,1812IU,0mg,25mg
Bolivian Saltenas,48mg,482,108mg,4g,119mcg,4mg,39mg,9mg,43,480mg,16.6g,4.0303030014038095,216872/bolivian-saltenas/,south-american,10.0g,551mg,12g,0mg,Bolivian Saltenas,59g,20.3g,1347IU,0mg,17mg
Peruvian Arroz con Pollo,78mg,739,136mg,3.5g,155mcg,5mg,77mg,21mg,96,723mg,45.7g,4.46875,204963/peruvian-arroz-con-pollo/,south-american,7.0g,198mg,6g,1mg,Peruvian Arroz con Pollo,65.2g,29.7g,3664IU,1mg,39mg
Colombian Stewed Flank,45mg,236,36mg,2.1g,23mcg,3mg,32mg,6mg,47,466mg,15.4g,4.3513512611389205,143611/colombian-stewed-flank/,south-american,4.0g,770mg,5g,0mg,Colombian Stewed Flank,9.2g,15.6g,659IU,0mg,14mg
Suspiro Limeno,359mg,401,109mg,0.1g,21mcg,0mg,34mg,3mg,16,461mg,11.6g,4.16666650772095,142175/suspiro-limeno/,south-american,7.0g,171mg,62g,0mg,Suspiro Limeno,62.4g,11.9g,401IU,0mg,3mg
Quinoa and Black Beans,41mg,153,0mg,7.8g,61mcg,2mg,35mg,2mg,7k,333mg,7.7g,4.64437437057495,49552/quinoa-and-black-beans/,south-american,0.0g,517mg,2g,0mg,Quinoa and Black Beans,27.8g,1.7g,362IU,0mg,5mg
Mom's Stovetop Pork Ribs,157mg,461,125mg,3.4g,85mcg,6mg,64mg,14mg,674,710mg,33.5g,4.55195903778076,75811/moms-stovetop-pork-ribs/,south-american,12.0g,1327mg,1g,0mg,Mom's Stovetop Pork Ribs,10.7g,32g,4031IU,1mg,74mg
Brazilian Black Bean Stew,162mg,508,31mg,17.8g,134mcg,8mg,109mg,9mg,510,1476mg,22.8g,4.653276920318599,71808/brazilian-black-bean-stew/,south-american,5.0g,1538mg,17g,1mg,Brazilian Black Bean Stew,70.7g,15g,23932IU,1mg,91mg
Brazilian Chicken with Coconut Milk,62mg,345,72mg,2.8g,49mcg,3mg,52mg,18mg,572,624mg,29.3g,4.27737236022949,58647/brazilian-chicken-with-coconut-milk/,south-american,7.0g,234mg,4g,0mg,Brazilian Chicken with Coconut Milk,11.5g,19.9g,2301IU,1mg,38mg
Brazilian Lemonade,61mg,152,5mg,0.9g,4mcg,0mg,9mg,0mg,442,90mg,1.4g,4.71250009536743,54083/brazilian-lemonade/,south-american,1.0g,28mg,33g,0mg,Brazilian Lemonade,36.2g,1.3g,55IU,0mg,10mg
Brazilian White Rice,19mg,201,0mg,0.7g,107mcg,2mg,13mg,3mg,418,61mg,3.4g,4.40749979019165,144308/brazilian-white-rice/,south-american,1.0g,297mg,0g,0mg,Brazilian White Rice,37.5g,3.7g,0IU,0mg,0mg
Brazilian Fish Stew,116mg,359,42mg,4.8g,41mcg,6mg,93mg,7mg,441,1079mg,27.4g,4.39945650100708,190412/brazilian-fish-stew/,south-american,14.0g,600mg,6g,0mg,Brazilian Fish Stew,15.6g,21.8g,2394IU,1mg,105mg
Brigadeiro,57mg,70,8mg,0.3g,2mcg,0mg,9mg,0mg,483,85mg,1.7g,4.3641791343689,24052/brigadeiro/,south-american,2.0g,29mg,11g,0mg,Brigadeiro,11.1g,2.4g,70IU,0mg,1mg
Brazilian Cheese Bread (Pao de Queijo),131mg,385,71mg,0g,9mcg,1mg,9mg,1mg,566,67mg,6.3g,4.38372087478638,98554/brazilian-cheese-bread-pao-de-queijo/,south-american,5.0g,555mg,1g,0mg,Brazilian Cheese Bread (Pao de Queijo),39.9g,22.6g,146IU,0mg,0mg
Chimichurri Sauce,23mg,133,0mg,0.5g,10mcg,1mg,6mg,0mg,318,53mg,0.3g,4.54460096359253,68003/chimichurri-sauce/,south-american,2.0g,201mg,0g,0mg,Chimichurri Sauce,1.3g,14.2g,487IU,0mg,7mg
Fried Empanadas,14mg,528,33mg,1.1g,48mcg,2mg,13mg,4mg,231,138mg,8g,4.5144510269164995,71805/fried-empanadas/,south-american,7.0g,169mg,2g,0mg,Fried Empanadas,21.4g,46.2g,324IU,0mg,1mg
Refined Sugar Free-Mango Sticky Rice,29mg,332,0mg,4g,25mcg,4mg,53mg,2mg,0,398mg,4g,0.0,256566/refined-sugar-free-mango-sticky-rice/,thai,14.0g,159mg,20g,0mg,Refined Sugar Free-Mango Sticky Rice,45.7g,16.8g,575IU,0mg,22mg
Khao Man Gai Thai Chicken and Rice (Healthy Version),99mg,807,59mg,4.8g,45mcg,5mg,82mg,14mg,0,937mg,37.6g,0.0,257375/khao-man-gai-thai-chicken-and-rice-healthy-version/,thai,2.0g,3154mg,26g,0mg,Khao Man Gai Thai Chicken and Rice (Healthy Version),137.6g,12.4g,1951IU,1mg,340mg
Goong Tod Kratiem Prik Thai (Prawns Fried with Garlic and White Pepper),75mg,377,157mg,1g,21mcg,1mg,52mg,8mg,2,258mg,20.5g,4.5,245888/goong-tod-kratiem-prik-thai-prawns-fried-with-garlic-and-white-pepper/,thai,4.0g,1118mg,4g,0mg,Goong Tod Kratiem Prik Thai (Prawns Fried with Garlic and White Pepper),19.5g,24.7g,169IU,0mg,3mg
Yam Taeng (Spicy Cucumber Salad),141mg,347,8mg,10.2g,537mcg,7mg,304mg,7mg,2,1253mg,22.5g,5.0,213923/yam-taeng-spicy-cucumber-salad/,thai,1.0g,625mg,4g,1mg,Yam Taeng (Spicy Cucumber Salad),57.9g,4.5g,365IU,0mg,28mg
Pad Kee Mow (Drunkard's Noodles),74mg,301,20mg,2.5g,41mcg,3mg,49mg,6mg,51,338mg,11.8g,4.48717927932739,220443/pad-kee-mow-drunkards-noodles/,thai,1.0g,1204mg,5g,0mg,Pad Kee Mow (Drunkard's Noodles),44.9g,8.3g,2347IU,0mg,38mg
Thai Sweet Sticky Rice With Mango (Khao Neeo Mamuang),65mg,817,0mg,6.4g,213mcg,7mg,92mg,6mg,351,561mg,8.4g,4.520161151885991,150313/thai-sweet-sticky-rice-with-mango-khao-neeo-mamuang/,thai,22.0g,458mg,76g,1mg,Thai Sweet Sticky Rice With Mango (Khao Neeo Mamuang),144.3g,26g,1188IU,0mg,44mg
Thai Carrot Salad,32mg,183,0mg,2.7g,27mcg,1mg,32mg,2mg,17,288mg,3.5g,4.800000190734861,239964/thai-carrot-salad/,thai,1.0g,332mg,28g,0mg,Thai Carrot Salad,34.3g,5.4g,9951IU,0mg,6mg
Thai Chicken Satay,41mg,391,66mg,3g,38mcg,3mg,103mg,23mg,72,607mg,35.4g,4.33333349227905,90294/thai-chicken-satay/,thai,9.0g,315mg,0g,0mg,Thai Chicken Satay,9.3g,25g,81IU,1mg,9mg
Thai Red Curry Paste,60mg,103,2mg,3.9g,25mcg,2mg,23mg,1mg,7,271mg,2.6g,4.0,239501/thai-red-curry-paste/,thai,1.0g,593mg,5g,0mg,Thai Red Curry Paste,15g,4.3g,896IU,0mg,12mg
Curried Coconut Chicken,67mg,375,78mg,2.8g,25mcg,5mg,75mg,16mg,5k,647mg,32.2g,4.49371671676636,68532/curried-coconut-chicken/,thai,14.0g,807mg,11g,0mg,Curried Coconut Chicken,16.7g,20.9g,287IU,0mg,10mg
Peanut Butter Noodles,31mg,330,0mg,1.9g,29mcg,1mg,43mg,5mg,1k,275mg,10.7g,4.46728992462158,11835/peanut-butter-noodles/,thai,2.0g,1188mg,9g,0mg,Peanut Butter Noodles,46.8g,12g,63IU,0mg,2mg
The Best Thai Coconut Soup,50mg,368,86mg,2g,28mcg,7mg,94mg,5mg,2k,451mg,13.2g,4.6136155128479,146035/the-best-thai-coconut-soup/,thai,28.0g,579mg,2g,0mg,The Best Thai Coconut Soup,8.9g,32.9g,199IU,0mg,5mg
Pad Thai,62mg,524,178mg,2.9g,52mcg,2mg,60mg,15mg,1k,394mg,26.4g,3.92959761619568,42968/pad-thai/,thai,6.0g,594mg,8g,0mg,Pad Thai,58.5g,20.7g,460IU,1mg,19mg
Chicken Satay,24mg,162,68mg,0.7g,11mcg,1mg,45mg,19mg,575,374mg,28.8g,4.23602485656738,17511/chicken-satay/,thai,1.0g,694mg,2g,0mg,Chicken Satay,4.1g,3g,44IU,1mg,6mg
Spicy Thai Basil Chicken (Pad Krapow Gai),99mg,715,156mg,1.4g,133mcg,5mg,92mg,23mg,1k,670mg,49.8g,4.77094030380249,257938/spicy-thai-basil-chicken-pad-krapow-gai/,thai,7.0g,1182mg,6g,0mg,Spicy Thai Basil Chicken (Pad Krapow Gai),58.6g,30g,1568IU,1mg,31mg
Thai Green Curry Chicken,47mg,472,57mg,1.8g,33mcg,5mg,83mg,8mg,792,475mg,27.1g,4.5296368598938,141833/thai-green-curry-chicken/,thai,24.0g,935mg,7g,0mg,Thai Green Curry Chicken,14.6g,40.9g,526IU,0mg,5mg
Thai Cucumber Salad,48mg,238,0mg,2.8g,46mcg,1mg,62mg,4mg,696,461mg,5.8g,4.62768030166626,169593/thai-cucumber-salad/,thai,1.0g,1751mg,30g,0mg,Thai Cucumber Salad,37.1g,9.4g,471IU,0mg,10mg
Thai Pineapple Chicken Curry,65mg,623,20mg,3.5g,143mcg,7mg,112mg,10mg,458,546mg,20.3g,4.50851058959961,86005/thai-pineapple-chicken-curry/,thai,25.0g,781mg,16g,0mg,Thai Pineapple Chicken Curry,77.5g,34.5g,374IU,0mg,27mg
Thai Red Chicken Curry,29mg,271,59mg,1.9g,34mcg,1mg,32mg,12mg,620,383mg,25.4g,3.83259916305542,85815/thai-red-chicken-curry/,thai,6.0g,147mg,4g,0mg,Thai Red Chicken Curry,11.2g,15.8g,3653IU,0mg,47mg
Thai Chicken with Basil Stir Fry,81mg,506,78mg,2.2g,141mcg,5mg,84mg,19mg,833,462mg,36.9g,4.36602878570557,35892/thai-chicken-with-basil-stir-fry/,thai,7.0g,804mg,2g,0mg,Thai Chicken with Basil Stir Fry,60g,12.1g,855IU,1mg,7mg
Spanakopita,441mg,496,125mg,3.4g,184mcg,5mg,98mg,6mg,49,529mg,17.2g,4.67391300201416,21496/spanakopita/,greek,20.0g,816mg,3g,0mg,Spanakopita,31.1g,34.5g,9913IU,0mg,12mg
Greek Lemon Chicken and Potatoes,93mg,1139,284mg,3g,52mcg,6mg,112mg,36mg,1k,1428mg,80.4g,4.73824119567871,242352/greek-lemon-chicken-and-potatoes/,greek,17.0g,1866mg,2g,0mg,Greek Lemon Chicken and Potatoes,34.5g,74.5g,625IU,2mg,26mg
Greek Stuffed Tomatoes and Peppers (Yemista),49mg,348,44mg,3.4g,89mcg,3mg,36mg,6mg,27,553mg,13g,4.33333349227905,233236/greek-stuffed-tomatoes-and-peppers-yemista/,greek,7.0g,412mg,5g,0mg,Greek Stuffed Tomatoes and Peppers (Yemista),28.5g,20.6g,1394IU,0mg,61mg
Mediterranean Puff Pastry Chicken,181mg,515,101mg,2.1g,94mcg,3mg,50mg,13mg,270,438mg,22.4g,4.5619835853576705,140729/mediterranean-puff-pastry-chicken/,greek,10.0g,524mg,3g,0mg,Mediterranean Puff Pastry Chicken,33.6g,32.6g,1654IU,0mg,9mg
Grecian Pork Tenderloin,91mg,404,65mg,2.2g,19mcg,3mg,44mg,11mg,410,535mg,24.3g,4.57549238204956,14951/grecian-pork-tenderloin/,greek,5.0g,829mg,1g,1mg,Grecian Pork Tenderloin,9.1g,31.1g,343IU,1mg,22mg
Greek Style Garlic Chicken Breast,36mg,644,68mg,1.6g,7mcg,1mg,39mg,19mg,517,360mg,27.8g,4.47301578521729,54202/greek-style-garlic-chicken-breast/,greek,8.0g,660mg,0g,0mg,Greek Style Garlic Chicken Breast,4g,57.6g,136IU,1mg,23mg
Cousin Cosmo's Greek Chicken,131mg,239,85mg,0.8g,52mcg,2mg,54mg,20mg,505,468mg,31g,4.4352517127990705,28362/cousin-cosmos-greek-chicken/,greek,4.0g,686mg,1g,0mg,Cousin Cosmo's Greek Chicken,4.8g,10.2g,1856IU,1mg,10mg
Octapodi Kokkinisto (Greek Octopus in Tomato Sauce),109mg,412,73mg,2.4g,51mcg,10mg,64mg,8mg,24,813mg,24.2g,4.571428775787349,214011/octapodi-kokkinisto-greek-octopus-in-tomato-sauce/,greek,4.0g,502mg,6g,0mg,Octapodi Kokkinisto (Greek Octopus in Tomato Sauce),14.6g,28.8g,734IU,1mg,22mg
Greek Chicken Pasta,125mg,488,55mg,7.5g,169mcg,4mg,71mg,17mg,1k,526mg,32.6g,4.35623741149902,12072/greek-chicken-pasta/,greek,3.0g,444mg,5g,0mg,Greek Chicken Pasta,70g,11.4g,486IU,1mg,56mg
Souvlaki,21mg,189,65mg,1.2g,7mcg,1mg,34mg,11mg,943,467mg,24.2g,4.69621515274048,14713/souvlaki/,greek,2.0g,354mg,1g,1mg,Souvlaki,4.3g,8.1g,86IU,1mg,25mg
Spinach and Feta Pita Bake,149mg,350,13mg,6.9g,142mcg,4mg,96mg,5mg,1k,524mg,11.6g,4.75766849517822,93666/spinach-and-feta-pita-bake/,greek,4.0g,587mg,3g,0mg,Spinach and Feta Pita Bake,41.6g,17.1g,5546IU,0mg,19mg
Greek Penne and Chicken,155mg,685,94mg,7.1g,25mcg,5mg,98mg,26mg,740,654mg,47g,4.32564449310303,11998/greek-penne-and-chicken/,greek,7.0g,826mg,6g,0mg,Greek Penne and Chicken,96.2g,13.2g,920IU,1mg,24mg
Spanakopita (Greek Spinach Pie),495mg,494,100mg,7.4g,391mcg,8mg,175mg,7mg,909,1304mg,18.2g,4.50068950653076,18417/spanakopita-greek-spinach-pie/,greek,11.0g,894mg,5g,0mg,Spanakopita (Greek Spinach Pie),31.5g,34.7g,12264IU,1mg,62mg
Greek Lemon Chicken and Potato Bake,142mg,551,103mg,8.5g,73mcg,6mg,95mg,16mg,3k,1252mg,34.8g,4.64174461364746,242402/greek-lemon-chicken-and-potato-bake/,greek,6.0g,1859mg,3g,0mg,Greek Lemon Chicken and Potato Bake,41.9g,29.1g,1036IU,1mg,49mg
Chicken Souvlaki Gyro Style,566mg,764,133mg,3.8g,144mcg,4mg,80mg,23mg,506,728mg,44.4g,4.67781686782837,72114/chicken-souvlaki-gyro-style/,greek,15.0g,3170mg,12g,1mg,Chicken Souvlaki Gyro Style,55.9g,40.5g,2270IU,1mg,21mg
Moussaka,351mg,567,123mg,5.4g,57mcg,3mg,60mg,9mg,791,742mg,23.6g,4.43971633911133,19644/moussaka/,greek,18.0g,1017mg,14g,0mg,Moussaka,29.1g,39.4g,920IU,0mg,6mg
Greek Pasta with Tomatoes and White Beans,338mg,460,17mg,11.5g,228mcg,12mg,153mg,7mg,658,1362mg,23.4g,4.16455698013306,11669/greek-pasta-with-tomatoes-and-white-beans/,greek,3.0g,593mg,8g,0mg,Greek Pasta with Tomatoes and White Beans,79g,5.9g,8321IU,0mg,35mg
Feta Cheese Turkey Burgers,217mg,318,123mg,0.5g,22mcg,2mg,31mg,9mg,459,300mg,25.5g,4.56166982650757,14572/feta-cheese-turkey-burgers/,greek,9.0g,800mg,2g,0mg,Feta Cheese Turkey Burgers,3.6g,21.9g,226IU,1mg,0mg
Greek Chicken,38mg,412,97mg,1.4g,9mcg,2mg,30mg,10mg,518,319mg,31.1g,4.46218490600586,14527/greek-chicken/,greek,7.0g,95mg,0g,0mg,Greek Chicken,3.5g,30.7g,145IU,0mg,22mg
Norway's Best Pepper Cookies,16mg,144,21mg,0.5g,25mcg,1mg,4mg,1mg,53,21mg,1.5g,4.47499990463257,11086/norways-best-pepper-cookies/,scandinavian,5.0g,108mg,7g,0mg,Norway's Best Pepper Cookies,17.3g,7.8g,242IU,0mg,0mg
Finnish Pulla,25mg,178,34mg,0.9g,66mcg,2mg,10mg,3mg,262,68mg,4.7g,4.78645849227905,7010/finnish-pulla/,scandinavian,2.0g,99mg,7g,0mg,Finnish Pulla,30.9g,3.8g,138IU,0mg,0mg
Rosenmunnar,2mg,47,7mg,0.1g,7mcg,0mg,1mg,0mg,855,6mg,0.4g,4.57719278335571,9745/rosenmunnar/,scandinavian,2.0g,19mg,2g,0mg,Rosenmunnar,5.6g,2.6g,79IU,0mg,0mg
Rosettes I,12mg,561,13mg,0.1g,10mcg,0mg,2mg,0mg,203,21mg,1.1g,4.7425742149353,9809/rosettes-i/,scandinavian,8.0g,28mg,5g,0mg,Rosettes I,8.2g,59.2g,32IU,0mg,0mg
Swedish Nuts II,22mg,298,15mg,2.7g,7mcg,1mg,35mg,1mg,125,125mg,3.1g,4.685184955596919,15037/swedish-nuts-ii/,scandinavian,5.0g,48mg,14g,0mg,Swedish Nuts II,16.5g,26.2g,193IU,0mg,0mg
Norwegian Lefse,27mg,368,16mg,5.5g,63mcg,2mg,59mg,6mg,125,918mg,6.9g,4.45454549789429,18082/norwegian-lefse/,scandinavian,4.0g,523mg,3g,0mg,Norwegian Lefse,71.2g,6.6g,197IU,1mg,20mg
Danish Almond Puff,25mg,424,131mg,0.8g,67mcg,2mg,10mg,3mg,47,78mg,5.9g,4.60465097427368,64780/danish-almond-puff/,scandinavian,15.0g,193mg,18g,0mg,Danish Almond Puff,42g,25.9g,804IU,0mg,0mg
Danish Christmas Red Cabbage,24mg,144,0mg,1g,9mcg,0mg,8mg,0mg,100,116mg,0.7g,4.521126747131349,79136/danish-christmas-red-cabbage/,scandinavian,0.0g,402mg,35g,0mg,Danish Christmas Red Cabbage,36.8g,0.1g,527IU,0mg,27mg
Mom's Buttermilk Pancakes,93mg,210,65mg,0.8g,67mcg,2mg,16mg,3mg,1k,156mg,7.1g,4.25729179382324,203229/moms-buttermilk-pancakes/,scandinavian,4.0g,1027mg,3g,0mg,Mom's Buttermilk Pancakes,27.2g,7.9g,256IU,0mg,1mg
Swedish Meatballs (Svenska Kottbullar),65mg,309,108mg,0.6g,31mcg,2mg,21mg,7mg,1k,290mg,16.9g,4.63652801513672,216564/swedish-meatballs-svenska-kottbullar/,scandinavian,11.0g,794mg,3g,0mg,Swedish Meatballs (Svenska Kottbullar),11.9g,21.3g,392IU,0mg,1mg
Swedish Meatballs I,306mg,662,178mg,0.8g,33mcg,4mg,59mg,13mg,456,712mg,31.2g,4.05835008621216,15449/swedish-meatballs-i/,scandinavian,19.0g,1193mg,12g,0mg,Swedish Meatballs I,26.3g,47.8g,550IU,0mg,4mg
Hasselback Potatoes,72mg,247,19mg,5.1g,39mcg,2mg,55mg,4mg,796,965mg,6.1g,4.24494361877441,79518/hasselback-potatoes/,scandinavian,4.0g,171mg,2g,0mg,Hasselback Potatoes,41.1g,7.1g,201IU,1mg,45mg
Chef John's Swedish Meatballs,76mg,479,194mg,0.7g,32mcg,3mg,32mg,10mg,900,429mg,28.2g,4.62745094299316,231169/chef-johns-swedish-meatballs/,scandinavian,17.0g,1206mg,2g,0mg,Chef John's Swedish Meatballs,10.1g,35.8g,648IU,0mg,1mg
The Amazing Swedish Meatball,116mg,560,134mg,1.4g,43mcg,3mg,37mg,11mg,265,453mg,24.6g,3.44978165626526,53763/the-amazing-swedish-meatball/,scandinavian,16.0g,2175mg,3g,0mg,The Amazing Swedish Meatball,18.6g,42.7g,496IU,0mg,3mg
Easy Swedish Meatball Sauce ,77mg,393,140mg,0.8g,23mcg,2mg,24mg,4mg,570,299mg,15g,4.2358078956603995,218894/easy-swedish-meatball-sauce/,scandinavian,17.0g,358mg,1g,0mg,Easy Swedish Meatball Sauce ,12.2g,31.5g,1080IU,0mg,5mg
Easy Swedish Apple Pie,18mg,359,69mg,2.2g,32mcg,1mg,8mg,2mg,277,126mg,2.8g,4.59471368789673,54628/easy-swedish-apple-pie/,scandinavian,11.0g,133mg,35g,0mg,Easy Swedish Apple Pie,49.3g,18g,572IU,0mg,4mg
Norwegian Pancakes - Pannekaken,88mg,145,98mg,0.6g,53mcg,1mg,14mg,3mg,250,147mg,7.3g,4.58571434020996,83723/norwegian-pancakes-pannekaken/,scandinavian,2.0g,157mg,4g,0mg,Norwegian Pancakes - Pannekaken,19.6g,3.9g,237IU,0mg,0mg
Pebber Nodder (Danish Christmas Cookies),2mg,37,9mg,0.1g,6mcg,0mg,1mg,0mg,208,6mg,0.5g,4.37373733520508,79471/pebber-nodder-danish-christmas-cookies/,scandinavian,1.0g,15mg,2g,0mg,Pebber Nodder (Danish Christmas Cookies),4.4g,2g,62IU,0mg,0mg
Yorkshire Pudding,44mg,157,89mg,0.6g,54mcg,2mg,16mg,3mg,375,121mg,11.8g,4.530386924743651,9239/yorkshire-pudding/,uk-and-ireland,1.0g,261mg,1g,0mg,Yorkshire Pudding,19.1g,3.3g,135IU,0mg,0mg
Irish Bacon And Cabbage Soup,73mg,276,21mg,6g,58mcg,4mg,58mg,6mg,210,1096mg,12.3g,4.53125,100378/irish-bacon-and-cabbage-soup/,uk-and-ireland,3.0g,825mg,5g,0mg,Irish Bacon And Cabbage Soup,38.4g,8.1g,1239IU,1mg,55mg
Ferg's Ulster Fry-up,89mg,643,227mg,1.9g,54mcg,5mg,33mg,7mg,20,401mg,21g,4.699999809265139,100526/fergs-ulster-fry-up/,uk-and-ireland,11.0g,957mg,3g,0mg,Ferg's Ulster Fry-up,32.4g,47.7g,695IU,0mg,6mg
Mushy Peas II,68mg,216,15mg,6.2g,97mcg,5mg,43mg,3mg,10,328mg,7g,3.46153855323792,52024/mushy-peas-ii/,uk-and-ireland,5.0g,397mg,7g,0mg,Mushy Peas II,19.7g,13g,3076IU,0mg,31mg
Beef Wellington,30mg,744,131mg,1.2g,65mcg,5mg,32mg,11mg,509,385mg,26.2g,4.525280952453611,16899/beef-wellington/,uk-and-ireland,21.0g,434mg,1g,0mg,Beef Wellington,29.6g,57.2g,533IU,0mg,1mg
Cawl (Traditional Welsh Broth),76mg,154,12mg,5g,62mcg,2mg,44mg,5mg,16,709mg,9g,4.349999904632569,48770/cawl-traditional-welsh-broth/,uk-and-ireland,1.0g,248mg,7g,0mg,Cawl (Traditional Welsh Broth),23.8g,3.1g,2404IU,1mg,48mg
Cock a Leekie Soup,61mg,243,126mg,2.1g,55mcg,3mg,62mg,17mg,63,544mg,32.4g,4.4745764732360795,16360/cock-a-leekie-soup/,uk-and-ireland,2.0g,503mg,3g,0mg,Cock a Leekie Soup,12.4g,6.5g,1022IU,1mg,8mg
Vegetarian Haggis,24mg,163,19mg,5.4g,44mcg,2mg,20mg,2mg,34,166mg,6.6g,4.11111116409302,81466/vegetarian-haggis/,uk-and-ireland,1.0g,176mg,2g,0mg,Vegetarian Haggis,22.5g,5.6g,984IU,0mg,3mg
English Trifle to Die For,141mg,566,179mg,3.3g,37mcg,1mg,37mg,2mg,125,188mg,6.7g,4.744897842407231,18981/english-trifle-to-die-for/,uk-and-ireland,18.0g,350mg,32g,0mg,English Trifle to Die For,63.6g,33.2g,1219IU,0mg,7mg
Amazingly Easy Irish Soda Bread,53mg,172,16mg,0.7g,48mcg,1mg,8mg,2mg,1k,56mg,3.5g,4.47800588607788,16947/amazingly-easy-irish-soda-bread/,uk-and-ireland,2.0g,269mg,3g,0mg,Amazingly Easy Irish Soda Bread,22.5g,7.5g,290IU,0mg,0mg
Irish Chicken and Dumplings,162mg,595,58mg,7.8g,150mcg,6mg,90mg,20mg,1k,1376mg,33.9g,4.53888463973999,11843/irish-chicken-and-dumplings/,uk-and-ireland,3.0g,2402mg,14g,0mg,Irish Chicken and Dumplings,94.4g,9.2g,11398IU,1mg,45mg
Irresistible Irish Soda Bread,123mg,192,27mg,0.8g,61mcg,2mg,12mg,3mg,1k,102mg,5.1g,4.56606864929199,7095/irresistible-irish-soda-bread/,uk-and-ireland,3.0g,497mg,8g,0mg,Irresistible Irish Soda Bread,31.7g,4.9g,149IU,0mg,0mg
Guinness(R) Corned Beef,19mg,277,61mg,0g,6mcg,2mg,17mg,7mg,1k,355mg,16.7g,4.41409683227539,46530/guinness-corned-beef/,uk-and-ireland,5.0g,1384mg,13g,0mg,Guinness(R) Corned Beef,13.6g,16.9g,0IU,0mg,31mg
Irish Soda Bread,164mg,511,67mg,3.2g,126mcg,4mg,35mg,6mg,919,389mg,11.3g,4.69093418121338,18456/irish-soda-bread/,uk-and-ireland,5.0g,543mg,15g,1mg,Irish Soda Bread,99.5g,8.6g,274IU,0mg,1mg
Beef and Guinness(R) Stew,91mg,528,96mg,5.1g,42mcg,4mg,62mg,11mg,1k,1015mg,29.4g,4.85261726379395,234534/beef-and-guinness-stew/,uk-and-ireland,10.0g,1605mg,9g,0mg,Beef and Guinness(R) Stew,42.1g,24.6g,5365IU,1mg,20mg
Diane's Colcannon,59mg,250,26mg,4.6g,46mcg,1mg,43mg,3mg,844,756mg,5.8g,4.75558662414551,58642/dianes-colcannon/,uk-and-ireland,6.0g,217mg,4g,0mg,Diane's Colcannon,29.8g,12.6g,258IU,1mg,45mg
Braised Corned Beef Brisket,28mg,455,162mg,0.7g,17mcg,3mg,24mg,8mg,1k,307mg,30.6g,4.80608987808228,231030/braised-corned-beef-brisket/,uk-and-ireland,11.0g,1877mg,2g,0mg,Braised Corned Beef Brisket,5.4g,33.7g,1IU,0mg,4mg
Scottish Shortbread IV,16mg,256,41mg,0.6g,44mcg,1mg,6mg,2mg,899,42mg,2.6g,4.57190656661987,11341/scottish-shortbread-iv/,uk-and-ireland,10.0g,112mg,9g,0mg,Scottish Shortbread IV,26.9g,15.6g,473IU,0mg,0mg
Irish Lamb Stew,82mg,672,163mg,4g,58mcg,5mg,67mg,21mg,823,936mg,46.4g,4.59892082214355,16035/irish-lamb-stew/,uk-and-ireland,16.0g,1189mg,6g,0mg,Irish Lamb Stew,26.3g,39.3g,8245IU,1mg,17mg
Sky High Yorkshire Pudding,60mg,160,65mg,0.6g,48mcg,1mg,11mg,2mg,854,106mg,5.6g,4.37873125076294,95339/sky-high-yorkshire-pudding/,uk-and-ireland,2.0g,40mg,2g,0mg,Sky High Yorkshire Pudding,17.9g,7.2g,158IU,0mg,0mg
Hungarian Poppy Seed Filling,227mg,152,22mg,1.4g,12mcg,1mg,49mg,1mg,26,131mg,3.8g,4.86666679382324,97456/hungarian-poppy-seed-filling/,eastern-european,2.0g,50mg,12g,0mg,Hungarian Poppy Seed Filling,13.5g,10g,180IU,0mg,0mg
Kolachky,44mg,241,34mg,0.9g,30mcg,1mg,18mg,1mg,116,71mg,3.9g,4.571428775787349,26159/kolachky/,eastern-european,8.0g,37mg,4g,0mg,Kolachky,17.8g,17.9g,369IU,0mg,0mg
Serbian Cevapcici,55mg,690,223mg,0.6g,24mcg,5mg,61mg,23mg,86,879mg,62.8g,4.5588235855102495,80398/serbian-cevapcici/,eastern-european,18.0g,1097mg,0g,1mg,Serbian Cevapcici,2.1g,46.1g,350IU,1mg,3mg
Slovak Stuffed Cabbage,101mg,556,101mg,6.9g,91mcg,5mg,60mg,12mg,350,876mg,25.9g,4.50409841537476,14597/slovak-stuffed-cabbage/,eastern-european,14.0g,2096mg,17g,1mg,Slovak Stuffed Cabbage,31.6g,36.5g,985IU,1mg,110mg
Real Hungarian Goulash (No Tomato Paste Here),38mg,348,111mg,2.6g,24mcg,5mg,37mg,7mg,129,451mg,32.1g,4.5,235135/real-hungarian-goulash-no-tomato-paste-here/,eastern-european,8.0g,76mg,4g,0mg,Real Hungarian Goulash (No Tomato Paste Here),8.9g,20.1g,1806IU,1mg,8mg
Rice Bread (Pirog),64mg,288,27mg,1.3g,93mcg,2mg,17mg,4mg,6,169mg,6.4g,4.66666650772095,6994/rice-bread-pirog/,eastern-european,2.0g,94mg,14g,0mg,Rice Bread (Pirog),47.5g,8g,365IU,0mg,0mg
Simple Golabki,133mg,225,50mg,6.6g,104mcg,4mg,53mg,7mg,43,791mg,18.2g,4.2962961196899405,221395/simple-golabki/,eastern-european,4.0g,1432mg,10g,0mg,Simple Golabki,18.7g,9.6g,347IU,1mg,86mg
Bosnian Style Cornbread (Razljevak),128mg,245,64mg,0.8g,50mcg,1mg,17mg,3mg,9,150mg,6.6g,4.22222232818604,206164/bosnian-style-cornbread-razljevak/,eastern-european,3.0g,557mg,3g,0mg,Bosnian Style Cornbread (Razljevak),22g,14.6g,112IU,0mg,1mg
Beef Stroganoff III,33mg,304,83mg,0.9g,21mcg,2mg,19mg,5mg,4k,213mg,16.6g,4.585666179656981,25202/beef-stroganoff-iii/,eastern-european,12.0g,619mg,1g,0mg,Beef Stroganoff III,5.7g,23g,488IU,0mg,2mg
Hungarian Mushroom Soup,103mg,201,32mg,2.4g,41mcg,2mg,27mg,6mg,2k,542mg,7.5g,4.73101282119751,17897/hungarian-mushroom-soup/,eastern-european,8.0g,829mg,6g,0mg,Hungarian Mushroom Soup,14.8g,13.5g,1271IU,0mg,11mg
Russian Tea Cakes I,6mg,102,14mg,0.4g,16mcg,0mg,7mg,1mg,2k,24mg,1.3g,4.6916604042053205,10192/russian-tea-cakes-i/,eastern-european,3.0g,37mg,3g,0mg,Russian Tea Cakes I,8.2g,7.3g,158IU,0mg,0mg
Stuffed Cabbage Rolls,33mg,223,66mg,0.9g,37mcg,2mg,26mg,6mg,2k,338mg,12.8g,4.34585905075073,26661/stuffed-cabbage-rolls/,eastern-european,5.0g,657mg,3g,0mg,Stuffed Cabbage Rolls,13.3g,13.1g,1783IU,0mg,25mg
Russian Mushroom and Potato Soup,50mg,167,23mg,2.7g,36mcg,1mg,30mg,3mg,1k,541mg,4.5g,4.74782609939575,80773/russian-mushroom-and-potato-soup/,eastern-european,5.0g,928mg,3g,0mg,Russian Mushroom and Potato Soup,21.2g,7.7g,2490IU,0mg,19mg
Kielbasa and Cabbage,108mg,377,63mg,6g,95mcg,2mg,44mg,5mg,1k,632mg,17.2g,4.52544689178467,14714/kielbasa-and-cabbage/,eastern-european,9.0g,952mg,12g,1mg,Kielbasa and Cabbage,20.2g,26g,253IU,0mg,79mg
"Serbian Ground Beef, Veggie, and Potato Bake",70mg,367,72mg,5g,52mcg,3mg,58mg,11mg,671,988mg,22.7g,4.4150075912475595,70589/serbian-ground-beef-veggie-and-potato-bake/,eastern-european,6.0g,567mg,4g,0mg,"Serbian Ground Beef, Veggie, and Potato Bake",27.2g,18.1g,3408IU,1mg,50mg
Lentil Soup,114mg,255,9mg,13.7g,206mcg,4mg,67mg,4mg,624,747mg,13.7g,4.59069776535034,16016/lentil-soup/,eastern-european,1.0g,1099mg,7g,0mg,Lentil Soup,33.3g,6g,5621IU,0mg,21mg
Apple Banana Cupcakes,9mg,151,16mg,0.8g,23mcg,1mg,6mg,1mg,469,67mg,1.8g,4.668997764587401,25552/apple-banana-cupcakes/,eastern-european,2.0g,158mg,13g,0mg,Apple Banana Cupcakes,22.3g,6.3g,33IU,0mg,1mg
Sweet Russian Cabbage Soup,211mg,688,128mg,10.4g,159mcg,8mg,89mg,16mg,531,1427mg,36.9g,4.6304349899292,94031/sweet-russian-cabbage-soup/,eastern-european,14.0g,2396mg,42g,0mg,Sweet Russian Cabbage Soup,55.5g,35.9g,6420IU,1mg,124mg
Ukrainian Red Borscht Soup,78mg,257,31mg,4.8g,67mcg,2mg,43mg,5mg,590,837mg,10.1g,4.46699285507202,84450/ukrainian-red-borscht-soup/,eastern-european,5.0g,626mg,8g,0mg,Ukrainian Red Borscht Soup,24.4g,13.8g,3665IU,0mg,39mg
Lebkuchen VI,10mg,61,3mg,0.3g,10mcg,0mg,8mg,0mg,52,50mg,0.7g,4.31914901733398,25811/lebkuchen-vi/,german,0.0g,15mg,9g,0mg,Lebkuchen VI,13.8g,0.5g,4IU,0mg,0mg
Jaeger Schnitzel,70mg,455,169mg,3.2g,154mcg,4mg,76mg,23mg,78,813mg,38.6g,4.23214292526245,85935/jaeger-schnitzel/,german,3.0g,828mg,3g,2mg,Jaeger Schnitzel,53.5g,9.1g,96IU,1mg,2mg
Crispy Roasted Chicken,31mg,495,129mg,1.2g,13mcg,3mg,41mg,13mg,194,433mg,41.5g,4.65909099578857,228363/crispy-roasted-chicken/,german,8.0g,446mg,1g,0mg,Crispy Roasted Chicken,3.1g,34.5g,1350IU,1mg,2mg
Lengenberg's Boiled Potatoes,7mg,204,0mg,4.3g,8mcg,0mg,3mg,0mg,34,28mg,5.4g,4.40000009536743,218445/lengenbergs-boiled-potatoes/,german,0.0g,57mg,0g,0mg,Lengenberg's Boiled Potatoes,46.2g,0.3g,421IU,0mg,7mg
German Spaetzle Dumplings,47mg,141,73mg,0.7g,49mcg,1mg,15mg,2mg,852,75mg,4.7g,4.50493431091309,11793/german-spaetzle-dumplings/,german,3.0g,269mg,1g,0mg,German Spaetzle Dumplings,16.8g,6g,324IU,0mg,2mg
Bee Sting Cake (Bienenstich) II,73mg,226,46mg,1.3g,47mcg,1mg,27mg,2mg,57,194mg,4.9g,3.73684215545654,8039/bee-sting-cake-bienenstich-ii/,german,7.0g,56mg,6g,0mg,Bee Sting Cake (Bienenstich) II,20.2g,14.4g,434IU,0mg,0mg
Semmelknoedel (Bread Dumplings),169mg,506,113mg,3.9g,202mcg,5mg,51mg,10mg,101,345mg,20.5g,4.51282072067261,85194/semmelknoedel-bread-dumplings/,german,6.0g,1220mg,8g,1mg,Semmelknoedel (Bread Dumplings),78.8g,12.3g,495IU,0mg,4mg
Kaiserschmarren,85mg,472,196mg,3.3g,85mcg,3mg,29mg,5mg,32,445mg,11.6g,4.5,171660/kaiserschmarren/,german,4.0g,109mg,59g,0mg,Kaiserschmarren,89.9g,8.9g,425IU,0mg,2mg
Juicy Roasted Chicken,28mg,423,97mg,0.2g,11mcg,2mg,28mg,10mg,5k,305mg,30.9g,4.7075300216674805,83557/juicy-roasted-chicken/,german,7.0g,662mg,1g,0mg,Juicy Roasted Chicken,1.2g,32.1g,799IU,0mg,0mg
German Apple Cake I,7mg,201,16mg,0.9g,22mcg,1mg,4mg,1mg,2k,40mg,1.7g,4.57599449157715,7915/german-apple-cake-i/,german,1.0g,107mg,19g,0mg,German Apple Cake I,27.7g,9.7g,32IU,0mg,1mg
Authentic German Potato Salad,16mg,183,10mg,2.2g,14mcg,1mg,26mg,3mg,1k,426mg,5.4g,4.61716175079346,83097/authentic-german-potato-salad/,german,1.0g,796mg,11g,0mg,Authentic German Potato Salad,32.2g,3.9g,86IU,0mg,10mg
Hot German Potato Salad III,17mg,205,10mg,2.8g,18mcg,1mg,32mg,3mg,972,518mg,4.3g,4.55126810073853,18085/hot-german-potato-salad-iii/,german,2.0g,512mg,4g,0mg,Hot German Potato Salad III,32.9g,6.5g,10IU,0mg,11mg
Jagerschnitzel,131mg,556,157mg,3g,53mcg,4mg,52mg,13mg,600,540mg,32.9g,4.57854413986206,60708/jagerschnitzel/,german,12.0g,683mg,4g,1mg,Jagerschnitzel,29.9g,33.5g,256IU,1mg,2mg
German Pancakes II,80mg,235,210mg,0.6g,64mcg,2mg,15mg,3mg,807,153mg,9.9g,4.491646766662599,36900/german-pancakes-ii/,german,7.0g,190mg,2g,0mg,German Pancakes II,18.2g,13.6g,557IU,0mg,0mg
Grandma Jeanette's Amazing German Red Cabbage,47mg,148,15mg,2.7g,17mcg,1mg,17mg,1mg,687,266mg,1.4g,4.64691352844238,139977/grandma-jeanettes-amazing-german-red-cabbage/,german,4.0g,1375mg,19g,0mg,Grandma Jeanette's Amazing German Red Cabbage,23.6g,6g,1172IU,0mg,51mg
German Potato Salad,38mg,328,19mg,5.1g,46mcg,2mg,55mg,5mg,460,992mg,8g,4.54855632781982,14411/german-potato-salad/,german,4.0g,250mg,8g,0mg,German Potato Salad,46.1g,12.8g,139IU,1mg,45mg
German Rouladen,23mg,264,59mg,1.8g,13mcg,2mg,29mg,7mg,432,405mg,19.1g,4.574999809265139,25194/german-rouladen/,german,8.0g,1450mg,4g,0mg,German Rouladen,7.7g,17.4g,369IU,0mg,4mg
Slow Cooker Kielbasa and Beer,42mg,383,75mg,1.9g,21mcg,2mg,27mg,7mg,275,472mg,14.7g,4.1153845787048295,21380/slow-cooker-kielbasa-and-beer/,german,11.0g,1491mg,3g,0mg,Slow Cooker Kielbasa and Beer,7.8g,31.1g,13IU,0mg,10mg
Empanadas I,24mg,415,24mg,2.9g,55mcg,3mg,27mg,5mg,66,422mg,11.3g,3.8363635540008505,12508/empanadas-i/,spanish,5.0g,312mg,27g,0mg,Empanadas I,49.7g,19.7g,400IU,0mg,17mg
Tortilla Espanola,92mg,340,279mg,5.2g,95mcg,4mg,63mg,5mg,77,1018mg,14g,4.449999809265139,213226/tortilla-espanola/,spanish,4.0g,126mg,4g,0mg,Tortilla Espanola,37.3g,15.7g,1713IU,1mg,59mg
Authentic Paella Valenciana,85mg,783,82mg,4.5g,230mcg,7mg,48mg,16mg,59,401mg,34.2g,4.07499980926514,73337/authentic-paella-valenciana/,spanish,9.0g,328mg,2g,1mg,Authentic Paella Valenciana,87.3g,31.3g,759IU,1mg,8mg
Chef John's Patatas Bravas,60mg,678,21mg,5.8g,41mcg,3mg,64mg,4mg,89,1039mg,5.6g,4.59183692932129,230569/chef-johns-patatas-bravas/,spanish,8.0g,3885mg,3g,0mg,Chef John's Patatas Bravas,43.3g,55.3g,962IU,1mg,47mg
Spanish Style Albondigas in a Sunny Mediterranean Sauce,159mg,615,87mg,3.8g,62mcg,6mg,63mg,13mg,10,874mg,26.4g,4.44444465637207,229484/spanish-style-albondigas-in-a-sunny-mediterranean-sauce/,spanish,11.0g,760mg,8g,0mg,Spanish Style Albondigas in a Sunny Mediterranean Sauce,26.4g,40.1g,1327IU,1mg,30mg
Broiled Spanish Mackerel,27mg,259,50mg,1.3g,3mcg,1mg,68mg,8mg,41,310mg,16.2g,4.66666650772095,217274/broiled-spanish-mackerel/,spanish,4.0g,56mg,0g,0mg,Broiled Spanish Mackerel,3g,20.9g,228IU,0mg,21mg
Papas Alins or Patatas Alinadas (Andalusian Potatoes),33mg,262,0mg,3.8g,33mcg,2mg,37mg,3mg,2,697mg,3.3g,4.0,246337/papas-alins-or-patatas-alinadas-andalusian-potatoes/,spanish,1.0g,396mg,2g,0mg,Papas Alins or Patatas Alinadas (Andalusian Potatoes),36.6g,9.6g,458IU,0mg,34mg
Spanish Cod,32mg,170,46mg,1.6g,19mcg,1mg,41mg,7mg,212,659mg,21.3g,4.49079751968384,76693/spanish-cod/,spanish,2.0g,597mg,2g,0mg,Spanish Cod,6.5g,6.6g,1038IU,0mg,17mg
Spanish Flan ,273mg,349,100mg,0g,18mcg,1mg,27mg,2mg,1k,353mg,9.5g,4.39384603500366,20979/spanish-flan/,spanish,5.0g,139mg,57g,0mg,Spanish Flan ,56.7g,9.7g,332IU,0mg,2mg
Easy Paella,73mg,736,202mg,2.9g,141mcg,6mg,84mg,28mg,958,778mg,55.7g,4.6129031181335405,84137/easy-paella/,spanish,10.0g,1204mg,2g,1mg,Easy Paella,45.7g,35.1g,1544IU,1mg,31mg
Empanadas,17mg,226,28mg,0.7g,29mcg,1mg,4mg,1mg,567,43mg,1.8g,4.57110071182251,10685/empanadas/,spanish,6.0g,84mg,18g,0mg,Empanadas,32.1g,10.3g,335IU,0mg,2mg
Espinacas con Garbanzos (Spinach with Garbanzo Beans),133mg,169,0mg,6.4g,166mcg,3mg,83mg,2mg,453,450mg,7.3g,4.43969869613647,161535/espinacas-con-garbanzos-spinach-with-garbanzo-beans/,spanish,1.0g,600mg,2g,0mg,Espinacas con Garbanzos (Spinach with Garbanzo Beans),26g,4.9g,8350IU,1mg,10mg
Gazpacho,30mg,39,0mg,1.6g,36mcg,1mg,22mg,1mg,341,411mg,1.6g,4.34387350082397,19770/gazpacho/,spanish,0.0g,305mg,6g,0mg,Gazpacho,9.2g,0.2g,973IU,0mg,38mg
Avocado and Tuna Tapas,33mg,294,27mg,7.4g,99mcg,2mg,56mg,18mg,561,755mg,23.9g,4.67256641387939,139620/avocado-and-tuna-tapas/,spanish,3.0g,154mg,2g,0mg,Avocado and Tuna Tapas,11g,18.2g,782IU,1mg,31mg
Spanish Potato Omelet,35mg,252,124mg,1.6g,31mcg,1mg,18mg,2mg,999,293mg,5.4g,4.4659686088562,20198/spanish-potato-omelet/,spanish,4.0g,54mg,2g,0mg,Spanish Potato Omelet,10.7g,21.5g,555IU,0mg,10mg
Chef John's Chicken and Rice ,56mg,474,77mg,2.4g,127mcg,5mg,47mg,13mg,781,442mg,28.9g,4.55428552627563,238133/chef-johns-chicken-and-rice/,spanish,4.0g,1329mg,4g,0mg,Chef John's Chicken and Rice ,45.1g,19.1g,1880IU,0mg,36mg
Ethiopian Spiced Cottage Cheese,304mg,232,32mg,5.5g,459mcg,7mg,191mg,6mg,9,1434mg,21.1g,4.19999980926514,213254/ethiopian-spiced-cottage-cheese/,east-african,7.0g,676mg,2g,0mg,Ethiopian Spiced Cottage Cheese,14.4g,11.8g,21779IU,1mg,93mg
Ethiopian Cabbage Dish,106mg,428,0mg,10.1g,104mcg,7mg,81mg,5mg,1k,1360mg,6.9g,4.569083213806151,152937/ethiopian-cabbage-dish/,east-african,3.0g,428mg,10g,0mg,Ethiopian Cabbage Dish,54.1g,22.2g,9747IU,1mg,92mg
Green Banana Fries,34mg,214,0mg,0g,0mcg,0mg,0mg,1mg,66,&lt; 1mg,0.9g,4.34375,82495/green-banana-fries/,east-african,2.0g,26mg,0g,0mg,Green Banana Fries,21.1g,15.3g,217IU,0mg,11mg
Gomen Wat,130mg,88,0mg,4g,134mcg,1mg,16mg,1mg,73,261mg,2.7g,4.39130449295044,185093/gomen-wat/,east-african,1.0g,408mg,2g,0mg,Gomen Wat,10.1g,5g,5286IU,0mg,61mg
Ethiopian Chicken,25mg,157,34mg,1.1g,13mcg,1mg,30mg,6mg,33,206mg,14.2g,3.95121955871582,55826/ethiopian-chicken/,east-african,2.0g,2440mg,2g,0mg,Ethiopian Chicken,6.2g,8.3g,68IU,0mg,2mg
Sambusa,17mg,163,24mg,0.5g,20mcg,1mg,11mg,4mg,43,110mg,8.1g,4.24324321746826,53603/sambusa/,east-african,2.0g,213mg,0g,0mg,Sambusa,10.8g,9.5g,67IU,0mg,1mg
Injera,7mg,166,0mg,3.8g,56mcg,1mg,51mg,3mg,32,102mg,5.1g,3.14285707473755,7070/injera/,east-african,0.0g,28mg,1g,0mg,Injera,32g,1.8g,0IU,0mg,0mg
Ethiopian Vegetable Bowl,91mg,286,0mg,8.6g,71mcg,3mg,76mg,5mg,26,1353mg,6.8g,4.32142877578735,188472/ethiopian-vegetable-bowl/,east-african,1.0g,608mg,10g,0mg,Ethiopian Vegetable Bowl,51.7g,7.4g,6377IU,1mg,65mg
Ethiopian Cabbage and Potato Dish (Atkilt),119mg,336,0mg,9.2g,102mcg,2mg,40mg,2mg,48,653mg,5.8g,4.60714292526245,236247/ethiopian-cabbage-and-potato-dish-atkilt/,east-african,3.0g,673mg,12g,0mg,Ethiopian Cabbage and Potato Dish (Atkilt),40.5g,18.7g,12212IU,0mg,75mg
Mombasa Pumpkin Dessert,32mg,210,0mg,0.9g,24mcg,1mg,24mg,1mg,29,505mg,1.8g,4.03999996185303,14007/mombasa-pumpkin-dessert/,east-african,4.0g,4mg,35g,0mg,Mombasa Pumpkin Dessert,43.2g,4.9g,9778IU,0mg,13mg
Ugandan Kabobs,67mg,382,84mg,1g,27mcg,2mg,24mg,6mg,27,239mg,13.6g,4.45454549789429,14627/ugandan-kabobs/,east-african,9.0g,329mg,2g,0mg,Ugandan Kabobs,17.4g,28.1g,208IU,0mg,3mg
Eba,74mg,290,0mg,1.8g,0mcg,1mg,2mg,0mg,9,743mg,0.9g,4.44444465637207,90191/eba/,east-african,0.0g,16mg,0g,0mg,Eba,70.6g,0.4g,0IU,0mg,0mg
African Chicken in Spicy Red Sauce,58mg,257,85mg,3.5g,19mcg,3mg,52mg,16mg,7,659mg,32.1g,4.0,236742/african-chicken-in-spicy-red-sauce/,east-african,2.0g,887mg,6g,0mg,African Chicken in Spicy Red Sauce,14.9g,6.6g,1335IU,1mg,22mg
Somali Spaghetti Sauce,88mg,546,50mg,6.9g,82mcg,8mg,37mg,11mg,12,930mg,25.7g,4.75,246489/somali-spaghetti-sauce/,east-african,5.0g,818mg,8g,0mg,Somali Spaghetti Sauce,63.9g,20.6g,5392IU,0mg,28mg
Key Sir Alicha (Ethiopian Beets and Potatoes),81mg,486,0mg,12.6g,205mcg,4mg,120mg,7mg,8,2047mg,10.2g,4.25,246338/key-sir-alicha-ethiopian-beets-and-potatoes/,east-african,1.0g,414mg,14g,0mg,Key Sir Alicha (Ethiopian Beets and Potatoes),82.1g,14.6g,50IU,1mg,83mg
Berbere Spice Blend,3mg,3,0mg,0.3g,1mcg,0mg,2mg,0mg,23,20mg,0.1g,5.0,255863/berbere-spice-blend/,east-african,0.0g,&lt; 1mg,0g,0mg,Berbere Spice Blend,0.6g,0.1g,348IU,0mg,1mg
Kik Wat (Ethiopian Red Lentil Stew),76mg,432,0mg,22.2g,306mcg,5mg,91mg,5mg,14,807mg,17.2g,4.2857141494751,245948/kik-wat-ethiopian-red-lentil-stew/,east-african,1.0g,503mg,4g,0mg,Kik Wat (Ethiopian Red Lentil Stew),48.7g,18.3g,292IU,1mg,13mg
Berbere (Ethiopian Spice),21mg,25,0mg,2.8g,8mcg,1mg,14mg,1mg,12,160mg,1.1g,5.0,236741/berbere-ethiopian-spice/,east-african,0.0g,345mg,1g,0mg,Berbere (Ethiopian Spice),4.6g,1.2g,2773IU,0mg,5mg
Tomato Chutney,12mg,33,0mg,1.6g,22mcg,1mg,16mg,1mg,9,297mg,1.3g,3.66666674613953,47440/tomato-chutney/,east-african,0.0g,11mg,1g,0mg,Tomato Chutney,7.4g,0.4g,826IU,0mg,57mg
Rosemary Slices,4mg,37,7mg,0.3g,4mcg,0mg,3mg,0mg,83,12mg,0.6g,4.55555534362793,212868/rosemary-slices/,canadian,1.0g,16mg,3g,0mg,Rosemary Slices,5.2g,1.7g,52IU,0mg,0mg
Butternut Squash Soup II,178mg,305,21mg,9.5g,111mcg,3mg,136mg,6mg,3k,1650mg,6.9g,4.62109184265137,77981/butternut-squash-soup-ii/,canadian,4.0g,1151mg,10g,0mg,Butternut Squash Soup II,59.7g,6.8g,35991IU,1mg,89mg
Old Fashioned Onion Rings,265mg,641,69mg,3.5g,146mcg,4mg,40mg,8mg,1k,328mg,14.3g,4.78520441055298,82659/old-fashioned-onion-rings/,canadian,6.0g,1272mg,8g,1mg,Old Fashioned Onion Rings,68.3g,34.6g,256IU,0mg,4mg
Crispy Orange Beef,122mg,507,60mg,5.9g,197mcg,5mg,79mg,11mg,1k,983mg,27.4g,4.47152853012085,57966/crispy-orange-beef/,canadian,5.0g,651mg,17g,0mg,Crispy Orange Beef,59.2g,18.7g,1280IU,1mg,189mg
Boneless Buffalo Wings,131mg,710,136mg,1.7g,89mcg,4mg,41mg,15mg,1k,389mg,28g,4.80413484573364,151266/boneless-buffalo-wings/,canadian,10.0g,2334mg,4g,0mg,Boneless Buffalo Wings,43.7g,46.9g,751IU,0mg,15mg
Light Oat Bread,9mg,152,0mg,1.3g,70mcg,2mg,12mg,3mg,962,60mg,3.9g,4.73380470275879,7025/light-oat-bread/,canadian,0.0g,216mg,2g,0mg,Light Oat Bread,28.6g,2.3g,78IU,0mg,0mg
Asian Salmon,63mg,388,51mg,0.7g,116mcg,3mg,47mg,14mg,898,481mg,27.9g,4.55126667022705,54702/asian-salmon/,canadian,2.0g,279mg,2g,0mg,Asian Salmon,39.6g,12g,104IU,1mg,1mg
Home Style Macaroni and Cheese,442mg,641,118mg,2.5g,104mcg,3mg,46mg,7mg,744,291mg,22.6g,4.23233699798584,23983/home-style-macaroni-and-cheese/,canadian,25.0g,828mg,6g,0mg,Home Style Macaroni and Cheese,47g,40.4g,1494IU,0mg,2mg
Best Ever Meat Loaf,223mg,409,155mg,1g,40mcg,3mg,36mg,11mg,1k,435mg,28.4g,4.721288681030269,229559/best-ever-meat-loaf/,canadian,10.0g,1227mg,14g,0mg,Best Ever Meat Loaf,22.3g,22.7g,1948IU,0mg,4mg
The Best Steak Marinade,28mg,156,0mg,0.2g,4mcg,1mg,9mg,1mg,1k,188mg,1.2g,4.60772657394409,176770/the-best-steak-marinade/,canadian,2.0g,1135mg,4g,0mg,The Best Steak Marinade,7.8g,13.5g,14IU,0mg,3mg
"Soft, Moist and Gooey Cinnamon Buns",28mg,165,29mg,0.3g,12mcg,0mg,5mg,0mg,1k,60mg,1.1g,4.76506042480469,7176/soft-moist-and-gooey-cinnamon-buns/,canadian,5.0g,143mg,20g,0mg,"Soft, Moist and Gooey Cinnamon Buns",21.2g,8.9g,267IU,0mg,0mg
Greek Lemon Chicken and Potato Bake,142mg,551,103mg,8.5g,73mcg,6mg,95mg,16mg,3k,1252mg,34.8g,4.64174461364746,242402/greek-lemon-chicken-and-potato-bake/,canadian,6.0g,1859mg,3g,0mg,Greek Lemon Chicken and Potato Bake,41.9g,29.1g,1036IU,1mg,49mg
Best Hamburger Ever,171mg,445,174mg,1.2g,25mcg,4mg,38mg,14mg,911,517mg,39g,4.184251785278319,72657/best-hamburger-ever/,canadian,12.0g,967mg,2g,0mg,Best Hamburger Ever,8.8g,27.5g,291IU,1mg,3mg
Three Cheese Manicotti II,837mg,611,96mg,8.2g,122mcg,4mg,99mg,17mg,501,985mg,34g,4.61627912521362,86446/three-cheese-manicotti-ii/,canadian,12.0g,1679mg,24g,0mg,Three Cheese Manicotti II,64.6g,24.1g,1729IU,1mg,6mg
Oma's Rhubarb Cake,59mg,324,50mg,1.2g,51mcg,1mg,12mg,2mg,914,154mg,4.4g,4.77687644958496,161436/omas-rhubarb-cake/,canadian,5.0g,253mg,38g,0mg,Oma's Rhubarb Cake,57.7g,9g,314IU,0mg,3mg
Lisa's Favorite Carne Asada Marinade,31mg,207,25mg,1g,17mcg,2mg,25mg,6mg,776,309mg,15g,4.7175397872924805,186691/lisas-favorite-carne-asada-marinade/,canadian,3.0g,640mg,2g,0mg,Lisa's Favorite Carne Asada Marinade,5.7g,14g,865IU,0mg,17mg
Zucchini Alfredo,115mg,379,72mg,2.8g,149mcg,3mg,56mg,7mg,398,395mg,12.4g,4.26851844787598,52934/zucchini-alfredo/,canadian,7.0g,517mg,3g,1mg,Zucchini Alfredo,44.1g,17.4g,771IU,0mg,7mg
Garlic Aioli,5mg,151,8mg,0.1g,2mcg,0mg,1mg,0mg,595,15mg,0.3g,4.6212873458862305,213608/garlic-aioli/,canadian,2.0g,335mg,0g,0mg,Garlic Aioli,1.5g,16.4g,59IU,0mg,3mg
Christmas Brunch Casserole,301mg,494,217mg,2.9g,45mcg,3mg,51mg,12mg,482,874mg,28.1g,4.39393949508667,15047/christmas-brunch-casserole/,canadian,13.0g,1518mg,6g,0mg,Christmas Brunch Casserole,31.9g,28.6g,663IU,0mg,15mg
Dash's Donair,268mg,489,98mg,0.5g,18mcg,3mg,42mg,10mg,473,554mg,26g,4.63917541503906,71963/dashs-donair/,canadian,10.0g,748mg,48g,0mg,Dash's Donair,49.5g,20.9g,307IU,0mg,3mg
Keligun Chicken,32mg,378,86mg,3.1g,20mcg,3mg,58mg,14mg,19,430mg,25.3g,4.46153831481934,8977/keligun-chicken/,australian-and-new-zealander,14.0g,2531mg,2g,0mg,Keligun Chicken,8.5g,27.4g,239IU,1mg,8mg
Dad's New Zealand Mince Stew,56mg,474,96mg,2.2g,30mcg,4mg,47mg,11mg,50,658mg,21.9g,4.29545450210571,49560/dads-new-zealand-mince-stew/,australian-and-new-zealander,13.0g,935mg,17g,0mg,Dad's New Zealand Mince Stew,25.4g,32.4g,653IU,0mg,16mg
Barbequed Thai Style Chicken,36mg,324,100mg,0.9g,23mcg,3mg,51mg,14mg,79,395mg,32.8g,4.48717927932739,25482/barbequed-thai-style-chicken/,australian-and-new-zealander,6.0g,641mg,4g,0mg,Barbequed Thai Style Chicken,5.9g,18.3g,1035IU,0mg,36mg
Korean Sushi,44mg,492,109mg,2.9g,181mcg,5mg,58mg,12mg,18,485mg,23.1g,4.22222232818604,23954/korean-sushi/,australian-and-new-zealander,6.0g,409mg,3g,0mg,Korean Sushi,58g,17.6g,2951IU,0mg,9mg
Salt and Pepper Squid,54mg,1294,261mg,2.5g,120mcg,67mg,135mg,11mg,22,400mg,24.2g,4.16666650772095,98223/salt-and-pepper-squid/,australian-and-new-zealander,14.0g,5403mg,0g,1mg,Salt and Pepper Squid,110.1g,83.3g,53IU,0mg,5mg
Date Loaf Cake,83mg,204,0mg,1.5g,38mcg,1mg,11mg,2mg,27,130mg,2.2g,4.31034469604492,25568/date-loaf-cake/,australian-and-new-zealander,1.0g,386mg,26g,0mg,Date Loaf Cake,40.8g,4g,167IU,0mg,0mg
Aussie Lime Pie,163mg,444,150mg,1.7g,41mcg,1mg,30mg,2mg,57,271mg,7.5g,4.47169828414917,17346/aussie-lime-pie/,australian-and-new-zealander,12.0g,327mg,43g,0mg,Aussie Lime Pie,60.5g,20.3g,613IU,0mg,7mg
Baked Ziti I,359mg,578,71mg,6g,114mcg,3mg,72mg,15mg,10k,721mg,27.9g,4.70244884490967,11758/baked-ziti-i/,australian-and-new-zealander,13.0g,914mg,14g,0mg,Baked Ziti I,58.4g,25.3g,1135IU,0mg,4mg
Quinoa and Black Beans,41mg,153,0mg,7.8g,61mcg,2mg,35mg,2mg,7k,333mg,7.7g,4.64437437057495,49552/quinoa-and-black-beans/,australian-and-new-zealander,0.0g,517mg,2g,0mg,Quinoa and Black Beans,27.8g,1.7g,362IU,0mg,5mg
Annie's Fruit Salsa and Cinnamon Chips,113mg,312,0mg,5.7g,97mcg,3mg,30mg,4mg,3k,288mg,6.8g,4.77635431289673,26692/annies-fruit-salsa-and-cinnamon-chips/,australian-and-new-zealander,1.0g,462mg,16g,0mg,Annie's Fruit Salsa and Cinnamon Chips,59g,5.9g,56IU,0mg,48mg
Braised Balsamic Chicken,35mg,196,61mg,1.2g,8mcg,2mg,24mg,11mg,6k,209mg,23.8g,4.37646770477295,8665/braised-balsamic-chicken/,australian-and-new-zealander,1.0g,511mg,5g,0mg,Braised Balsamic Chicken,7.6g,7g,329IU,0mg,10mg
Roasted Brussels Sprouts,42mg,104,0mg,3g,68mcg,1mg,23mg,1mg,6k,362mg,2.9g,4.58096694946289,67952/roasted-brussels-sprouts/,australian-and-new-zealander,1.0g,344mg,5g,0mg,Roasted Brussels Sprouts,10g,7.3g,817IU,0mg,70mg
"Awesome Sausage, Apple and Cranberry Stuffing",47mg,235,80mg,2.1g,99mcg,3mg,24mg,3mg,3k,268mg,12.5g,4.76741933822632,13651/awesome-sausage-apple-and-cranberry-stuffing/,australian-and-new-zealander,5.0g,548mg,9g,0mg,"Awesome Sausage, Apple and Cranberry Stuffing",21.7g,11.6g,7756IU,0mg,9mg
Shepherd's Pie VI,128mg,452,65mg,7.3g,65mcg,4mg,81mg,11mg,3k,1443mg,23.1g,4.4586491584777805,24202/shepherds-pie-vi/,australian-and-new-zealander,7.0g,295mg,6g,0mg,Shepherd's Pie VI,52.5g,17g,8674IU,1mg,53mg
Roasted Garlic Cauliflower,86mg,118,4mg,3.6g,81mcg,1mg,24mg,2mg,4k,444mg,4.7g,4.5874319076538095,54675/roasted-garlic-cauliflower/,australian-and-new-zealander,2.0g,111mg,3g,0mg,Roasted Garlic Cauliflower,8.6g,8.2g,91IU,0mg,67mg
Artichoke & Spinach Dip Restaurant Style,138mg,153,28mg,1.4g,37mcg,1mg,22mg,1mg,3k,108mg,6.6g,4.663092136383059,33474/artichoke-spinach-dip-restaurant-style/,australian-and-new-zealander,6.0g,485mg,1g,0mg,Artichoke & Spinach Dip Restaurant Style,5.2g,12.3g,3027IU,0mg,4mg
Artichoke Chicken,181mg,548,96mg,3.8g,7mcg,1mg,29mg,17mg,3k,227mg,34.4g,4.41868782043457,69538/artichoke-chicken/,australian-and-new-zealander,8.0g,1225mg,1g,0mg,Artichoke Chicken,13.4g,39.9g,578IU,1mg,14mg
Strawberry Spinach Salad I,191mg,491,0mg,6.2g,182mcg,4mg,124mg,2mg,3k,725mg,6g,4.772759914398191,14276/strawberry-spinach-salad-i/,australian-and-new-zealander,5.0g,63mg,34g,0mg,Strawberry Spinach Salad I,42.9g,35.2g,6658IU,0mg,110mg
