{"25194/german-rouladen/": {"General": {"Title": "German Rouladen", "Reference": "25194/german-rouladen/", "Popularity": "432", "Rating": "4.57499980926514", "Region": "german", "Calories": "264", "Total Fat": "17.4g", "Saturated Fat": "8.0g", "Cholesterol": "59mg", "Sodium": "1450mg", "Potassium": "405mg", "Total Carbohydrates": "7.7g", "Dietary Fiber": "1.8g", "Protein": "19.1g", "Sugars": "4g", "Vitamin A": "369IU", "Vitamin C": "4mg", "Calcium": "23mg", "Iron": "2mg", "Thiamin": "0mg", "Niacin": "7mg", "Vitamin B6": "0mg", "Magnesium": "29mg", "Folate": "13mcg"}, "Nutrition": {"Calories": "264", "Total Fat": "17.4g", "Saturated Fat": "8.0g", "Cholesterol": "59mg", "Sodium": "1450mg", "Potassium": "405mg", "Total Carbohydrates": "7.7g", "Dietary Fiber": "1.8g", "Protein": "19.1g", "Sugars": "4g", "Vitamin A": "369IU", "Vitamin C": "4mg", "Calcium": "23mg", "Iron": "2mg", "Thiamin": "0mg", "Niacin": "7mg", "Vitamin B6": "0mg", "Magnesium": "29mg", "Folate": "13mcg"}, "Ingredients": ["115 g flank steak", "German stone ground mustard, to taste", "40 g thick sliced bacon", "3/8 large onions, sliced", "1/8 (16 ounce) jar dill pickle slices", "5 g butter", "100 ml water", "1/8 cube beef bouillon"]}, "85935/jaeger-schnitzel/": {"General": {"Title": "Jaeger Schnitzel", "Reference": "85935/jaeger-schnitzel/", "Popularity": "76", "Rating": "4.23636341094971", "Region": "german", "Calories": "455", "Total Fat": "9.1g", "Saturated Fat": "3.0g", "Cholesterol": "169mg", "Sodium": "828mg", "Potassium": "813mg", "Total Carbohydrates": "53.5g", "Dietary Fiber": "3.2g", "Protein": "38.6g", "Sugars": "3g", "Vitamin A": "96IU", "Vitamin C": "2mg", "Calcium": "70mg", "Iron": "4mg", "Thiamin": "2mg", "Niacin": "23mg", "Vitamin B6": "1mg", "Magnesium": "76mg", "Folate": "154mcg"}, "Nutrition": {"Calories": "455", "Total Fat": "9.1g", "Saturated Fat": "3.0g", "Cholesterol": "169mg", "Sodium": "828mg", "Potassium": "813mg", "Total Carbohydrates": "53.5g", "Dietary Fiber": "3.2g", "Protein": "38.6g", "Sugars": "3g", "Vitamin A": "96IU", "Vitamin C": "2mg", "Calcium": "70mg", "Iron": "4mg", "Thiamin": "2mg", "Niacin": "23mg", "Vitamin B6": "1mg", "Magnesium": "76mg", "Folate": "154mcg"}, "Ingredients": ["115 g boneless pork chops, cubed", "oil for frying", "1/4 eggs, beaten", "plain bread crumbs", "3/8 (1 ounce) package dry mushroom gravy mix", "55 g fresh mushrooms, coarsely chopped", "1/8 (16 ounce) package dry egg noodles"]}, "228363/crispy-roasted-chicken/": {"General": {"Title": "Crispy Roasted Chicken", "Reference": "228363/crispy-roasted-chicken/", "Popularity": "194", "Rating": "4.65909099578857", "Region": "german", "Calories": "495", "Total Fat": "34.5g", "Saturated Fat": "8.0g", "Cholesterol": "129mg", "Sodium": "446mg", "Potassium": "433mg", "Total Carbohydrates": "3.1g", "Dietary Fiber": "1.2g", "Protein": "41.5g", "Sugars": "1g", "Vitamin A": "1350IU", "Vitamin C": "2mg", "Calcium": "31mg", "Iron": "3mg", "Thiamin": "0mg", "Niacin": "13mg", "Vitamin B6": "1mg", "Magnesium": "41mg", "Folate": "13mcg"}, "Nutrition": {"Calories": "495", "Total Fat": "34.5g", "Saturated Fat": "8.0g", "Cholesterol": "129mg", "Sodium": "446mg", "Potassium": "433mg", "Total Carbohydrates": "3.1g", "Dietary Fiber": "1.2g", "Protein": "41.5g", "Sugars": "1g", "Vitamin A": "1350IU", "Vitamin C": "2mg", "Calcium": "31mg", "Iron": "3mg", "Thiamin": "0mg", "Niacin": "13mg", "Vitamin B6": "1mg", "Magnesium": "41mg", "Folate": "13mcg"}, "Ingredients": ["0.8 g kosher salt", "0.2 g caraway seeds", "0.1 g dried sage", "0.1 g fennel seeds", "0.1 g coriander seeds", "0 g dried rosemary", "2 g paprika", "0.9 g garlic powder", "0.9 g all-purpose flour", "0.4 g onion powder", "10 ml vegetable oil", "1/8 (4 pound) broiler-fryer chicken, cut in half lengthwise"]}, "221947/ulis-apple-red-cabbage/": {"General": {"Title": "Profile Menu", "Reference": "221947/ulis-apple-red-cabbage/", "Popularity": "82", "Rating": "4.65116262435913", "Region": "german", "Calories": ""}, "Nutrition": {"Calories": ""}, "Ingredients": ["7 g butter", "10 g thick-cut bacon, diced", "10 g diced onion", "60 ml chicken broth", "15 ml red wine, or to taste", "1/8 large apple, peeled and sliced", "4 ml apple cider vinegar, or to taste", "1 g white sugar, or to taste", "1/2 whole cloves", "3/8 bay leaves", "0.1 g ground nutmeg, or to taste", "1/8 pinch ground cinnamon, or to taste", "salt and ground pepper to taste", "130 g shredded red cabbage"]}, "218445/lengenbergs-boiled-potatoes/": {"General": {"Title": "Lengenberg's Boiled Potatoes", "Reference": "218445/lengenbergs-boiled-potatoes/", "Popularity": "34", "Rating": "4.40000009536743", "Region": "german", "Calories": "204", "Total Fat": "0.3g", "Saturated Fat": "0.0g", "Cholesterol": "0mg", "Sodium": "57mg", "Potassium": "28mg", "Total Carbohydrates": "46.2g", "Dietary Fiber": "4.3g", "Protein": "5.4g", "Sugars": "0g", "Vitamin A": "421IU", "Vitamin C": "7mg", "Calcium": "7mg", "Iron": "0mg", "Thiamin": "0mg", "Niacin": "0mg", "Vitamin B6": "0mg", "Magnesium": "3mg", "Folate": "8mcg"}, "Nutrition": {"Calories": "204", "Total Fat": "0.3g", "Saturated Fat": "0.0g", "Cholesterol": "0mg", "Sodium": "57mg", "Potassium": "28mg", "Total Carbohydrates": "46.2g", "Dietary Fiber": "4.3g", "Protein": "5.4g", "Sugars": "0g", "Vitamin A": "421IU", "Vitamin C": "7mg", "Calcium": "7mg", "Iron": "0mg", "Thiamin": "0mg", "Niacin": "0mg", "Vitamin B6": "0mg", "Magnesium": "3mg", "Folate": "8mcg"}, "Ingredients": ["255 g medium yellow-flesh potatoes (such as Yukon gold), scrubbed, eyes removed", "1/4 pinch salt", "5 g chopped fresh parsley"]}, "11793/german-spaetzle-dumplings/": {"General": {"Title": "German Spaetzle Dumplings", "Reference": "11793/german-spaetzle-dumplings/", "Popularity": "847", "Rating": "4.50330018997192", "Region": "german", "Calories": "141", "Total Fat": "6g", "Saturated Fat": "3.0g", "Cholesterol": "73mg", "Sodium": "269mg", "Potassium": "75mg", "Total Carbohydrates": "16.8g", "Dietary Fiber": "0.7g", "Protein": "4.7g", "Sugars": "1g", "Vitamin A": "324IU", "Vitamin C": "2mg", "Calcium": "47mg", "Iron": "1mg", "Thiamin": "0mg", "Niacin": "2mg", "Vitamin B6": "0mg", "Magnesium": "15mg", "Folate": "49mcg"}, "Nutrition": {"Calories": "141", "Total Fat": "6g", "Saturated Fat": "3.0g", "Cholesterol": "73mg", "Sodium": "269mg", "Potassium": "75mg", "Total Carbohydrates": "16.8g", "Dietary Fiber": "0.7g", "Protein": "4.7g", "Sugars": "1g", "Vitamin A": "324IU", "Vitamin C": "2mg", "Calcium": "47mg", "Iron": "1mg", "Thiamin": "0mg", "Niacin": "2mg", "Vitamin B6": "0mg", "Magnesium": "15mg", "Folate": "49mcg"}, "Ingredients": ["20 g all-purpose flour", "10 ml milk", "3/8 eggs", "0.2 g ground nutmeg", "1/8 pinch freshly ground white pepper", "0.5 g salt", "0.5 l hot water", "5 g butter", "1 g chopped fresh parsley"]}, "8039/bee-sting-cake-bienenstich-ii/": {"General": {"Title": "Bee Sting Cake (Bienenstich) II", "Reference": "8039/bee-sting-cake-bienenstich-ii/", "Popularity": "57", "Rating": "3.73684215545654", "Region": "german", "Calories": "226", "Total Fat": "14.4g", "Saturated Fat": "7.0g", "Cholesterol": "46mg", "Sodium": "56mg", "Potassium": "194mg", "Total Carbohydrates": "20.2g", "Dietary Fiber": "1.3g", "Protein": "4.9g", "Sugars": "6g", "Vitamin A": "434IU", "Vitamin C": "0mg", "Calcium": "73mg", "Iron": "1mg", "Thiamin": "0mg", "Niacin": "2mg", "Vitamin B6": "0mg", "Magnesium": "27mg", "Folate": "47mcg"}, "Nutrition": {"Calories": "226", "Total Fat": "14.4g", "Saturated Fat": "7.0g", "Cholesterol": "46mg", "Sodium": "56mg", "Potassium": "194mg", "Total Carbohydrates": "20.2g", "Dietary Fiber": "1.3g", "Protein": "4.9g", "Sugars": "6g", "Vitamin A": "434IU", "Vitamin C": "0mg", "Calcium": "73mg", "Iron": "1mg", "Thiamin": "0mg", "Niacin": "2mg", "Vitamin B6": "0mg", "Magnesium": "27mg", "Folate": "47mcg"}, "Ingredients": ["15 g all-purpose flour", "0.8 g active dry yeast", "2 g white sugar", "1/8 pinch salt", "10 ml lukewarm milk", "3 g butter", "3 g butter", "0.8 g confectioners' sugar", "0.9 ml milk", "7 g sliced almonds", "0.9 ml honey (optional)", "20 ml milk", "3 g cornstarch", "0.8 g white sugar", "1/8 egg, beaten", "0.3 ml almond extract", "15 ml heavy whipping cream", "0.3 g cream of tartar"]}, "85194/semmelknoedel-bread-dumplings/": {"General": {"Title": "Semmelknoedel (Bread Dumplings)", "Reference": "85194/semmelknoedel-bread-dumplings/", "Popularity": "101", "Rating": "4.51282072067261", "Region": "german", "Calories": "506", "Total Fat": "12.3g", "Saturated Fat": "6.0g", "Cholesterol": "113mg", "Sodium": "1220mg", "Potassium": "345mg", "Total Carbohydrates": "78.8g", "Dietary Fiber": "3.9g", "Protein": "20.5g", "Sugars": "8g", "Vitamin A": "495IU", "Vitamin C": "4mg", "Calcium": "169mg", "Iron": "5mg", "Thiamin": "1mg", "Niacin": "10mg", "Vitamin B6": "0mg", "Magnesium": "51mg", "Folate": "202mcg"}, "Nutrition": {"Calories": "506", "Total Fat": "12.3g", "Saturated Fat": "6.0g", "Cholesterol": "113mg", "Sodium": "1220mg", "Potassium": "345mg", "Total Carbohydrates": "78.8g", "Dietary Fiber": "3.9g", "Protein": "20.5g", "Sugars": "8g", "Vitamin A": "495IU", "Vitamin C": "4mg", "Calcium": "169mg", "Iron": "5mg", "Thiamin": "1mg", "Niacin": "10mg", "Vitamin B6": "0mg", "Magnesium": "51mg", "Folate": "202mcg"}, "Ingredients": ["1/4 (1 pound) loaf stale French bread, cut into 1 inch cubes", "60 ml milk", "7 g butter", "1/4 onion, finely chopped", "0.9 g chopped fresh parsley", "1/2 eggs", "0.8 g salt", "1/4 pinch ground black pepper", "15 g dry bread crumbs (optional)"]}, "171660/kaiserschmarren/": {"General": {"Title": "Kaiserschmarren", "Reference": "171660/kaiserschmarren/", "Popularity": "32", "Rating": "4.5", "Region": "german", "Calories": "472", "Total Fat": "8.9g", "Saturated Fat": "4.0g", "Cholesterol": "196mg", "Sodium": "109mg", "Potassium": "445mg", "Total Carbohydrates": "89.9g", "Dietary Fiber": "3.3g", "Protein": "11.6g", "Sugars": "59g", "Vitamin A": "425IU", "Vitamin C": "2mg", "Calcium": "85mg", "Iron": "3mg", "Thiamin": "0mg", "Niacin": "5mg", "Vitamin B6": "0mg", "Magnesium": "29mg", "Folate": "85mcg"}, "Nutrition": {"Calories": "472", "Total Fat": "8.9g", "Saturated Fat": "4.0g", "Cholesterol": "196mg", "Sodium": "109mg", "Potassium": "445mg", "Total Carbohydrates": "89.9g", "Dietary Fiber": "3.3g", "Protein": "11.6g", "Sugars": "59g", "Vitamin A": "425IU", "Vitamin C": "2mg", "Calcium": "85mg", "Iron": "3mg", "Thiamin": "0mg", "Niacin": "5mg", "Vitamin B6": "0mg", "Magnesium": "29mg", "Folate": "85mcg"}, "Ingredients": ["1 eggs, separated", "30 ml milk", "25 g white sugar", "1/4 pinch salt", "30 g all-purpose flour", "30 g raisins (optional)", "4 g butter", "4 g confectioners' sugar", "120 ml applesauce (optional)"]}, "83557/juicy-roasted-chicken/": {"General": {"Title": "Juicy Roasted Chicken", "Reference": "83557/juicy-roasted-chicken/", "Popularity": "5k", "Rating": "4.70718383789063", "Region": "german", "Calories": "423", "Total Fat": "32.1g", "Saturated Fat": "7.0g", "Cholesterol": "97mg", "Sodium": "662mg", "Potassium": "305mg", "Total Carbohydrates": "1.2g", "Dietary Fiber": "0.2g", "Protein": "30.9g", "Sugars": "1g", "Vitamin A": "799IU", "Vitamin C": "0mg", "Calcium": "28mg", "Iron": "2mg", "Thiamin": "0mg", "Niacin": "10mg", "Vitamin B6": "0mg", "Magnesium": "28mg", "Folate": "11mcg"}, "Nutrition": {"Calories": "423", "Total Fat": "32.1g", "Saturated Fat": "7.0g", "Cholesterol": "97mg", "Sodium": "662mg", "Potassium": "305mg", "Total Carbohydrates": "1.2g", "Dietary Fiber": "0.2g", "Protein": "30.9g", "Sugars": "1g", "Vitamin A": "799IU", "Vitamin C": "0mg", "Calcium": "28mg", "Iron": "2mg", "Thiamin": "0mg", "Niacin": "10mg", "Vitamin B6": "0mg", "Magnesium": "28mg", "Folate": "11mcg"}, "Ingredients": ["1/8 (3 pound) whole chicken, giblets removed", "salt and black pepper to taste", "1 g onion powder, or to taste", "20 g margarine, divided", "1/8 stalk celery, leaves removed"]}, "7915/german-apple-cake-i/": {"General": {"Title": "German Apple Cake I", "Reference": "7915/german-apple-cake-i/", "Popularity": "2k", "Rating": "4.57601690292358", "Region": "german", "Calories": "201", "Total Fat": "9.7g", "Saturated Fat": "1.0g", "Cholesterol": "16mg", "Sodium": "107mg", "Potassium": "40mg", "Total Carbohydrates": "27.7g", "Dietary Fiber": "0.9g", "Protein": "1.7g", "Sugars": "19g", "Vitamin A": "32IU", "Vitamin C": "1mg", "Calcium": "7mg", "Iron": "1mg", "Thiamin": "0mg", "Niacin": "1mg", "Vitamin B6": "0mg", "Magnesium": "4mg", "Folate": "22mcg"}, "Nutrition": {"Calories": "201", "Total Fat": "9.7g", "Saturated Fat": "1.0g", "Cholesterol": "16mg", "Sodium": "107mg", "Potassium": "40mg", "Total Carbohydrates": "27.7g", "Dietary Fiber": "0.9g", "Protein": "1.7g", "Sugars": "19g", "Vitamin A": "32IU", "Vitamin C": "1mg", "Calcium": "7mg", "Iron": "1mg", "Thiamin": "0mg", "Niacin": "1mg", "Vitamin B6": "0mg", "Magnesium": "4mg", "Folate": "22mcg"}, "Ingredients": ["1/8 eggs", "10 ml vegetable oil", "15 g white sugar", "0.2 g ground cinnamon", "0.1 g salt", "0.2 ml vanilla extract", "10 g all-purpose flour", "0.2 g baking soda", "20 g apples - peeled, cored and diced"]}, "83097/authentic-german-potato-salad/": {"General": {"Title": "Authentic German Potato Salad", "Reference": "83097/authentic-german-potato-salad/", "Popularity": "1k", "Rating": "4.61806154251099", "Region": "german", "Calories": "183", "Total Fat": "3.9g", "Saturated Fat": "1.0g", "Cholesterol": "10mg", "Sodium": "796mg", "Potassium": "426mg", "Total Carbohydrates": "32.2g", "Dietary Fiber": "2.2g", "Protein": "5.4g", "Sugars": "11g", "Vitamin A": "86IU", "Vitamin C": "10mg", "Calcium": "16mg", "Iron": "1mg", "Thiamin": "0mg", "Niacin": "3mg", "Vitamin B6": "0mg", "Magnesium": "26mg", "Folate": "14mcg"}, "Nutrition": {"Calories": "183", "Total Fat": "3.9g", "Saturated Fat": "1.0g", "Cholesterol": "10mg", "Sodium": "796mg", "Potassium": "426mg", "Total Carbohydrates": "32.2g", "Dietary Fiber": "2.2g", "Protein": "5.4g", "Sugars": "11g", "Vitamin A": "86IU", "Vitamin C": "10mg", "Calcium": "16mg", "Iron": "1mg", "Thiamin": "0mg", "Niacin": "3mg", "Vitamin B6": "0mg", "Magnesium": "26mg", "Folate": "14mcg"}, "Ingredients": ["115 g diced peeled potatoes", "1 slice bacon", "1/4 small onion, diced", "15 ml white vinegar", "8 ml water", "9 g white sugar", "2 g salt", "0.1 g ground black pepper", "0.9 g chopped fresh parsley"]}, "18085/hot-german-potato-salad-iii/": {"General": {"Title": "Hot German Potato Salad III", "Reference": "18085/hot-german-potato-salad-iii/", "Popularity": "970", "Rating": "4.55077266693115", "Region": "german", "Calories": "205", "Total Fat": "6.5g", "Saturated Fat": "2.0g", "Cholesterol": "10mg", "Sodium": "512mg", "Potassium": "518mg", "Total Carbohydrates": "32.9g", "Dietary Fiber": "2.8g", "Protein": "4.3g", "Sugars": "4g", "Vitamin A": "10IU", "Vitamin C": "11mg", "Calcium": "17mg", "Iron": "1mg", "Thiamin": "0mg", "Niacin": "3mg", "Vitamin B6": "0mg", "Magnesium": "32mg", "Folate": "18mcg"}, "Nutrition": {"Calories": "205", "Total Fat": "6.5g", "Saturated Fat": "2.0g", "Cholesterol": "10mg", "Sodium": "512mg", "Potassium": "518mg", "Total Carbohydrates": "32.9g", "Dietary Fiber": "2.8g", "Protein": "4.3g", "Sugars": "4g", "Vitamin A": "10IU", "Vitamin C": "11mg", "Calcium": "17mg", "Iron": "1mg", "Thiamin": "0mg", "Niacin": "3mg", "Vitamin B6": "0mg", "Magnesium": "32mg", "Folate": "18mcg"}, "Ingredients": ["3/4 potatoes, peeled", "1/2 slice bacon", "10 g chopped onions", "1 g all-purpose flour", "2 g white sugar", "1 g salt", "0.1 g celery seed", "0 g ground black pepper", "15 ml water", "7 ml distilled white vinegar"]}, "60708/jagerschnitzel/": {"General": {"Title": "Jagerschnitzel", "Reference": "60708/jagerschnitzel/", "Popularity": "600", "Rating": "4.57854413986206", "Region": "german", "Calories": "556", "Total Fat": "33.5g", "Saturated Fat": "12.0g", "Cholesterol": "157mg", "Sodium": "683mg", "Potassium": "540mg", "Total Carbohydrates": "29.9g", "Dietary Fiber": "3g", "Protein": "32.9g", "Sugars": "4g", "Vitamin A": "256IU", "Vitamin C": "2mg", "Calcium": "131mg", "Iron": "4mg", "Thiamin": "1mg", "Niacin": "13mg", "Vitamin B6": "1mg", "Magnesium": "52mg", "Folate": "53mcg"}, "Nutrition": {"Calories": "556", "Total Fat": "33.5g", "Saturated Fat": "12.0g", "Cholesterol": "157mg", "Sodium": "683mg", "Potassium": "540mg", "Total Carbohydrates": "29.9g", "Dietary Fiber": "3g", "Protein": "32.9g", "Sugars": "4g", "Vitamin A": "256IU", "Vitamin C": "2mg", "Calcium": "131mg", "Iron": "4mg", "Thiamin": "1mg", "Niacin": "13mg", "Vitamin B6": "1mg", "Magnesium": "52mg", "Folate": "53mcg"}, "Ingredients": ["25 g bread crumbs", "2 g all-purpose flour", "salt and pepper to taste", "8 ml vegetable oil", "1 pork steaks or cutlets, pounded thin", "1/4 egg, beaten", "1/4 medium onion, diced", "1/4 (8 ounce) can sliced mushrooms", "90 ml water", "1/4 cube beef bouillon", "2 g cornstarch", "30 g sour cream"]}, "36900/german-pancakes-ii/": {"General": {"Title": "German Pancakes II", "Reference": "36900/german-pancakes-ii/", "Popularity": "801", "Rating": "4.48798084259033", "Region": "german", "Calories": "235", "Total Fat": "13.6g", "Saturated Fat": "7.0g", "Cholesterol": "210mg", "Sodium": "190mg", "Potassium": "153mg", "Total Carbohydrates": "18.2g", "Dietary Fiber": "0.6g", "Protein": "9.9g", "Sugars": "2g", "Vitamin A": "557IU", "Vitamin C": "0mg", "Calcium": "80mg", "Iron": "2mg", "Thiamin": "0mg", "Niacin": "3mg", "Vitamin B6": "0mg", "Magnesium": "15mg", "Folate": "64mcg"}, "Nutrition": {"Calories": "235", "Total Fat": "13.6g", "Saturated Fat": "7.0g", "Cholesterol": "210mg", "Sodium": "190mg", "Potassium": "153mg", "Total Carbohydrates": "18.2g", "Dietary Fiber": "0.6g", "Protein": "9.9g", "Sugars": "2g", "Vitamin A": "557IU", "Vitamin C": "0mg", "Calcium": "80mg", "Iron": "2mg", "Thiamin": "0mg", "Niacin": "3mg", "Vitamin B6": "0mg", "Magnesium": "15mg", "Folate": "64mcg"}, "Ingredients": ["9 g butter", "20 g all-purpose flour", "40 ml milk", "1 eggs, lightly beaten", "0.1 g salt"]}, "139977/grandma-jeanettes-amazing-german-red-cabbage/": {"General": {"Title": "Grandma Jeanette's Amazing German Red Cabbage", "Reference": "139977/grandma-jeanettes-amazing-german-red-cabbage/", "Popularity": "683", "Rating": "4.64339160919189", "Region": "german", "Calories": "148", "Total Fat": "6g", "Saturated Fat": "4.0g", "Cholesterol": "15mg", "Sodium": "1375mg", "Potassium": "266mg", "Total Carbohydrates": "23.6g", "Dietary Fiber": "2.7g", "Protein": "1.4g", "Sugars": "19g", "Vitamin A": "1172IU", "Vitamin C": "51mg", "Calcium": "47mg", "Iron": "1mg", "Thiamin": "0mg", "Niacin": "1mg", "Vitamin B6": "0mg", "Magnesium": "17mg", "Folate": "17mcg"}, "Nutrition": {"Calories": "148", "Total Fat": "6g", "Saturated Fat": "4.0g", "Cholesterol": "15mg", "Sodium": "1375mg", "Potassium": "266mg", "Total Carbohydrates": "23.6g", "Dietary Fiber": "2.7g", "Protein": "1.4g", "Sugars": "19g", "Vitamin A": "1172IU", "Vitamin C": "51mg", "Calcium": "47mg", "Iron": "1mg", "Thiamin": "0mg", "Niacin": "1mg", "Vitamin B6": "0mg", "Magnesium": "17mg", "Folate": "17mcg"}, "Ingredients": ["7 g butter", "90 g shredded red cabbage", "30 g sliced green apples", "20 ml apple cider vinegar", "10 ml water", "10 g white sugar", "3 g salt", "0.1 g black pepper", "0.1 g ground cloves"]}, "14411/german-potato-salad/": {"General": {"Title": "German Potato Salad", "Reference": "14411/german-potato-salad/", "Popularity": "460", "Rating": "4.54855632781982", "Region": "german", "Calories": "328", "Total Fat": "12.8g", "Saturated Fat": "4.0g", "Cholesterol": "19mg", "Sodium": "250mg", "Potassium": "992mg", "Total Carbohydrates": "46.1g", "Dietary Fiber": "5.1g", "Protein": "8g", "Sugars": "8g", "Vitamin A": "139IU", "Vitamin C": "45mg", "Calcium": "38mg", "Iron": "2mg", "Thiamin": "0mg", "Niacin": "5mg", "Vitamin B6": "1mg", "Magnesium": "55mg", "Folate": "46mcg"}, "Nutrition": {"Calories": "328", "Total Fat": "12.8g", "Saturated Fat": "4.0g", "Cholesterol": "19mg", "Sodium": "250mg", "Potassium": "992mg", "Total Carbohydrates": "46.1g", "Dietary Fiber": "5.1g", "Protein": "8g", "Sugars": "8g", "Vitamin A": "139IU", "Vitamin C": "45mg", "Calcium": "38mg", "Iron": "2mg", "Thiamin": "0mg", "Niacin": "5mg", "Vitamin B6": "1mg", "Magnesium": "55mg", "Folate": "46mcg"}, "Ingredients": ["1 potatoes", "1 slice bacon", "2 g all-purpose flour", "6 g white sugar", "20 ml water", "15 ml white wine vinegar", "10 g chopped green onions", "salt and pepper to taste"]}, "21380/slow-cooker-kielbasa-and-beer/": {"General": {"Title": "Slow Cooker Kielbasa and Beer", "Reference": "21380/slow-cooker-kielbasa-and-beer/", "Popularity": "275", "Rating": "4.11538457870483", "Region": "german", "Calories": "383", "Total Fat": "31.1g", "Saturated Fat": "11.0g", "Cholesterol": "75mg", "Sodium": "1491mg", "Potassium": "472mg", "Total Carbohydrates": "7.8g", "Dietary Fiber": "1.9g", "Protein": "14.7g", "Sugars": "3g", "Vitamin A": "13IU", "Vitamin C": "10mg", "Calcium": "42mg", "Iron": "2mg", "Thiamin": "0mg", "Niacin": "7mg", "Vitamin B6": "0mg", "Magnesium": "27mg", "Folate": "21mcg"}, "Nutrition": {"Calories": "383", "Total Fat": "31.1g", "Saturated Fat": "11.0g", "Cholesterol": "75mg", "Sodium": "1491mg", "Potassium": "472mg", "Total Carbohydrates": "7.8g", "Dietary Fiber": "1.9g", "Protein": "14.7g", "Sugars": "3g", "Vitamin A": "13IU", "Vitamin C": "10mg", "Calcium": "42mg", "Iron": "2mg", "Thiamin": "0mg", "Niacin": "7mg", "Vitamin B6": "0mg", "Magnesium": "27mg", "Folate": "21mcg"}, "Ingredients": ["115 g kielbasa sausage, cut into 1 inch pieces", "1/8 (12 fluid ounce) can or bottle beer", "1/8 (20 ounce) can sauerkraut, drained"]}, "14412/octoberfest-german-potato-salad/": {"General": {"Title": "Octoberfest German Potato Salad", "Reference": "14412/octoberfest-german-potato-salad/", "Popularity": "259", "Rating": "4.47599983215332", "Region": "german", "Calories": "355", "Total Fat": "20.5g", "Saturated Fat": "3.0g", "Cholesterol": "6mg", "Sodium": "768mg", "Potassium": "865mg", "Total Carbohydrates": "39.5g", "Dietary Fiber": "4.6g", "Protein": "4.3g", "Sugars": "6g", "Vitamin A": "88IU", "Vitamin C": "40mg", "Calcium": "34mg", "Iron": "2mg", "Thiamin": "0mg", "Niacin": "3mg", "Vitamin B6": "1mg", "Magnesium": "48mg", "Folate": "35mcg"}, "Nutrition": {"Calories": "355", "Total Fat": "20.5g", "Saturated Fat": "3.0g", "Cholesterol": "6mg", "Sodium": "768mg", "Potassium": "865mg", "Total Carbohydrates": "39.5g", "Dietary Fiber": "4.6g", "Protein": "4.3g", "Sugars": "6g", "Vitamin A": "88IU", "Vitamin C": "40mg", "Calcium": "34mg", "Iron": "2mg", "Thiamin": "0mg", "Niacin": "3mg", "Vitamin B6": "1mg", "Magnesium": "48mg", "Folate": "35mcg"}, "Ingredients": ["195 g potatoes, peeled and sliced", "10 g chopped onion", "2 g salt", "15 ml mayonnaise", "8 ml vegetable oil", "15 ml cider vinegar", "4 g white sugar", "0.4 g dried parsley", "ground black pepper to taste"]}}