{"21496/spanakopita/": {"General": {"Title": "Spanakopita", "Reference": "21496/spanakopita/", "Popularity": "49", "Rating": "4.67391300201416", "Region": "greek", "Calories": "496", "Total Fat": "34.5g", "Saturated Fat": "20.0g", "Cholesterol": "125mg", "Sodium": "816mg", "Potassium": "529mg", "Total Carbohydrates": "31.1g", "Dietary Fiber": "3.4g", "Protein": "17.2g", "Sugars": "3g", "Vitamin A": "9913IU", "Vitamin C": "12mg", "Calcium": "441mg", "Iron": "5mg", "Thiamin": "0mg", "Niacin": "6mg", "Vitamin B6": "0mg", "Magnesium": "98mg", "Folate": "184mcg"}, "Nutrition": {"Calories": "496", "Total Fat": "34.5g", "Saturated Fat": "20.0g", "Cholesterol": "125mg", "Sodium": "816mg", "Potassium": "529mg", "Total Carbohydrates": "31.1g", "Dietary Fiber": "3.4g", "Protein": "17.2g", "Sugars": "3g", "Vitamin A": "9913IU", "Vitamin C": "12mg", "Calcium": "441mg", "Iron": "5mg", "Thiamin": "0mg", "Niacin": "6mg", "Vitamin B6": "0mg", "Magnesium": "98mg", "Folate": "184mcg"}, "Ingredients": ["1/4 (10 ounce) package frozen chopped spinach, thawed and drained", "2 ml vegetable oil", "25 g finely chopped onion", "25 g feta cheese, crumbled", "15 g shredded Swiss cheese", "6 g grated Parmesan cheese", "1/4 eggs, beaten", "2 g chopped fresh parsley", "1/8 dash ground cinnamon", "25 g butter, melted", "1/8 (16 ounce) package phyllo dough"]}, "109841/pastitsio/": {"General": {"Title": "Profile Menu", "Reference": "109841/pastitsio/", "Popularity": "25", "Rating": "4.06666660308838", "Region": "greek", "Calories": ""}, "Nutrition": {"Calories": ""}, "Ingredients": ["Meat Layer:", "0.9 g butter", "1/8 onion, chopped", "90 g lean ground beef", "10 ml water", "1/8 (6 ounce) can tomato paste", "0.6 g salt", "0 g pepper", "0.8 g ground allspice", "0.2 g ground nutmeg", "0.2 g ground cinnamon", "1/8 eggs, beaten", "Macaroni Layer:", "30 g uncooked macaroni", "1/8 eggs, beaten", "5 g grated Parmesan cheese, divided", "8 g butter, melted", "Cream Sauce Layer:", "1/4 eggs, well beaten", "10 ml half-and-half", "5 g grated Parmesan cheese", "0.5 g all-purpose flour", "0.2 g salt", "ground nutmeg to taste"]}, "242352/greek-lemon-chicken-and-potatoes/": {"General": {"Title": "Greek Lemon Chicken and Potatoes", "Reference": "242352/greek-lemon-chicken-and-potatoes/", "Popularity": "1k", "Rating": "4.73824119567871", "Region": "greek", "Calories": "1139", "Total Fat": "74.5g", "Saturated Fat": "17.0g", "Cholesterol": "284mg", "Sodium": "1866mg", "Potassium": "1428mg", "Total Carbohydrates": "34.5g", "Dietary Fiber": "3g", "Protein": "80.4g", "Sugars": "2g", "Vitamin A": "625IU", "Vitamin C": "26mg", "Calcium": "93mg", "Iron": "6mg", "Thiamin": "0mg", "Niacin": "36mg", "Vitamin B6": "2mg", "Magnesium": "112mg", "Folate": "52mcg"}, "Nutrition": {"Calories": "1139", "Total Fat": "74.5g", "Saturated Fat": "17.0g", "Cholesterol": "284mg", "Sodium": "1866mg", "Potassium": "1428mg", "Total Carbohydrates": "34.5g", "Dietary Fiber": "3g", "Protein": "80.4g", "Sugars": "2g", "Vitamin A": "625IU", "Vitamin C": "26mg", "Calcium": "93mg", "Iron": "6mg", "Thiamin": "0mg", "Niacin": "36mg", "Vitamin B6": "2mg", "Magnesium": "112mg", "Folate": "52mcg"}, "Ingredients": ["455 g skin-on, bone-in chicken thighs", "4 g kosher salt", "1 g dried oregano", "0.5 g freshly ground black pepper", "0.3 g dried rosemary", "1/4 pinch cayenne pepper", "30 ml fresh lemon juice", "30 ml olive oil", "1-1/2 cloves garlic, minced", "3/4 russet potatoes, peeled and quartered", "40 ml chicken broth, plus splash to deglaze pan", "chopped fresh oregano for garnish"]}, "233236/greek-stuffed-tomatoes-and-peppers-yemista/": {"General": {"Title": "Greek Stuffed Tomatoes and Peppers (Yemista)", "Reference": "233236/greek-stuffed-tomatoes-and-peppers-yemista/", "Popularity": "27", "Rating": "4.33333349227905", "Region": "greek", "Calories": "348", "Total Fat": "20.6g", "Saturated Fat": "7.0g", "Cholesterol": "44mg", "Sodium": "412mg", "Potassium": "553mg", "Total Carbohydrates": "28.5g", "Dietary Fiber": "3.4g", "Protein": "13g", "Sugars": "5g", "Vitamin A": "1394IU", "Vitamin C": "61mg", "Calcium": "49mg", "Iron": "3mg", "Thiamin": "0mg", "Niacin": "6mg", "Vitamin B6": "0mg", "Magnesium": "36mg", "Folate": "89mcg"}, "Nutrition": {"Calories": "348", "Total Fat": "20.6g", "Saturated Fat": "7.0g", "Cholesterol": "44mg", "Sodium": "412mg", "Potassium": "553mg", "Total Carbohydrates": "28.5g", "Dietary Fiber": "3.4g", "Protein": "13g", "Sugars": "5g", "Vitamin A": "1394IU", "Vitamin C": "61mg", "Calcium": "49mg", "Iron": "3mg", "Thiamin": "0mg", "Niacin": "6mg", "Vitamin B6": "0mg", "Magnesium": "36mg", "Folate": "89mcg"}, "Ingredients": ["5/8 large ripe tomatoes", "3/8 large green bell peppers", "5 g butter", "1/8 onion, diced", "1/8 clove garlic, minced, or to taste", "75 g ground beef chuck", "3 ml soy sauce", "1 g seasoned salt", "0.5 g ground black pepper", "10 ml water", "25 g converted (parboiled) rice (such as Uncle Ben's(R))", "10 ml olive oil"]}, "140729/mediterranean-puff-pastry-chicken/": {"General": {"Title": "Mediterranean Puff Pastry Chicken", "Reference": "140729/mediterranean-puff-pastry-chicken/", "Popularity": "270", "Rating": "4.56198358535767", "Region": "greek", "Calories": "515", "Total Fat": "32.6g", "Saturated Fat": "10.0g", "Cholesterol": "101mg", "Sodium": "524mg", "Potassium": "438mg", "Total Carbohydrates": "33.6g", "Dietary Fiber": "2.1g", "Protein": "22.4g", "Sugars": "3g", "Vitamin A": "1654IU", "Vitamin C": "9mg", "Calcium": "181mg", "Iron": "3mg", "Thiamin": "0mg", "Niacin": "13mg", "Vitamin B6": "0mg", "Magnesium": "50mg", "Folate": "94mcg"}, "Nutrition": {"Calories": "515", "Total Fat": "32.6g", "Saturated Fat": "10.0g", "Cholesterol": "101mg", "Sodium": "524mg", "Potassium": "438mg", "Total Carbohydrates": "33.6g", "Dietary Fiber": "2.1g", "Protein": "22.4g", "Sugars": "3g", "Vitamin A": "1654IU", "Vitamin C": "9mg", "Calcium": "181mg", "Iron": "3mg", "Thiamin": "0mg", "Niacin": "13mg", "Vitamin B6": "0mg", "Magnesium": "50mg", "Folate": "94mcg"}, "Ingredients": ["6 g crushed garlic", "1/4 egg yolk", "15 g chopped fresh spinach", "1/2 boneless skinless chicken breast halves", "7 g basil pesto", "5 g chopped sun-dried tomatoes", "15 g crumbled herbed feta cheese", "1/4 frozen puff pastry sheet, thawed, cut in half"]}, "14951/grecian-pork-tenderloin/": {"General": {"Title": "Grecian Pork Tenderloin", "Reference": "14951/grecian-pork-tenderloin/", "Popularity": "410", "Rating": "4.57549238204956", "Region": "greek", "Calories": "404", "Total Fat": "31.1g", "Saturated Fat": "5.0g", "Cholesterol": "65mg", "Sodium": "829mg", "Potassium": "535mg", "Total Carbohydrates": "9.1g", "Dietary Fiber": "2.2g", "Protein": "24.3g", "Sugars": "1g", "Vitamin A": "343IU", "Vitamin C": "22mg", "Calcium": "91mg", "Iron": "3mg", "Thiamin": "1mg", "Niacin": "11mg", "Vitamin B6": "1mg", "Magnesium": "44mg", "Folate": "19mcg"}, "Nutrition": {"Calories": "404", "Total Fat": "31.1g", "Saturated Fat": "5.0g", "Cholesterol": "65mg", "Sodium": "829mg", "Potassium": "535mg", "Total Carbohydrates": "9.1g", "Dietary Fiber": "2.2g", "Protein": "24.3g", "Sugars": "1g", "Vitamin A": "343IU", "Vitamin C": "22mg", "Calcium": "91mg", "Iron": "3mg", "Thiamin": "1mg", "Niacin": "11mg", "Vitamin B6": "1mg", "Magnesium": "44mg", "Folate": "19mcg"}, "Ingredients": ["60 ml fresh lime juice", "30 ml olive oil", "1 clove garlic, sliced", "2 g salt", "5 g dried oregano", "3/8 (1 pound) pork tenderloins"]}, "54202/greek-style-garlic-chicken-breast/": {"General": {"Title": "Greek Style Garlic Chicken Breast", "Reference": "54202/greek-style-garlic-chicken-breast/", "Popularity": "517", "Rating": "4.47301578521729", "Region": "greek", "Calories": "644", "Total Fat": "57.6g", "Saturated Fat": "8.0g", "Cholesterol": "68mg", "Sodium": "660mg", "Potassium": "360mg", "Total Carbohydrates": "4g", "Dietary Fiber": "1.6g", "Protein": "27.8g", "Sugars": "0g", "Vitamin A": "136IU", "Vitamin C": "23mg", "Calcium": "36mg", "Iron": "1mg", "Thiamin": "0mg", "Niacin": "19mg", "Vitamin B6": "1mg", "Magnesium": "39mg", "Folate": "7mcg"}, "Nutrition": {"Calories": "644", "Total Fat": "57.6g", "Saturated Fat": "8.0g", "Cholesterol": "68mg", "Sodium": "660mg", "Potassium": "360mg", "Total Carbohydrates": "4g", "Dietary Fiber": "1.6g", "Protein": "27.8g", "Sugars": "0g", "Vitamin A": "136IU", "Vitamin C": "23mg", "Calcium": "36mg", "Iron": "1mg", "Thiamin": "0mg", "Niacin": "19mg", "Vitamin B6": "1mg", "Magnesium": "39mg", "Folate": "7mcg"}, "Ingredients": ["1 skinless, boneless chicken breast halves", "60 ml extra virgin olive oil", "1/4 lemon, juiced", "1 g crushed garlic", "2 g salt", "0.8 g black pepper", "0.2 g paprika"]}, "28362/cousin-cosmos-greek-chicken/": {"General": {"Title": "Cousin Cosmo's Greek Chicken", "Reference": "28362/cousin-cosmos-greek-chicken/", "Popularity": "505", "Rating": "4.43525171279907", "Region": "greek", "Calories": "239", "Total Fat": "10.2g", "Saturated Fat": "4.0g", "Cholesterol": "85mg", "Sodium": "686mg", "Potassium": "468mg", "Total Carbohydrates": "4.8g", "Dietary Fiber": "0.8g", "Protein": "31g", "Sugars": "1g", "Vitamin A": "1856IU", "Vitamin C": "10mg", "Calcium": "131mg", "Iron": "2mg", "Thiamin": "0mg", "Niacin": "20mg", "Vitamin B6": "1mg", "Magnesium": "54mg", "Folate": "52mcg"}, "Nutrition": {"Calories": "239", "Total Fat": "10.2g", "Saturated Fat": "4.0g", "Cholesterol": "85mg", "Sodium": "686mg", "Potassium": "468mg", "Total Carbohydrates": "4.8g", "Dietary Fiber": "0.8g", "Protein": "31g", "Sugars": "1g", "Vitamin A": "1856IU", "Vitamin C": "10mg", "Calcium": "131mg", "Iron": "2mg", "Thiamin": "0mg", "Niacin": "20mg", "Vitamin B6": "1mg", "Magnesium": "54mg", "Folate": "52mcg"}, "Ingredients": ["3 g all-purpose flour, divided", "0.5 g salt", "0.1 g black pepper", "20 g feta cheese, crumbled", "3 ml fresh lemon juice", "0.2 g dried oregano", "1 boneless, skinless chicken breast halves", "5 ml olive oil", "60 ml water", "1/8 cube chicken bouillon, crumbled", "15 g loosely packed torn fresh spinach leaves", "1/8 ripe tomato, chopped"]}, "214011/octapodi-kokkinisto-greek-octopus-in-tomato-sauce/": {"General": {"Title": "Octapodi Kokkinisto (Greek Octopus in Tomato Sauce)", "Reference": "214011/octapodi-kokkinisto-greek-octopus-in-tomato-sauce/", "Popularity": "24", "Rating": "4.57142877578735", "Region": "greek", "Calories": "412", "Total Fat": "28.8g", "Saturated Fat": "4.0g", "Cholesterol": "73mg", "Sodium": "502mg", "Potassium": "813mg", "Total Carbohydrates": "14.6g", "Dietary Fiber": "2.4g", "Protein": "24.2g", "Sugars": "6g", "Vitamin A": "734IU", "Vitamin C": "22mg", "Calcium": "109mg", "Iron": "10mg", "Thiamin": "0mg", "Niacin": "8mg", "Vitamin B6": "1mg", "Magnesium": "64mg", "Folate": "51mcg"}, "Nutrition": {"Calories": "412", "Total Fat": "28.8g", "Saturated Fat": "4.0g", "Cholesterol": "73mg", "Sodium": "502mg", "Potassium": "813mg", "Total Carbohydrates": "14.6g", "Dietary Fiber": "2.4g", "Protein": "24.2g", "Sugars": "6g", "Vitamin A": "734IU", "Vitamin C": "22mg", "Calcium": "109mg", "Iron": "10mg", "Thiamin": "0mg", "Niacin": "8mg", "Vitamin B6": "1mg", "Magnesium": "64mg", "Folate": "51mcg"}, "Ingredients": ["150 g octopus, cut into 3-inch pieces", "30 ml olive oil", "1-1/4 small red onions, cut into thin wedges", "1/2 bay leaves", "60 g crushed tomatoes", "0.5 g sea salt", "freshly ground black pepper to taste"]}, "12072/greek-chicken-pasta/": {"General": {"Title": "Greek Chicken Pasta", "Reference": "12072/greek-chicken-pasta/", "Popularity": "1k", "Rating": "4.35623741149902", "Region": "greek", "Calories": "488", "Total Fat": "11.4g", "Saturated Fat": "3.0g", "Cholesterol": "55mg", "Sodium": "444mg", "Potassium": "526mg", "Total Carbohydrates": "70g", "Dietary Fiber": "7.5g", "Protein": "32.6g", "Sugars": "5g", "Vitamin A": "486IU", "Vitamin C": "56mg", "Calcium": "125mg", "Iron": "4mg", "Thiamin": "0mg", "Niacin": "17mg", "Vitamin B6": "1mg", "Magnesium": "71mg", "Folate": "169mcg"}, "Nutrition": {"Calories": "488", "Total Fat": "11.4g", "Saturated Fat": "3.0g", "Cholesterol": "55mg", "Sodium": "444mg", "Potassium": "526mg", "Total Carbohydrates": "70g", "Dietary Fiber": "7.5g", "Protein": "32.6g", "Sugars": "5g", "Vitamin A": "486IU", "Vitamin C": "56mg", "Calcium": "125mg", "Iron": "4mg", "Thiamin": "0mg", "Niacin": "17mg", "Vitamin B6": "1mg", "Magnesium": "71mg", "Folate": "169mcg"}, "Ingredients": ["1/8 (16 ounce) package linguine pasta", "15 g chopped red onion", "3 ml olive oil", "3/8 clove garlic, crushed", "75 g skinless, boneless chicken breast meat - cut into bite-size pieces", "1/8 (14 ounce) can marinated artichoke hearts, drained and chopped", "1/8 large tomato, chopped", "10 g crumbled feta cheese", "2 g chopped fresh parsley", "5 ml lemon juice", "0.5 g dried oregano", "salt and pepper to taste", "3/8 lemons, wedged, for garnish"]}, "14713/souvlaki/": {"General": {"Title": "Souvlaki", "Reference": "14713/souvlaki/", "Popularity": "943", "Rating": "4.69621515274048", "Region": "greek", "Calories": "189", "Total Fat": "8.1g", "Saturated Fat": "2.0g", "Cholesterol": "65mg", "Sodium": "354mg", "Potassium": "467mg", "Total Carbohydrates": "4.3g", "Dietary Fiber": "1.2g", "Protein": "24.2g", "Sugars": "1g", "Vitamin A": "86IU", "Vitamin C": "25mg", "Calcium": "21mg", "Iron": "1mg", "Thiamin": "1mg", "Niacin": "11mg", "Vitamin B6": "1mg", "Magnesium": "34mg", "Folate": "7mcg"}, "Nutrition": {"Calories": "189", "Total Fat": "8.1g", "Saturated Fat": "2.0g", "Cholesterol": "65mg", "Sodium": "354mg", "Potassium": "467mg", "Total Carbohydrates": "4.3g", "Dietary Fiber": "1.2g", "Protein": "24.2g", "Sugars": "1g", "Vitamin A": "86IU", "Vitamin C": "25mg", "Calcium": "21mg", "Iron": "1mg", "Thiamin": "1mg", "Niacin": "11mg", "Vitamin B6": "1mg", "Magnesium": "34mg", "Folate": "7mcg"}, "Ingredients": ["1/8 lemon, juiced", "5 ml olive oil", "5 ml soy sauce", "0.1 g dried oregano", "1/4 clove garlic, crushed", "150 g pork tenderloin, cut into 1 inch cubes", "1/8 medium yellow onions, cut into 1 inch pieces", "1/8 green bell peppers, cut into 1 inch pieces", "skewers"]}, "93666/spinach-and-feta-pita-bake/": {"General": {"Title": "Spinach and Feta Pita Bake", "Reference": "93666/spinach-and-feta-pita-bake/", "Popularity": "1k", "Rating": "4.75766849517822", "Region": "greek", "Calories": "350", "Total Fat": "17.1g", "Saturated Fat": "4.0g", "Cholesterol": "13mg", "Sodium": "587mg", "Potassium": "524mg", "Total Carbohydrates": "41.6g", "Dietary Fiber": "6.9g", "Protein": "11.6g", "Sugars": "3g", "Vitamin A": "5546IU", "Vitamin C": "19mg", "Calcium": "149mg", "Iron": "4mg", "Thiamin": "0mg", "Niacin": "5mg", "Vitamin B6": "0mg", "Magnesium": "96mg", "Folate": "142mcg"}, "Nutrition": {"Calories": "350", "Total Fat": "17.1g", "Saturated Fat": "4.0g", "Cholesterol": "13mg", "Sodium": "587mg", "Potassium": "524mg", "Total Carbohydrates": "41.6g", "Dietary Fiber": "6.9g", "Protein": "11.6g", "Sugars": "3g", "Vitamin A": "5546IU", "Vitamin C": "19mg", "Calcium": "149mg", "Iron": "4mg", "Thiamin": "0mg", "Niacin": "5mg", "Vitamin B6": "0mg", "Magnesium": "96mg", "Folate": "142mcg"}, "Ingredients": ["1/8 (6 ounce) tub sun-dried tomato pesto", "1 (6 inch) whole wheat pita breads", "3/8 roma (plum) tomatoes, chopped", "1/8 bunch spinach, rinsed and chopped", "5/8 fresh mushrooms, sliced", "10 g crumbled feta cheese", "2 g grated Parmesan cheese", "8 ml olive oil", "ground black pepper to taste"]}, "11998/greek-penne-and-chicken/": {"General": {"Title": "Greek Penne and Chicken", "Reference": "11998/greek-penne-and-chicken/", "Popularity": "740", "Rating": "4.32564449310303", "Region": "greek", "Calories": "685", "Total Fat": "13.2g", "Saturated Fat": "7.0g", "Cholesterol": "94mg", "Sodium": "826mg", "Potassium": "654mg", "Total Carbohydrates": "96.2g", "Dietary Fiber": "7.1g", "Protein": "47g", "Sugars": "6g", "Vitamin A": "920IU", "Vitamin C": "24mg", "Calcium": "155mg", "Iron": "5mg", "Thiamin": "0mg", "Niacin": "26mg", "Vitamin B6": "1mg", "Magnesium": "98mg", "Folate": "25mcg"}, "Nutrition": {"Calories": "685", "Total Fat": "13.2g", "Saturated Fat": "7.0g", "Cholesterol": "94mg", "Sodium": "826mg", "Potassium": "654mg", "Total Carbohydrates": "96.2g", "Dietary Fiber": "7.1g", "Protein": "47g", "Sugars": "6g", "Vitamin A": "920IU", "Vitamin C": "24mg", "Calcium": "155mg", "Iron": "5mg", "Thiamin": "0mg", "Niacin": "26mg", "Vitamin B6": "1mg", "Magnesium": "98mg", "Folate": "25mcg"}, "Ingredients": ["1/4 (16 ounce) package penne pasta", "5 g butter", "20 g chopped red onion", "1/2 clove garlic, minced", "115 g skinless, boneless chicken breast halves - cut into bite-size pieces", "1/4 (14 ounce) can artichoke hearts in water", "1/4 tomato, chopped", "20 g crumbled feta cheese", "3 g chopped fresh parsley", "8 ml lemon juice", "0.4 g dried oregano", "salt to taste", "ground black pepper to taste"]}, "18417/spanakopita-greek-spinach-pie/": {"General": {"Title": "Spanakopita (Greek Spinach Pie)", "Reference": "18417/spanakopita-greek-spinach-pie/", "Popularity": "909", "Rating": "4.50068950653076", "Region": "greek", "Calories": "494", "Total Fat": "34.7g", "Saturated Fat": "11.0g", "Cholesterol": "100mg", "Sodium": "894mg", "Potassium": "1304mg", "Total Carbohydrates": "31.5g", "Dietary Fiber": "7.4g", "Protein": "18.2g", "Sugars": "5g", "Vitamin A": "12264IU", "Vitamin C": "62mg", "Calcium": "495mg", "Iron": "8mg", "Thiamin": "0mg", "Niacin": "7mg", "Vitamin B6": "1mg", "Magnesium": "175mg", "Folate": "391mcg"}, "Nutrition": {"Calories": "494", "Total Fat": "34.7g", "Saturated Fat": "11.0g", "Cholesterol": "100mg", "Sodium": "894mg", "Potassium": "1304mg", "Total Carbohydrates": "31.5g", "Dietary Fiber": "7.4g", "Protein": "18.2g", "Sugars": "5g", "Vitamin A": "12264IU", "Vitamin C": "62mg", "Calcium": "495mg", "Iron": "8mg", "Thiamin": "0mg", "Niacin": "7mg", "Vitamin B6": "1mg", "Magnesium": "175mg", "Folate": "391mcg"}, "Ingredients": ["9 ml olive oil", "1/4 large onion, chopped", "1/4 bunch green onions, chopped", "3/8 clove garlic, minced", "180 g spinach, rinsed and chopped", "6 g chopped fresh parsley", "3/8 eggs, lightly beaten", "25 g ricotta cheese", "50 g crumbled feta cheese", "1-1/2 sheets phyllo dough", "10 ml olive oil"]}, "242402/greek-lemon-chicken-and-potato-bake/": {"General": {"Title": "Greek Lemon Chicken and Potato Bake", "Reference": "242402/greek-lemon-chicken-and-potato-bake/", "Popularity": "3k", "Rating": "4.64174461364746", "Region": "greek", "Calories": "551", "Total Fat": "29.1g", "Saturated Fat": "6.0g", "Cholesterol": "103mg", "Sodium": "1859mg", "Potassium": "1252mg", "Total Carbohydrates": "41.9g", "Dietary Fiber": "8.5g", "Protein": "34.8g", "Sugars": "3g", "Vitamin A": "1036IU", "Vitamin C": "49mg", "Calcium": "142mg", "Iron": "6mg", "Thiamin": "0mg", "Niacin": "16mg", "Vitamin B6": "1mg", "Magnesium": "95mg", "Folate": "73mcg"}, "Nutrition": {"Calories": "551", "Total Fat": "29.1g", "Saturated Fat": "6.0g", "Cholesterol": "103mg", "Sodium": "1859mg", "Potassium": "1252mg", "Total Carbohydrates": "41.9g", "Dietary Fiber": "8.5g", "Protein": "34.8g", "Sugars": "3g", "Vitamin A": "1036IU", "Vitamin C": "49mg", "Calcium": "142mg", "Iron": "6mg", "Thiamin": "0mg", "Niacin": "16mg", "Vitamin B6": "1mg", "Magnesium": "95mg", "Folate": "73mcg"}, "Ingredients": ["1 chicken leg quarters", "1/4 (24 ounce) bag small potatoes", "30 ml olive oil", "1/2 lemons, juiced, divided", "1 g dried basil", "2 g dried oregano", "5 g salt", "2 g ground black pepper", "4 g lemon and herb seasoning", "1/4 (12 ounce) package fresh green beans"]}, "72114/chicken-souvlaki-gyro-style/": {"General": {"Title": "Chicken Souvlaki Gyro Style", "Reference": "72114/chicken-souvlaki-gyro-style/", "Popularity": "506", "Rating": "4.67781686782837", "Region": "greek", "Calories": "764", "Total Fat": "40.5g", "Saturated Fat": "15.0g", "Cholesterol": "133mg", "Sodium": "3170mg", "Potassium": "728mg", "Total Carbohydrates": "55.9g", "Dietary Fiber": "3.8g", "Protein": "44.4g", "Sugars": "12g", "Vitamin A": "2270IU", "Vitamin C": "21mg", "Calcium": "566mg", "Iron": "4mg", "Thiamin": "1mg", "Niacin": "23mg", "Vitamin B6": "1mg", "Magnesium": "80mg", "Folate": "144mcg"}, "Nutrition": {"Calories": "764", "Total Fat": "40.5g", "Saturated Fat": "15.0g", "Cholesterol": "133mg", "Sodium": "3170mg", "Potassium": "728mg", "Total Carbohydrates": "55.9g", "Dietary Fiber": "3.8g", "Protein": "44.4g", "Sugars": "12g", "Vitamin A": "2270IU", "Vitamin C": "21mg", "Calcium": "566mg", "Iron": "4mg", "Thiamin": "1mg", "Niacin": "23mg", "Vitamin B6": "1mg", "Magnesium": "80mg", "Folate": "144mcg"}, "Ingredients": ["Souvlaki Marinade:", "45 ml balsamic vinaigrette salad dressing", "10 ml lemon juice", "1 g dried oregano", "0.3 g freshly ground black pepper", "1 skinless, boneless chicken breast halves", "Tzatziki Sauce (cucumber sauce):", "15 g seeded, shredded cucumber", "1 g kosher salt", "60 ml plain yogurt", "15 g sour cream", "4 ml lemon juice", "2 ml rice vinegar", "1 ml olive oil", "1/4 clove garlic, minced", "0.9 g chopped fresh dill", "0.4 g Greek seasoning", "kosher salt to taste", "freshly ground black pepper to taste", "1 large pita bread rounds", "1/4 heart of romaine lettuce, cut into 1/4 inch slices", "1/4 red onion, thinly sliced", "1/4 tomato, halved and sliced", "15 g kalamata olives", "30 g pepperoncini", "65 g crumbled feta cheese"]}, "19644/moussaka/": {"General": {"Title": "Moussaka", "Reference": "19644/moussaka/", "Popularity": "791", "Rating": "4.43971633911133", "Region": "greek", "Calories": "567", "Total Fat": "39.4g", "Saturated Fat": "18.0g", "Cholesterol": "123mg", "Sodium": "1017mg", "Potassium": "742mg", "Total Carbohydrates": "29.1g", "Dietary Fiber": "5.4g", "Protein": "23.6g", "Sugars": "14g", "Vitamin A": "920IU", "Vitamin C": "6mg", "Calcium": "351mg", "Iron": "3mg", "Thiamin": "0mg", "Niacin": "9mg", "Vitamin B6": "0mg", "Magnesium": "60mg", "Folate": "57mcg"}, "Nutrition": {"Calories": "567", "Total Fat": "39.4g", "Saturated Fat": "18.0g", "Cholesterol": "123mg", "Sodium": "1017mg", "Potassium": "742mg", "Total Carbohydrates": "29.1g", "Dietary Fiber": "5.4g", "Protein": "23.6g", "Sugars": "14g", "Vitamin A": "920IU", "Vitamin C": "6mg", "Calcium": "351mg", "Iron": "3mg", "Thiamin": "0mg", "Niacin": "9mg", "Vitamin B6": "0mg", "Magnesium": "60mg", "Folate": "57mcg"}, "Ingredients": ["3/8 eggplants, peeled and cut lengthwise into 1/2 inch thick slices", "salt", "7 ml olive oil", "2 g butter", "55 g lean ground beef", "salt to taste", "ground black pepper to taste", "1/4 onions, chopped", "1/8 clove garlic, minced", "0.1 g ground cinnamon", "0.1 g ground nutmeg", "0.1 g fines herbs", "0.3 g dried parsley", "1/8 (8 ounce) can tomato sauce", "15 ml red wine", "1/8 egg, beaten", "120 ml milk", "15 g butter", "6 g all-purpose flour", "salt to taste", "ground white pepper, to taste", "15 g freshly grated Parmesan cheese", "0.1 g ground nutmeg"]}, "11669/greek-pasta-with-tomatoes-and-white-beans/": {"General": {"Title": "Greek Pasta with Tomatoes and White Beans", "Reference": "11669/greek-pasta-with-tomatoes-and-white-beans/", "Popularity": "658", "Rating": "4.16455698013306", "Region": "greek", "Calories": "460", "Total Fat": "5.9g", "Saturated Fat": "3.0g", "Cholesterol": "17mg", "Sodium": "593mg", "Potassium": "1362mg", "Total Carbohydrates": "79g", "Dietary Fiber": "11.5g", "Protein": "23.4g", "Sugars": "8g", "Vitamin A": "8321IU", "Vitamin C": "35mg", "Calcium": "338mg", "Iron": "12mg", "Thiamin": "0mg", "Niacin": "7mg", "Vitamin B6": "0mg", "Magnesium": "153mg", "Folate": "228mcg"}, "Nutrition": {"Calories": "460", "Total Fat": "5.9g", "Saturated Fat": "3.0g", "Cholesterol": "17mg", "Sodium": "593mg", "Potassium": "1362mg", "Total Carbohydrates": "79g", "Dietary Fiber": "11.5g", "Protein": "23.4g", "Sugars": "8g", "Vitamin A": "8321IU", "Vitamin C": "35mg", "Calcium": "338mg", "Iron": "12mg", "Thiamin": "0mg", "Niacin": "7mg", "Vitamin B6": "0mg", "Magnesium": "153mg", "Folate": "228mcg"}, "Ingredients": ["1/2 (14.5 ounce) can Italian-style diced tomatoes", "1/4 (19 ounce) can cannellini beans, drained and rinsed", "70 g fresh spinach, washed and chopped", "55 g penne pasta", "20 g crumbled feta cheese"]}, "14572/feta-cheese-turkey-burgers/": {"General": {"Title": "Feta Cheese Turkey Burgers", "Reference": "14572/feta-cheese-turkey-burgers/", "Popularity": "459", "Rating": "4.56166982650757", "Region": "greek", "Calories": "318", "Total Fat": "21.9g", "Saturated Fat": "9.0g", "Cholesterol": "123mg", "Sodium": "800mg", "Potassium": "300mg", "Total Carbohydrates": "3.6g", "Dietary Fiber": "0.5g", "Protein": "25.5g", "Sugars": "2g", "Vitamin A": "226IU", "Vitamin C": "0mg", "Calcium": "217mg", "Iron": "2mg", "Thiamin": "0mg", "Niacin": "9mg", "Vitamin B6": "1mg", "Magnesium": "31mg", "Folate": "22mcg"}, "Nutrition": {"Calories": "318", "Total Fat": "21.9g", "Saturated Fat": "9.0g", "Cholesterol": "123mg", "Sodium": "800mg", "Potassium": "300mg", "Total Carbohydrates": "3.6g", "Dietary Fiber": "0.5g", "Protein": "25.5g", "Sugars": "2g", "Vitamin A": "226IU", "Vitamin C": "0mg", "Calcium": "217mg", "Iron": "2mg", "Thiamin": "0mg", "Niacin": "9mg", "Vitamin B6": "1mg", "Magnesium": "31mg", "Folate": "22mcg"}, "Ingredients": ["115 g ground turkey", "40 g crumbled feta cheese", "15 g kalamata olives, pitted and sliced", "0.8 g dried oregano", "ground black pepper to taste"]}, "14527/greek-chicken/": {"General": {"Title": "Greek Chicken", "Reference": "14527/greek-chicken/", "Popularity": "518", "Rating": "4.46218490600586", "Region": "greek", "Calories": "412", "Total Fat": "30.7g", "Saturated Fat": "7.0g", "Cholesterol": "97mg", "Sodium": "95mg", "Potassium": "319mg", "Total Carbohydrates": "3.5g", "Dietary Fiber": "1.4g", "Protein": "31.1g", "Sugars": "0g", "Vitamin A": "145IU", "Vitamin C": "22mg", "Calcium": "38mg", "Iron": "2mg", "Thiamin": "0mg", "Niacin": "10mg", "Vitamin B6": "0mg", "Magnesium": "30mg", "Folate": "9mcg"}, "Nutrition": {"Calories": "412", "Total Fat": "30.7g", "Saturated Fat": "7.0g", "Cholesterol": "97mg", "Sodium": "95mg", "Potassium": "319mg", "Total Carbohydrates": "3.5g", "Dietary Fiber": "1.4g", "Protein": "31.1g", "Sugars": "0g", "Vitamin A": "145IU", "Vitamin C": "22mg", "Calcium": "38mg", "Iron": "2mg", "Thiamin": "0mg", "Niacin": "10mg", "Vitamin B6": "0mg", "Magnesium": "30mg", "Folate": "9mcg"}, "Ingredients": ["15 ml olive oil", "3/8 clove garlic, chopped", "0.2 g chopped fresh rosemary", "0.3 g chopped fresh thyme", "0.8 g chopped fresh oregano", "1/4 lemons, juiced", "1/8 (4 pound) chicken, cut into pieces"]}}