{"24782/makhani-chicken-indian-butter-chicken/": {"General": {"Title": "Makhani Chicken (Indian Butter Chicken)", "Reference": "24782/makhani-chicken-indian-butter-chicken/", "Popularity": "186", "Rating": "4.44508647918701", "Region": "indian", "Calories": "492", "Total Fat": "28.4g", "Saturated Fat": "14.0g", "Cholesterol": "149mg", "Sodium": "666mg", "Potassium": "950mg", "Total Carbohydrates": "19g", "Dietary Fiber": "3.7g", "Protein": "35.8g", "Sugars": "10g", "Vitamin A": "2441IU", "Vitamin C": "23mg", "Calcium": "159mg", "Iron": "3mg", "Thiamin": "0mg", "Niacin": "23mg", "Vitamin B6": "1mg", "Magnesium": "80mg", "Folate": "28mcg"}, "Nutrition": {"Calories": "492", "Total Fat": "28.4g", "Saturated Fat": "14.0g", "Cholesterol": "149mg", "Sodium": "666mg", "Potassium": "950mg", "Total Carbohydrates": "19g", "Dietary Fiber": "3.7g", "Protein": "35.8g", "Sugars": "10g", "Vitamin A": "2441IU", "Vitamin C": "23mg", "Calcium": "159mg", "Iron": "3mg", "Thiamin": "0mg", "Niacin": "23mg", "Vitamin B6": "1mg", "Magnesium": "80mg", "Folate": "28mcg"}, "Ingredients": ["135 g skinless, boneless chicken breast halves - cubed", "3 ml lemon juice", "1 g chili powder", "salt to taste", "40 ml yogurt", "salt to taste", "6 g garlic paste", "0.6 g garam masala", "5 g melted butter", "1 g chili powder", "6 g ginger paste", "5 ml lemon juice", "5 ml olive oil", "2 g butter", "1 g garam masala", "3 g ginger paste", "1 g chopped garlic", "2 g chopped green chile pepper", "85 g tomato puree", "1 g chili powder", "salt to taste", "40 ml water", "3 ml honey", "0.3 g dried fenugreek leaves", "40 ml heavy cream"]}, "67767/cholay-curried-chickpeas/": {"General": {"Title": "Cholay (Curried Chickpeas)", "Reference": "67767/cholay-curried-chickpeas/", "Popularity": "73", "Rating": "4.02597379684448", "Region": "indian", "Calories": "248", "Total Fat": "6.7g", "Saturated Fat": "1.0g", "Cholesterol": "0mg", "Sodium": "446mg", "Potassium": "493mg", "Total Carbohydrates": "40.2g", "Dietary Fiber": "8.3g", "Protein": "8.5g", "Sugars": "3g", "Vitamin A": "809IU", "Vitamin C": "17mg", "Calcium": "72mg", "Iron": "3mg", "Thiamin": "0mg", "Niacin": "2mg", "Vitamin B6": "1mg", "Magnesium": "57mg", "Folate": "116mcg"}, "Nutrition": {"Calories": "248", "Total Fat": "6.7g", "Saturated Fat": "1.0g", "Cholesterol": "0mg", "Sodium": "446mg", "Potassium": "493mg", "Total Carbohydrates": "40.2g", "Dietary Fiber": "8.3g", "Protein": "8.5g", "Sugars": "3g", "Vitamin A": "809IU", "Vitamin C": "17mg", "Calcium": "72mg", "Iron": "3mg", "Thiamin": "0mg", "Niacin": "2mg", "Vitamin B6": "1mg", "Magnesium": "57mg", "Folate": "116mcg"}, "Ingredients": ["80 ml water", "1/8 tea bag", "1/8 bay leaf", "3/8 (15.5 ounce) can garbanzo beans, drained", "5 ml vegetable oil, divided", "1/8 onion, sliced", "1/2 tomatoes, chopped", "2 g fresh cilantro leaves", "0.3 g ground coriander", "0.4 g cumin seeds", "0.3 g grated fresh ginger root", "0.5 g grated garlic", "0.4 g ground turmeric (optional)", "1/8 onion, finely chopped", "ground cayenne pepper to taste", "1/8 pinch garam masala (optional)"]}, "17449/indian-tomato-chicken/": {"General": {"Title": "Indian Tomato Chicken", "Reference": "17449/indian-tomato-chicken/", "Popularity": "282", "Rating": "4.52112674713135", "Region": "indian", "Calories": "134", "Total Fat": "5.4g", "Saturated Fat": "1.0g", "Cholesterol": "57mg", "Sodium": "547mg", "Potassium": "363mg", "Total Carbohydrates": "6.9g", "Dietary Fiber": "1.6g", "Protein": "14.7g", "Sugars": "3g", "Vitamin A": "139IU", "Vitamin C": "9mg", "Calcium": "50mg", "Iron": "2mg", "Thiamin": "0mg", "Niacin": "8mg", "Vitamin B6": "0mg", "Magnesium": "32mg", "Folate": "18mcg"}, "Nutrition": {"Calories": "134", "Total Fat": "5.4g", "Saturated Fat": "1.0g", "Cholesterol": "57mg", "Sodium": "547mg", "Potassium": "363mg", "Total Carbohydrates": "6.9g", "Dietary Fiber": "1.6g", "Protein": "14.7g", "Sugars": "3g", "Vitamin A": "139IU", "Vitamin C": "9mg", "Calcium": "50mg", "Iron": "2mg", "Thiamin": "0mg", "Niacin": "8mg", "Vitamin B6": "0mg", "Magnesium": "32mg", "Folate": "18mcg"}, "Ingredients": ["1/8 large onion, chopped", "5/8 clove garlic, chopped", "1/8 slice fresh ginger root", "3 ml olive oil", "0.7 g ground cumin", "0.4 g ground turmeric", "1 g salt", "0.4 g ground black pepper", "0.2 g ground cardamom", "1/8 (1 inch) piece cinnamon stick", "0.1 g ground cloves", "3/8 bay leaves", "0.1 g ground nutmeg", "1 skinless chicken thighs", "1/8 (14.5 ounce) can whole peeled tomatoes, crushed"]}, "20036/indian-chicken-curry-i/": {"General": {"Title": "Indian Chicken Curry I", "Reference": "20036/indian-chicken-curry-i/", "Popularity": "265", "Rating": "4.44976091384888", "Region": "indian", "Calories": "305", "Total Fat": "15.3g", "Saturated Fat": "10.0g", "Cholesterol": "81mg", "Sodium": "443mg", "Potassium": "606mg", "Total Carbohydrates": "9.8g", "Dietary Fiber": "2.8g", "Protein": "33g", "Sugars": "5g", "Vitamin A": "277IU", "Vitamin C": "8mg", "Calcium": "53mg", "Iron": "4mg", "Thiamin": "0mg", "Niacin": "16mg", "Vitamin B6": "0mg", "Magnesium": "64mg", "Folate": "24mcg"}, "Nutrition": {"Calories": "305", "Total Fat": "15.3g", "Saturated Fat": "10.0g", "Cholesterol": "81mg", "Sodium": "443mg", "Potassium": "606mg", "Total Carbohydrates": "9.8g", "Dietary Fiber": "2.8g", "Protein": "33g", "Sugars": "5g", "Vitamin A": "277IU", "Vitamin C": "8mg", "Calcium": "53mg", "Iron": "4mg", "Thiamin": "0mg", "Niacin": "16mg", "Vitamin B6": "0mg", "Magnesium": "64mg", "Folate": "24mcg"}, "Ingredients": ["1-1/4 bone-in chicken breast halves, skinless", "salt and pepper to taste", "3 ml olive oil", "3/8 onions, peeled and quartered", "0.3 g finely chopped fresh ginger root", "0.5 g crushed garlic", "1 g hot (Madras) curry powder", "1/8 (15 ounce) can tomato sauce", "1/8 (10 ounce) can coconut milk", "5/8 whole cloves", "5/8 pod cardamom", "1/8 cinnamon stick", "salt to taste"]}, "213244/prawn-malai-curry/": {"General": {"Title": "Prawn Malai Curry", "Reference": "213244/prawn-malai-curry/", "Popularity": "15", "Rating": "4.40000009536743", "Region": "indian", "Calories": "343", "Total Fat": "21.4g", "Saturated Fat": "13.0g", "Cholesterol": "175mg", "Sodium": "71mg", "Potassium": "314mg", "Total Carbohydrates": "13.8g", "Dietary Fiber": "4g", "Protein": "25.1g", "Sugars": "3g", "Vitamin A": "486IU", "Vitamin C": "8mg", "Calcium": "142mg", "Iron": "5mg", "Thiamin": "0mg", "Niacin": "5mg", "Vitamin B6": "0mg", "Magnesium": "40mg", "Folate": "23mcg"}, "Nutrition": {"Calories": "343", "Total Fat": "21.4g", "Saturated Fat": "13.0g", "Cholesterol": "175mg", "Sodium": "71mg", "Potassium": "314mg", "Total Carbohydrates": "13.8g", "Dietary Fiber": "4g", "Protein": "25.1g", "Sugars": "3g", "Vitamin A": "486IU", "Vitamin C": "8mg", "Calcium": "142mg", "Iron": "5mg", "Thiamin": "0mg", "Niacin": "5mg", "Vitamin B6": "0mg", "Magnesium": "40mg", "Folate": "23mcg"}, "Ingredients": ["Garam Masala:", "0.1 g cardamom seeds", "3/4 whole cloves", "3/4 (1 inch) piece cinnamon stick", "8 ml vegetable oil", "1 whole cloves", "1 green cardamom pods", "1/2 (1 1/2 inch) piece stick cinnamon", "1/4 onion, grated", "2 g ginger paste", "2 g garlic paste", "0.3 g ground turmeric", "0.1 g cayenne pepper", "20 g finely chopped tomato", "30 ml water", "60 ml coconut milk", "115 g tiger prawns, peeled and deveined", "1 ml ghee (clarified butter) (optional)"]}, "34974/reshmi-kebab-silken-kebabs/": {"General": {"Title": "Reshmi Kebab (Silken Kebabs)", "Reference": "34974/reshmi-kebab-silken-kebabs/", "Popularity": "13", "Rating": "4.40000009536743", "Region": "indian", "Calories": "293", "Total Fat": "15.6g", "Saturated Fat": "8.0g", "Cholesterol": "124mg", "Sodium": "115mg", "Potassium": "401mg", "Total Carbohydrates": "5.3g", "Dietary Fiber": "1.7g", "Protein": "33g", "Sugars": "1g", "Vitamin A": "1066IU", "Vitamin C": "24mg", "Calcium": "57mg", "Iron": "2mg", "Thiamin": "0mg", "Niacin": "21mg", "Vitamin B6": "1mg", "Magnesium": "42mg", "Folate": "18mcg"}, "Nutrition": {"Calories": "293", "Total Fat": "15.6g", "Saturated Fat": "8.0g", "Cholesterol": "124mg", "Sodium": "115mg", "Potassium": "401mg", "Total Carbohydrates": "5.3g", "Dietary Fiber": "1.7g", "Protein": "33g", "Sugars": "1g", "Vitamin A": "1066IU", "Vitamin C": "24mg", "Calcium": "57mg", "Iron": "2mg", "Thiamin": "0mg", "Niacin": "21mg", "Vitamin B6": "1mg", "Magnesium": "42mg", "Folate": "18mcg"}, "Ingredients": ["1 almonds", "1 jalapeno peppers, seeded and chopped", "1-1/4 cloves garlic", "1/8 inch piece fresh ginger root, peeled", "8 g chopped fresh cilantro", "salt to taste", "1/8 lemon, juiced", "20 ml heavy cream", "150 g skinless, boneless chicken breast halves - cut into 1 1/2 inch pieces", "5 g butter"]}, "16102/chicken-biryani/": {"General": {"Title": "Chicken Biryani", "Reference": "16102/chicken-biryani/", "Popularity": "224", "Rating": "4.31292533874512", "Region": "indian", "Calories": "832", "Total Fat": "35.1g", "Saturated Fat": "8.0g", "Cholesterol": "134mg", "Sodium": "1522mg", "Potassium": "1021mg", "Total Carbohydrates": "78.9g", "Dietary Fiber": "5.1g", "Protein": "47.8g", "Sugars": "5g", "Vitamin A": "562IU", "Vitamin C": "29mg", "Calcium": "73mg", "Iron": "4mg", "Thiamin": "0mg", "Niacin": "27mg", "Vitamin B6": "1mg", "Magnesium": "82mg", "Folate": "42mcg"}, "Nutrition": {"Calories": "832", "Total Fat": "35.1g", "Saturated Fat": "8.0g", "Cholesterol": "134mg", "Sodium": "1522mg", "Potassium": "1021mg", "Total Carbohydrates": "78.9g", "Dietary Fiber": "5.1g", "Protein": "47.8g", "Sugars": "5g", "Vitamin A": "562IU", "Vitamin C": "29mg", "Calcium": "73mg", "Iron": "4mg", "Thiamin": "0mg", "Niacin": "27mg", "Vitamin B6": "1mg", "Magnesium": "82mg", "Folate": "42mcg"}, "Ingredients": ["9 ml vegetable oil", "5/8 small potatoes, peeled and halved", "1/4 large onions, finely chopped", "1/4 clove garlic, minced", "0.8 g minced fresh ginger root", "0.2 g chili powder", "0.2 g ground black pepper", "0.2 g ground turmeric", "0.3 g ground cumin", "0.9 g salt", "1/4 medium tomatoes, peeled and chopped", "4 ml plain yogurt", "0.5 g chopped fresh mint leaves", "0.1 g ground cardamom", "1/8 (2 inch) piece cinnamon stick", "195 g boneless, skinless chicken pieces cut into chunks", "5 ml vegetable oil", "1/8 large onion, diced", "1/8 pinch powdered saffron", "3/4 pod cardamom", "3/8 whole cloves", "1/8 (1 inch) piece cinnamon stick", "0.1 g ground ginger", "65 g basmati rice", "135 ml chicken stock", "1 g salt"]}, "212488/bhuna-gosht/": {"General": {"Title": "Bhuna Gosht", "Reference": "212488/bhuna-gosht/", "Popularity": "21", "Rating": "4.22222232818604", "Region": "indian", "Calories": "453", "Total Fat": "30.4g", "Saturated Fat": "10.0g", "Cholesterol": "90mg", "Sodium": "90mg", "Potassium": "760mg", "Total Carbohydrates": "20.5g", "Dietary Fiber": "4.3g", "Protein": "25.6g", "Sugars": "9g", "Vitamin A": "1080IU", "Vitamin C": "74mg", "Calcium": "80mg", "Iron": "3mg", "Thiamin": "0mg", "Niacin": "12mg", "Vitamin B6": "0mg", "Magnesium": "53mg", "Folate": "60mcg"}, "Nutrition": {"Calories": "453", "Total Fat": "30.4g", "Saturated Fat": "10.0g", "Cholesterol": "90mg", "Sodium": "90mg", "Potassium": "760mg", "Total Carbohydrates": "20.5g", "Dietary Fiber": "4.3g", "Protein": "25.6g", "Sugars": "9g", "Vitamin A": "1080IU", "Vitamin C": "74mg", "Calcium": "80mg", "Iron": "3mg", "Thiamin": "0mg", "Niacin": "12mg", "Vitamin B6": "0mg", "Magnesium": "53mg", "Folate": "60mcg"}, "Ingredients": ["10 ml cooking oil", "1/2 pod green cardamom", "1/8 pod black cardamom", "3/8 bay leaves", "1/8 cinnamon stick", "1 large onions, sliced thin", "1 clove garlic", "1/8 (1/2 inch) piece fresh ginger root, peeled and julienned", "0.9 g Kashmiri red chili powder", "0.4 g ground cumin", "0.2 g ground turmeric", "salt, to taste", "3/8 tomatoes, pureed", "150 g lamb chops, rinsed and patted dry", "5 ml water", "1/2 green chile peppers, halved lengthwise", "2 g cilantro leaves, for garnish"]}, "45736/chicken-tikka-masala/": {"General": {"Title": "Chicken Tikka Masala", "Reference": "45736/chicken-tikka-masala/", "Popularity": "3k", "Rating": "4.38908433914185", "Region": "indian", "Calories": "404", "Total Fat": "28.9g", "Saturated Fat": "17.0g", "Cholesterol": "143mg", "Sodium": "1592mg", "Potassium": "660mg", "Total Carbohydrates": "13.3g", "Dietary Fiber": "2.5g", "Protein": "24.6g", "Sugars": "7g", "Vitamin A": "2432IU", "Vitamin C": "11mg", "Calcium": "206mg", "Iron": "3mg", "Thiamin": "0mg", "Niacin": "13mg", "Vitamin B6": "1mg", "Magnesium": "57mg", "Folate": "24mcg"}, "Nutrition": {"Calories": "404", "Total Fat": "28.9g", "Saturated Fat": "17.0g", "Cholesterol": "143mg", "Sodium": "1592mg", "Potassium": "660mg", "Total Carbohydrates": "13.3g", "Dietary Fiber": "2.5g", "Protein": "24.6g", "Sugars": "7g", "Vitamin A": "2432IU", "Vitamin C": "11mg", "Calcium": "206mg", "Iron": "3mg", "Thiamin": "0mg", "Niacin": "13mg", "Vitamin B6": "1mg", "Magnesium": "57mg", "Folate": "24mcg"}, "Ingredients": ["60 ml yogurt", "4 ml lemon juice", "1 g fresh ground cumin", "0.6 g ground cinnamon", "0.9 g cayenne pepper", "1 g freshly ground black pepper", "1 g minced fresh ginger", "2 g salt, or to taste", "3/4 boneless skinless chicken breasts, cut into bite-size pieces", "1 long skewers", "4 g butter", "1/4 clove garlic, minced", "1/4 jalapeno pepper, finely chopped", "1 g ground cumin", "1 g paprika", "2 g salt, or to taste", "1/4 (8 ounce) can tomato sauce", "60 ml heavy cream", "3 g chopped fresh cilantro"]}, "228293/curry-stand-chicken-tikka-masala-sauce/": {"General": {"Title": "Curry Stand Chicken Tikka Masala Sauce", "Reference": "228293/curry-stand-chicken-tikka-masala-sauce/", "Popularity": "3k", "Rating": "4.91426849365234", "Region": "indian", "Calories": "328", "Total Fat": "23.4g", "Saturated Fat": "13.0g", "Cholesterol": "106mg", "Sodium": "980mg", "Potassium": "462mg", "Total Carbohydrates": "13.2g", "Dietary Fiber": "2.3g", "Protein": "17.9g", "Sugars": "7g", "Vitamin A": "1496IU", "Vitamin C": "9mg", "Calcium": "68mg", "Iron": "2mg", "Thiamin": "0mg", "Niacin": "9mg", "Vitamin B6": "0mg", "Magnesium": "37mg", "Folate": "19mcg"}, "Nutrition": {"Calories": "328", "Total Fat": "23.4g", "Saturated Fat": "13.0g", "Cholesterol": "106mg", "Sodium": "980mg", "Potassium": "462mg", "Total Carbohydrates": "13.2g", "Dietary Fiber": "2.3g", "Protein": "17.9g", "Sugars": "7g", "Vitamin A": "1496IU", "Vitamin C": "9mg", "Calcium": "68mg", "Iron": "2mg", "Thiamin": "0mg", "Niacin": "9mg", "Vitamin B6": "0mg", "Magnesium": "37mg", "Folate": "19mcg"}, "Ingredients": ["5 ml ghee (clarified butter)", "1/8 onion, finely chopped", "5/8 clove garlic, minced", "1 g ground cumin", "1 g salt", "0.3 g ground ginger", "0.3 g cayenne pepper", "0.2 g ground cinnamon", "0.1 g ground turmeric", "1/8 (14 ounce) can tomato sauce", "40 ml heavy whipping cream", "0.8 g paprika", "2 g white sugar", "3 ml vegetable oil", "5/8 skinless, boneless chicken breast halves, cut into bite-size pieces", "0.2 g curry powder", "0.5 g salt, or to taste (optional)", "0.7 g white sugar, or to taste (optional)"]}, "60598/vegetarian-korma/": {"General": {"Title": "Vegetarian Korma", "Reference": "60598/vegetarian-korma/", "Popularity": "2k", "Rating": "4.57152509689331", "Region": "indian", "Calories": "462", "Total Fat": "31.1g", "Saturated Fat": "15.0g", "Cholesterol": "82mg", "Sodium": "1434mg", "Potassium": "1088mg", "Total Carbohydrates": "41.3g", "Dietary Fiber": "8.4g", "Protein": "8.6g", "Sugars": "9g", "Vitamin A": "13460IU", "Vitamin C": "73mg", "Calcium": "120mg", "Iron": "3mg", "Thiamin": "0mg", "Niacin": "5mg", "Vitamin B6": "1mg", "Magnesium": "83mg", "Folate": "84mcg"}, "Nutrition": {"Calories": "462", "Total Fat": "31.1g", "Saturated Fat": "15.0g", "Cholesterol": "82mg", "Sodium": "1434mg", "Potassium": "1088mg", "Total Carbohydrates": "41.3g", "Dietary Fiber": "8.4g", "Protein": "8.6g", "Sugars": "9g", "Vitamin A": "13460IU", "Vitamin C": "73mg", "Calcium": "120mg", "Iron": "3mg", "Thiamin": "0mg", "Niacin": "5mg", "Vitamin B6": "1mg", "Magnesium": "83mg", "Folate": "84mcg"}, "Ingredients": ["6 ml vegetable oil", "1/4 small onion, diced", "0.5 g minced fresh ginger root", "1 clove garlic, minced", "1/2 potatoes, cubed", "1 carrots, cubed", "1/4 fresh jalapeno pepper, seeded and sliced", "6 g ground unsalted cashews", "1/4 (4 ounce) can tomato sauce", "3 g salt", "2 g curry powder", "40 g frozen green peas", "1/8 green bell pepper, chopped", "1/8 red bell pepper, chopped", "60 ml heavy cream", "1/4 bunch fresh cilantro for garnish"]}, "46822/indian-chicken-curry-ii/": {"General": {"Title": "Indian Chicken Curry II", "Reference": "46822/indian-chicken-curry-ii/", "Popularity": "1k", "Rating": "4.27125215530396", "Region": "indian", "Calories": "313", "Total Fat": "21.7g", "Saturated Fat": "10.0g", "Cholesterol": "38mg", "Sodium": "268mg", "Potassium": "576mg", "Total Carbohydrates": "14g", "Dietary Fiber": "3.8g", "Protein": "19.1g", "Sugars": "7g", "Vitamin A": "555IU", "Vitamin C": "15mg", "Calcium": "172mg", "Iron": "4mg", "Thiamin": "0mg", "Niacin": "11mg", "Vitamin B6": "1mg", "Magnesium": "66mg", "Folate": "27mcg"}, "Nutrition": {"Calories": "313", "Total Fat": "21.7g", "Saturated Fat": "10.0g", "Cholesterol": "38mg", "Sodium": "268mg", "Potassium": "576mg", "Total Carbohydrates": "14g", "Dietary Fiber": "3.8g", "Protein": "19.1g", "Sugars": "7g", "Vitamin A": "555IU", "Vitamin C": "15mg", "Calcium": "172mg", "Iron": "4mg", "Thiamin": "0mg", "Niacin": "11mg", "Vitamin B6": "1mg", "Magnesium": "66mg", "Folate": "27mcg"}, "Ingredients": ["10 ml olive oil", "1/4 small onion, chopped", "1/2 clove garlic, minced", "5 g curry powder", "0.6 g ground cinnamon", "0.6 g paprika", "1/4 bay leaf", "0.2 g grated fresh ginger root", "0.5 g white sugar", "salt to taste", "1/2 skinless, boneless chicken breast halves - cut into bite-size pieces", "4 g tomato paste", "60 ml plain yogurt", "45 ml coconut milk", "1/8 lemon, juiced", "0.2 g cayenne pepper"]}, "16641/red-lentil-curry/": {"General": {"Title": "Red Lentil Curry", "Reference": "16641/red-lentil-curry/", "Popularity": "1k", "Rating": "4.48824453353882", "Region": "indian", "Calories": "192", "Total Fat": "2.6g", "Saturated Fat": "0.0g", "Cholesterol": "0mg", "Sodium": "572mg", "Potassium": "727mg", "Total Carbohydrates": "32.5g", "Dietary Fiber": "11.3g", "Protein": "12.1g", "Sugars": "7g", "Vitamin A": "377IU", "Vitamin C": "9mg", "Calcium": "44mg", "Iron": "6mg", "Thiamin": "0mg", "Niacin": "4mg", "Vitamin B6": "0mg", "Magnesium": "61mg", "Folate": "227mcg"}, "Nutrition": {"Calories": "192", "Total Fat": "2.6g", "Saturated Fat": "0.0g", "Cholesterol": "0mg", "Sodium": "572mg", "Potassium": "727mg", "Total Carbohydrates": "32.5g", "Dietary Fiber": "11.3g", "Protein": "12.1g", "Sugars": "7g", "Vitamin A": "377IU", "Vitamin C": "9mg", "Calcium": "44mg", "Iron": "6mg", "Thiamin": "0mg", "Niacin": "4mg", "Vitamin B6": "0mg", "Magnesium": "61mg", "Folate": "227mcg"}, "Ingredients": ["50 g red lentils", "1/8 large onion, diced", "2 ml vegetable oil", "4 g curry paste", "0.8 g curry powder", "0.3 g ground turmeric", "0.3 g ground cumin", "0.3 g chili powder", "0.8 g salt", "0.5 g white sugar", "0.4 g minced garlic", "0.2 g minced fresh ginger", "1/8 (14.25 ounce) can tomato puree"]}, "45957/chicken-makhani-indian-butter-chicken/": {"General": {"Title": "Chicken Makhani (Indian Butter Chicken)", "Reference": "45957/chicken-makhani-indian-butter-chicken/", "Popularity": "1k", "Rating": "4.50079107284546", "Region": "indian", "Calories": "408", "Total Fat": "27.8g", "Saturated Fat": "11.0g", "Cholesterol": "107mg", "Sodium": "523mg", "Potassium": "625mg", "Total Carbohydrates": "15.6g", "Dietary Fiber": "2.2g", "Protein": "23.4g", "Sugars": "5g", "Vitamin A": "1194IU", "Vitamin C": "12mg", "Calcium": "135mg", "Iron": "3mg", "Thiamin": "0mg", "Niacin": "9mg", "Vitamin B6": "0mg", "Magnesium": "49mg", "Folate": "24mcg"}, "Nutrition": {"Calories": "408", "Total Fat": "27.8g", "Saturated Fat": "11.0g", "Cholesterol": "107mg", "Sodium": "523mg", "Potassium": "625mg", "Total Carbohydrates": "15.6g", "Dietary Fiber": "2.2g", "Protein": "23.4g", "Sugars": "5g", "Vitamin A": "1194IU", "Vitamin C": "12mg", "Calcium": "135mg", "Iron": "3mg", "Thiamin": "0mg", "Niacin": "9mg", "Vitamin B6": "0mg", "Magnesium": "49mg", "Folate": "24mcg"}, "Ingredients": ["4 ml peanut oil", "1/4 shallot, finely chopped", "1/8 white onion, chopped", "7 g butter", "3 ml lemon juice", "4 g ginger garlic paste", "0.5 g garam masala", "0.7 g chili powder", "0.5 g ground cumin", "1/4 bay leaf", "15 ml plain yogurt", "60 ml half-and-half", "60 g tomato puree", "0.1 g cayenne pepper, or to taste", "1/4 pinch salt", "1/4 pinch black pepper", "4 ml peanut oil", "115 g boneless, skinless chicken thighs, cut into bite-size pieces", "0.5 g garam masala", "1/4 pinch cayenne pepper", "2 g cornstarch", "15 ml water"]}, "141169/easy-indian-butter-chicken/": {"General": {"Title": "Easy Indian Butter Chicken", "Reference": "141169/easy-indian-butter-chicken/", "Popularity": "1k", "Rating": "4.7105507850647", "Region": "indian", "Calories": "880", "Total Fat": "82.3g", "Saturated Fat": "48.0g", "Cholesterol": "303mg", "Sodium": "1461mg", "Potassium": "567mg", "Total Carbohydrates": "12.8g", "Dietary Fiber": "2.6g", "Protein": "26.4g", "Sugars": "5g", "Vitamin A": "3092IU", "Vitamin C": "11mg", "Calcium": "134mg", "Iron": "2mg", "Thiamin": "0mg", "Niacin": "12mg", "Vitamin B6": "0mg", "Magnesium": "50mg", "Folate": "26mcg"}, "Nutrition": {"Calories": "880", "Total Fat": "82.3g", "Saturated Fat": "48.0g", "Cholesterol": "303mg", "Sodium": "1461mg", "Potassium": "567mg", "Total Carbohydrates": "12.8g", "Dietary Fiber": "2.6g", "Protein": "26.4g", "Sugars": "5g", "Vitamin A": "3092IU", "Vitamin C": "11mg", "Calcium": "134mg", "Iron": "2mg", "Thiamin": "0mg", "Niacin": "12mg", "Vitamin B6": "0mg", "Magnesium": "50mg", "Folate": "26mcg"}, "Ingredients": ["40 g butter, divided", "1/8 onion, minced", "1 g minced garlic", "1/8 (15 ounce) can tomato sauce", "120 ml heavy cream", "2 g salt", "0.3 g cayenne pepper", "0.4 g garam masala", "115 g skinless, boneless chicken breast, cut into bite-sized chunks", "5 ml vegetable oil", "2 g tandoori masala"]}, "165190/spicy-vegan-potato-curry/": {"General": {"Title": "Spicy Vegan Potato Curry", "Reference": "165190/spicy-vegan-potato-curry/", "Popularity": "1k", "Rating": "4.49796342849731", "Region": "indian", "Calories": "407", "Total Fat": "20.1g", "Saturated Fat": "13.0g", "Cholesterol": "0mg", "Sodium": "1176mg", "Potassium": "1090mg", "Total Carbohydrates": "50.6g", "Dietary Fiber": "10.1g", "Protein": "10.1g", "Sugars": "6g", "Vitamin A": "1069IU", "Vitamin C": "44mg", "Calcium": "107mg", "Iron": "7mg", "Thiamin": "0mg", "Niacin": "4mg", "Vitamin B6": "1mg", "Magnesium": "98mg", "Folate": "94mcg"}, "Nutrition": {"Calories": "407", "Total Fat": "20.1g", "Saturated Fat": "13.0g", "Cholesterol": "0mg", "Sodium": "1176mg", "Potassium": "1090mg", "Total Carbohydrates": "50.6g", "Dietary Fiber": "10.1g", "Protein": "10.1g", "Sugars": "6g", "Vitamin A": "1069IU", "Vitamin C": "44mg", "Calcium": "107mg", "Iron": "7mg", "Thiamin": "0mg", "Niacin": "4mg", "Vitamin B6": "1mg", "Magnesium": "98mg", "Folate": "94mcg"}, "Ingredients": ["5/8 potatoes, peeled and cubed", "5 ml vegetable oil", "1/8 yellow onion, diced", "1/2 clove garlic, minced", "0.7 g ground cumin", "0.4 g cayenne pepper", "1 g curry powder", "1 g garam masala", "1/8 (1 inch) piece fresh ginger root, peeled and minced", "2 g salt", "1/8 (14.5 ounce) can diced tomatoes", "1/8 (15 ounce) can garbanzo beans (chickpeas), rinsed and drained", "1/8 (15 ounce) can peas, drained", "1/8 (14 ounce) can coconut milk"]}, "212721/indian-chicken-curry-murgh-kari/": {"General": {"Title": "Indian Chicken Curry (Murgh Kari)", "Reference": "212721/indian-chicken-curry-murgh-kari/", "Popularity": "1k", "Rating": "4.74292182922363", "Region": "indian", "Calories": "427", "Total Fat": "24.3g", "Saturated Fat": "5.0g", "Cholesterol": "95mg", "Sodium": "1370mg", "Potassium": "699mg", "Total Carbohydrates": "14.7g", "Dietary Fiber": "2.9g", "Protein": "38.1g", "Sugars": "5g", "Vitamin A": "748IU", "Vitamin C": "12mg", "Calcium": "143mg", "Iron": "3mg", "Thiamin": "0mg", "Niacin": "23mg", "Vitamin B6": "1mg", "Magnesium": "64mg", "Folate": "29mcg"}, "Nutrition": {"Calories": "427", "Total Fat": "24.3g", "Saturated Fat": "5.0g", "Cholesterol": "95mg", "Sodium": "1370mg", "Potassium": "699mg", "Total Carbohydrates": "14.7g", "Dietary Fiber": "2.9g", "Protein": "38.1g", "Sugars": "5g", "Vitamin A": "748IU", "Vitamin C": "12mg", "Calcium": "143mg", "Iron": "3mg", "Thiamin": "0mg", "Niacin": "23mg", "Vitamin B6": "1mg", "Magnesium": "64mg", "Folate": "29mcg"}, "Ingredients": ["150 g skinless, boneless chicken breast halves", "2 g salt", "20 ml cooking oil", "40 g chopped onion", "1 g minced garlic", "0.5 g minced fresh ginger root", "1 g curry powder", "0.4 g ground cumin", "0.4 g ground turmeric", "0.3 g ground coriander", "0.3 g cayenne pepper", "3 ml water", "1/8 (15 ounce) can crushed tomatoes", "40 ml plain yogurt", "0.5 g chopped fresh cilantro", "1 g salt", "20 ml water", "0.4 g garam masala", "0.5 g chopped fresh cilantro", "3 ml fresh lemon juice"]}, "34689/chickpea-curry/": {"General": {"Title": "Chickpea Curry", "Reference": "34689/chickpea-curry/", "Popularity": "648", "Rating": "4.24024963378906", "Region": "indian", "Calories": "135", "Total Fat": "4.5g", "Saturated Fat": "1.0g", "Cholesterol": "0mg", "Sodium": "289mg", "Potassium": "217mg", "Total Carbohydrates": "20.5g", "Dietary Fiber": "4.6g", "Protein": "4.1g", "Sugars": "1g", "Vitamin A": "506IU", "Vitamin C": "7mg", "Calcium": "51mg", "Iron": "2mg", "Thiamin": "0mg", "Niacin": "1mg", "Vitamin B6": "0mg", "Magnesium": "28mg", "Folate": "56mcg"}, "Nutrition": {"Calories": "135", "Total Fat": "4.5g", "Saturated Fat": "1.0g", "Cholesterol": "0mg", "Sodium": "289mg", "Potassium": "217mg", "Total Carbohydrates": "20.5g", "Dietary Fiber": "4.6g", "Protein": "4.1g", "Sugars": "1g", "Vitamin A": "506IU", "Vitamin C": "7mg", "Calcium": "51mg", "Iron": "2mg", "Thiamin": "0mg", "Niacin": "1mg", "Vitamin B6": "0mg", "Magnesium": "28mg", "Folate": "56mcg"}, "Ingredients": ["4 ml vegetable oil", "1/4 onions, minced", "1/4 clove garlic, minced", "0.5 g fresh ginger root, finely chopped", "3/4 whole cloves", "1/4 (2 inch) stick cinnamon, crushed", "0.3 g ground cumin", "0.2 g ground coriander", "salt", "0.2 g cayenne pepper", "0.3 g ground turmeric", "1/4 (15 ounce) can garbanzo beans", "6 g chopped fresh cilantro"]}, "174543/slow-cooker-butter-chicken/": {"General": {"Title": "Slow Cooker Butter Chicken", "Reference": "174543/slow-cooker-butter-chicken/", "Popularity": "1k", "Rating": "4.48495006561279", "Region": "indian", "Calories": "480", "Total Fat": "33.3g", "Saturated Fat": "19.0g", "Cholesterol": "103mg", "Sodium": "442mg", "Potassium": "824mg", "Total Carbohydrates": "17.2g", "Dietary Fiber": "4g", "Protein": "30.6g", "Sugars": "8g", "Vitamin A": "647IU", "Vitamin C": "11mg", "Calcium": "134mg", "Iron": "6mg", "Thiamin": "0mg", "Niacin": "12mg", "Vitamin B6": "0mg", "Magnesium": "79mg", "Folate": "33mcg"}, "Nutrition": {"Calories": "480", "Total Fat": "33.3g", "Saturated Fat": "19.0g", "Cholesterol": "103mg", "Sodium": "442mg", "Potassium": "824mg", "Total Carbohydrates": "17.2g", "Dietary Fiber": "4g", "Protein": "30.6g", "Sugars": "8g", "Vitamin A": "647IU", "Vitamin C": "11mg", "Calcium": "134mg", "Iron": "6mg", "Thiamin": "0mg", "Niacin": "12mg", "Vitamin B6": "0mg", "Magnesium": "79mg", "Folate": "33mcg"}, "Ingredients": ["5 g butter", "5 ml vegetable oil", "5/8 large skinless, boneless chicken thighs, cut into bite-sized pieces", "1/8 onion, diced", "1/2 clove garlic, minced", "0.7 g curry powder", "3 g curry paste", "0.7 g tandoori masala", "0.4 g garam masala", "1/8 (6 ounce) can tomato paste", "2-1/2 green cardamom pods", "40 ml low-fat plain yogurt", "1/8 (14 ounce) can coconut milk", "salt to taste"]}, "47564/baingan-bharta-eggplant-curry/": {"General": {"Title": "Baingan Bharta (Eggplant Curry)", "Reference": "47564/baingan-bharta-eggplant-curry/", "Popularity": "410", "Rating": "4.32051277160645", "Region": "indian", "Calories": "146", "Total Fat": "8g", "Saturated Fat": "1.0g", "Cholesterol": "2mg", "Sodium": "739mg", "Potassium": "559mg", "Total Carbohydrates": "15.2g", "Dietary Fiber": "6.2g", "Protein": "4g", "Sugars": "8g", "Vitamin A": "596IU", "Vitamin C": "12mg", "Calcium": "93mg", "Iron": "1mg", "Thiamin": "0mg", "Niacin": "2mg", "Vitamin B6": "0mg", "Magnesium": "38mg", "Folate": "50mcg"}, "Nutrition": {"Calories": "146", "Total Fat": "8g", "Saturated Fat": "1.0g", "Cholesterol": "2mg", "Sodium": "739mg", "Potassium": "559mg", "Total Carbohydrates": "15.2g", "Dietary Fiber": "6.2g", "Protein": "4g", "Sugars": "8g", "Vitamin A": "596IU", "Vitamin C": "12mg", "Calcium": "93mg", "Iron": "1mg", "Thiamin": "0mg", "Niacin": "2mg", "Vitamin B6": "0mg", "Magnesium": "38mg", "Folate": "50mcg"}, "Ingredients": ["1/4 large eggplant", "8 ml vegetable oil", "0.5 g cumin seeds", "1/4 medium onion, thinly sliced", "4 g ginger garlic paste", "2 g curry powder", "1/4 tomato, diced", "30 ml plain yogurt", "1/4 fresh jalapeno chile pepper, finely chopped", "2 g salt", "1/8 bunch cilantro, finely chopped"]}}