{"8975/chicken-parmigiana/": {"General": {"Title": "Chicken Parmigiana", "Reference": "8975/chicken-parmigiana/", "Popularity": "2k", "Rating": "4.57510471343994", "Region": "italian", "Calories": "528", "Total Fat": "18.3g", "Saturated Fat": "8.0g", "Cholesterol": "184mg", "Sodium": "1309mg", "Potassium": "804mg", "Total Carbohydrates": "44.9g", "Dietary Fiber": "5.6g", "Protein": "43.5g", "Sugars": "17g", "Vitamin A": "1097IU", "Vitamin C": "3mg", "Calcium": "445mg", "Iron": "4mg", "Thiamin": "0mg", "Niacin": "23mg", "Vitamin B6": "1mg", "Magnesium": "80mg", "Folate": "70mcg"}, "Nutrition": {"Calories": "528", "Total Fat": "18.3g", "Saturated Fat": "8.0g", "Cholesterol": "184mg", "Sodium": "1309mg", "Potassium": "804mg", "Total Carbohydrates": "44.9g", "Dietary Fiber": "5.6g", "Protein": "43.5g", "Sugars": "17g", "Vitamin A": "1097IU", "Vitamin C": "3mg", "Calcium": "445mg", "Iron": "4mg", "Thiamin": "0mg", "Niacin": "23mg", "Vitamin B6": "1mg", "Magnesium": "80mg", "Folate": "70mcg"}, "Ingredients": ["1/2 egg, beaten", "30 g dry bread crumbs", "1 skinless, boneless chicken breast halves", "3/8 (16 ounce) jar spaghetti sauce", "30 g shredded mozzarella cheese", "10 g grated Parmesan cheese"]}, "229960/shrimp-scampi-with-pasta/": {"General": {"Title": "Shrimp Scampi with Pasta", "Reference": "229960/shrimp-scampi-with-pasta/", "Popularity": "2k", "Rating": "4.55847930908203", "Region": "italian", "Calories": "511", "Total Fat": "19.4g", "Saturated Fat": "7.0g", "Cholesterol": "135mg", "Sodium": "260mg", "Potassium": "268mg", "Total Carbohydrates": "57.5g", "Dietary Fiber": "3.5g", "Protein": "21.9g", "Sugars": "1g", "Vitamin A": "849IU", "Vitamin C": "10mg", "Calcium": "52mg", "Iron": "5mg", "Thiamin": "0mg", "Niacin": "8mg", "Vitamin B6": "0mg", "Magnesium": "62mg", "Folate": "144mcg"}, "Nutrition": {"Calories": "511", "Total Fat": "19.4g", "Saturated Fat": "7.0g", "Cholesterol": "135mg", "Sodium": "260mg", "Potassium": "268mg", "Total Carbohydrates": "57.5g", "Dietary Fiber": "3.5g", "Protein": "21.9g", "Sugars": "1g", "Vitamin A": "849IU", "Vitamin C": "10mg", "Calcium": "52mg", "Iron": "5mg", "Thiamin": "0mg", "Niacin": "8mg", "Vitamin B6": "0mg", "Magnesium": "62mg", "Folate": "144mcg"}, "Ingredients": ["1/8 (16 ounce) package linguine pasta", "5 g butter", "5 ml extra-virgin olive oil", "3/8 shallots, finely diced", "3/8 clove garlic, minced", "1/8 pinch red pepper flakes (optional)", "75 g shrimp, peeled and deveined", "1/8 pinch kosher salt and freshly ground pepper", "20 ml dry white wine", "1/8 lemon, juiced", "5 g butter", "5 ml extra-virgin olive oil", "3 g finely chopped fresh parsley leaves", "0.8 ml extra-virgin olive oil, or to taste"]}, "59030/hearty-meatball-sandwich/": {"General": {"Title": "Hearty Meatball Sandwich", "Reference": "59030/hearty-meatball-sandwich/", "Popularity": "198", "Rating": "4.50761413574219", "Region": "italian", "Calories": "491", "Total Fat": "21.4g", "Saturated Fat": "8.0g", "Cholesterol": "75mg", "Sodium": "1068mg", "Potassium": "441mg", "Total Carbohydrates": "43.1g", "Dietary Fiber": "3g", "Protein": "29.3g", "Sugars": "5g", "Vitamin A": "145IU", "Vitamin C": "1mg", "Calcium": "196mg", "Iron": "5mg", "Thiamin": "0mg", "Niacin": "12mg", "Vitamin B6": "0mg", "Magnesium": "39mg", "Folate": "30mcg"}, "Nutrition": {"Calories": "491", "Total Fat": "21.4g", "Saturated Fat": "8.0g", "Cholesterol": "75mg", "Sodium": "1068mg", "Potassium": "441mg", "Total Carbohydrates": "43.1g", "Dietary Fiber": "3g", "Protein": "29.3g", "Sugars": "5g", "Vitamin A": "145IU", "Vitamin C": "1mg", "Calcium": "196mg", "Iron": "5mg", "Thiamin": "0mg", "Niacin": "12mg", "Vitamin B6": "0mg", "Magnesium": "39mg", "Folate": "30mcg"}, "Ingredients": ["115 g lean ground beef", "6 g Italian seasoned bread crumbs", "1/8 small onion, chopped", "1 g salt", "9 g shredded mozzarella cheese, divided", "1 g cracked black pepper", "0.5 g garlic powder", "20 ml marinara sauce", "1/2 hoagie rolls, split lengthwise"]}, "219005/pork-chops-italiano/": {"General": {"Title": "Pork Chops Italiano", "Reference": "219005/pork-chops-italiano/", "Popularity": "951", "Rating": "4.55357122421265", "Region": "italian", "Calories": "290", "Total Fat": "17.6g", "Saturated Fat": "5.0g", "Cholesterol": "63mg", "Sodium": "339mg", "Potassium": "691mg", "Total Carbohydrates": "7.8g", "Dietary Fiber": "2g", "Protein": "25.3g", "Sugars": "4g", "Vitamin A": "217IU", "Vitamin C": "32mg", "Calcium": "57mg", "Iron": "2mg", "Thiamin": "1mg", "Niacin": "11mg", "Vitamin B6": "1mg", "Magnesium": "40mg", "Folate": "24mcg"}, "Nutrition": {"Calories": "290", "Total Fat": "17.6g", "Saturated Fat": "5.0g", "Cholesterol": "63mg", "Sodium": "339mg", "Potassium": "691mg", "Total Carbohydrates": "7.8g", "Dietary Fiber": "2g", "Protein": "25.3g", "Sugars": "4g", "Vitamin A": "217IU", "Vitamin C": "32mg", "Calcium": "57mg", "Iron": "2mg", "Thiamin": "1mg", "Niacin": "11mg", "Vitamin B6": "1mg", "Magnesium": "40mg", "Folate": "24mcg"}, "Ingredients": ["0.8 ml olive oil", "25 g sliced mushrooms", "5 ml olive oil", "1 (3/4 inch thick) pork loin chops", "3/8 clove garlic, crushed", "25 g chopped onion", "1/8 (14.5 ounce) can diced Italian tomatoes, undrained", "0.2 g dried basil", "0.1 g dried oregano", "0.5 g salt", "0.1 g ground black pepper", "20 ml water, if necessary", "1/8 large green bell pepper, cut in 6 pieces"]}, "23602/kays-spaghetti-and-lasagna-sauce/": {"General": {"Title": "Kay's Spaghetti and Lasagna Sauce", "Reference": "23602/kays-spaghetti-and-lasagna-sauce/", "Popularity": "986", "Rating": "4.36906385421753", "Region": "italian", "Calories": "206", "Total Fat": "8.4g", "Saturated Fat": "3.0g", "Cholesterol": "34mg", "Sodium": "379mg", "Potassium": "728mg", "Total Carbohydrates": "22g", "Dietary Fiber": "3.8g", "Protein": "13.2g", "Sugars": "9g", "Vitamin A": "1034IU", "Vitamin C": "41mg", "Calcium": "93mg", "Iron": "4mg", "Thiamin": "0mg", "Niacin": "6mg", "Vitamin B6": "0mg", "Magnesium": "46mg", "Folate": "31mcg"}, "Nutrition": {"Calories": "206", "Total Fat": "8.4g", "Saturated Fat": "3.0g", "Cholesterol": "34mg", "Sodium": "379mg", "Potassium": "728mg", "Total Carbohydrates": "22g", "Dietary Fiber": "3.8g", "Protein": "13.2g", "Sugars": "9g", "Vitamin A": "1034IU", "Vitamin C": "41mg", "Calcium": "93mg", "Iron": "4mg", "Thiamin": "0mg", "Niacin": "6mg", "Vitamin B6": "0mg", "Magnesium": "46mg", "Folate": "31mcg"}, "Ingredients": ["1/8 (28 ounce) can stewed tomatoes", "1/8 (28 ounce) can crushed tomatoes", "55 g lean ground beef", "1/4 yellow onions, chopped", "1/4 green bell peppers, chopped", "5/8 clove garlic, chopped", "3 g white sugar", "0.3 g dried basil", "0.1 g dried oregano", "salt and pepper to taste"]}, "217292/tagliatelle-with-coriander-pesto/": {"General": {"Title": "Tagliatelle with Coriander Pesto", "Reference": "217292/tagliatelle-with-coriander-pesto/", "Popularity": "25", "Rating": "4", "Region": "italian", "Calories": "663", "Total Fat": "39.4g", "Saturated Fat": "7.0g", "Cholesterol": "11mg", "Sodium": "190mg", "Potassium": "319mg", "Total Carbohydrates": "64.8g", "Dietary Fiber": "3.9g", "Protein": "16.5g", "Sugars": "4g", "Vitamin A": "1001IU", "Vitamin C": "5mg", "Calcium": "92mg", "Iron": "4mg", "Thiamin": "0mg", "Niacin": "7mg", "Vitamin B6": "0mg", "Magnesium": "76mg", "Folate": "189mcg"}, "Nutrition": {"Calories": "663", "Total Fat": "39.4g", "Saturated Fat": "7.0g", "Cholesterol": "11mg", "Sodium": "190mg", "Potassium": "319mg", "Total Carbohydrates": "64.8g", "Dietary Fiber": "3.9g", "Protein": "16.5g", "Sugars": "4g", "Vitamin A": "1001IU", "Vitamin C": "5mg", "Calcium": "92mg", "Iron": "4mg", "Thiamin": "0mg", "Niacin": "7mg", "Vitamin B6": "0mg", "Magnesium": "76mg", "Folate": "189mcg"}, "Ingredients": ["1/4 bunch chopped fresh cilantro", "15 g pine nuts", "1 ml lemon juice, or to taste", "10 g crumbled feta cheese", "salt and ground black pepper to taste", "30 ml olive oil", "1/4 (12 ounce) package dry tagliatelle or wide fettucine pasta", "1 ml extra-virgin olive oil"]}, "84737/tilapia-scaloppine/": {"General": {"Title": "Tilapia Scaloppine", "Reference": "84737/tilapia-scaloppine/", "Popularity": "287", "Rating": "4.5044641494751", "Region": "italian", "Calories": "262", "Total Fat": "14.2g", "Saturated Fat": "5.0g", "Cholesterol": "57mg", "Sodium": "222mg", "Potassium": "564mg", "Total Carbohydrates": "5g", "Dietary Fiber": "1.6g", "Protein": "24.2g", "Sugars": "0g", "Vitamin A": "294IU", "Vitamin C": "24mg", "Calcium": "63mg", "Iron": "1mg", "Thiamin": "0mg", "Niacin": "5mg", "Vitamin B6": "0mg", "Magnesium": "42mg", "Folate": "10mcg"}, "Nutrition": {"Calories": "262", "Total Fat": "14.2g", "Saturated Fat": "5.0g", "Cholesterol": "57mg", "Sodium": "222mg", "Potassium": "564mg", "Total Carbohydrates": "5g", "Dietary Fiber": "1.6g", "Protein": "24.2g", "Sugars": "0g", "Vitamin A": "294IU", "Vitamin C": "24mg", "Calcium": "63mg", "Iron": "1mg", "Thiamin": "0mg", "Niacin": "5mg", "Vitamin B6": "0mg", "Magnesium": "42mg", "Folate": "10mcg"}, "Ingredients": ["8 ml extra virgin olive oil", "7 g butter", "2 g minced garlic", "115 g tilapia fillets", "salt and ground black pepper to taste", "9 g sliced fresh button mushrooms", "4 g drained capers", "30 ml white wine", "1/4 lemon, juiced"]}, "8900/prune-and-olive-chicken/": {"General": {"Title": "Prune and Olive Chicken", "Reference": "8900/prune-and-olive-chicken/", "Popularity": "260", "Rating": "4.65841579437256", "Region": "italian", "Calories": "402", "Total Fat": "22.4g", "Saturated Fat": "6.0g", "Cholesterol": "97mg", "Sodium": "308mg", "Potassium": "386mg", "Total Carbohydrates": "16.5g", "Dietary Fiber": "1.2g", "Protein": "31.2g", "Sugars": "13g", "Vitamin A": "405IU", "Vitamin C": "2mg", "Calcium": "49mg", "Iron": "3mg", "Thiamin": "0mg", "Niacin": "10mg", "Vitamin B6": "1mg", "Magnesium": "37mg", "Folate": "11mcg"}, "Nutrition": {"Calories": "402", "Total Fat": "22.4g", "Saturated Fat": "6.0g", "Cholesterol": "97mg", "Sodium": "308mg", "Potassium": "386mg", "Total Carbohydrates": "16.5g", "Dietary Fiber": "1.2g", "Protein": "31.2g", "Sugars": "13g", "Vitamin A": "405IU", "Vitamin C": "2mg", "Calcium": "49mg", "Iron": "3mg", "Thiamin": "0mg", "Niacin": "10mg", "Vitamin B6": "1mg", "Magnesium": "37mg", "Folate": "11mcg"}, "Ingredients": ["1/2 clove garlic, minced", "9 g pitted prunes, halved", "1-1/4 small green olives", "3 g capers, with liquid", "5 ml olive oil", "5 ml red wine vinegar", "3/8 bay leaves", "0.8 g dried oregano", "salt and pepper to taste", "1/8 (3 pound) whole chicken, skin removed and cut into pieces", "9 g packed brown sugar", "10 ml dry white wine", "0.6 g chopped fresh parsley, for garnish"]}, "91597/original-homemade-italian-beef/": {"General": {"Title": "Original Homemade Italian Beef", "Reference": "91597/original-homemade-italian-beef/", "Popularity": "905", "Rating": "4.64833354949951", "Region": "italian", "Calories": "557", "Total Fat": "28.8g", "Saturated Fat": "11.0g", "Cholesterol": "103mg", "Sodium": "4233mg", "Potassium": "310mg", "Total Carbohydrates": "38.4g", "Dietary Fiber": "2.2g", "Protein": "31.9g", "Sugars": "7g", "Vitamin A": "315IU", "Vitamin C": "1mg", "Calcium": "130mg", "Iron": "6mg", "Thiamin": "0mg", "Niacin": "10mg", "Vitamin B6": "0mg", "Magnesium": "31mg", "Folate": "59mcg"}, "Nutrition": {"Calories": "557", "Total Fat": "28.8g", "Saturated Fat": "11.0g", "Cholesterol": "103mg", "Sodium": "4233mg", "Potassium": "310mg", "Total Carbohydrates": "38.4g", "Dietary Fiber": "2.2g", "Protein": "31.9g", "Sugars": "7g", "Vitamin A": "315IU", "Vitamin C": "1mg", "Calcium": "130mg", "Iron": "6mg", "Thiamin": "0mg", "Niacin": "10mg", "Vitamin B6": "0mg", "Magnesium": "31mg", "Folate": "59mcg"}, "Ingredients": ["225 g beef chuck roast", "1/2 (1 ounce) package dry Italian salad dressing mix", "40 ml water", "1/8 (16 ounce) jar pepperoncini peppers", "1-1/4 hamburger buns, split"]}, "23600/worlds-best-lasagna/": {"General": {"Title": "World's Best Lasagna", "Reference": "23600/worlds-best-lasagna/", "Popularity": "29k", "Rating": "4.79050922393799", "Region": "italian", "Calories": "448", "Total Fat": "21.3g", "Saturated Fat": "10.0g", "Cholesterol": "82mg", "Sodium": "1788mg", "Potassium": "876mg", "Total Carbohydrates": "36.5g", "Dietary Fiber": "4g", "Protein": "29.7g", "Sugars": "9g", "Vitamin A": "1454IU", "Vitamin C": "17mg", "Calcium": "442mg", "Iron": "4mg", "Thiamin": "0mg", "Niacin": "10mg", "Vitamin B6": "0mg", "Magnesium": "67mg", "Folate": "80mcg"}, "Nutrition": {"Calories": "448", "Total Fat": "21.3g", "Saturated Fat": "10.0g", "Cholesterol": "82mg", "Sodium": "1788mg", "Potassium": "876mg", "Total Carbohydrates": "36.5g", "Dietary Fiber": "4g", "Protein": "29.7g", "Sugars": "9g", "Vitamin A": "1454IU", "Vitamin C": "17mg", "Calcium": "442mg", "Iron": "4mg", "Thiamin": "0mg", "Niacin": "10mg", "Vitamin B6": "0mg", "Magnesium": "67mg", "Folate": "80mcg"}, "Ingredients": ["40 g sweet Italian sausage", "30 g lean ground beef", "7 g minced onion", "1/8 clove garlic, crushed", "1/8 (28 ounce) can crushed tomatoes", "1/8 (6 ounce) can tomato paste", "1/8 (6.5 ounce) can canned tomato sauce", "10 ml water", "2 g white sugar", "0.1 g dried basil leaves", "0.1 g fennel seeds", "0.1 g Italian seasoning", "2 g salt", "0 g ground black pepper", "1 g chopped fresh parsley", "1 lasagna noodles", "40 g ricotta cheese", "1/8 egg", "0.2 g salt", "30 g mozzarella cheese, sliced", "5 g grated Parmesan cheese"]}, "8887/chicken-marsala/": {"General": {"Title": "Chicken Marsala", "Reference": "8887/chicken-marsala/", "Popularity": "7k", "Rating": "4.53660821914673", "Region": "italian", "Calories": "448", "Total Fat": "26.6g", "Saturated Fat": "10.0g", "Cholesterol": "99mg", "Sodium": "543mg", "Potassium": "411mg", "Total Carbohydrates": "13.3g", "Dietary Fiber": "0.5g", "Protein": "28.8g", "Sugars": "3g", "Vitamin A": "393IU", "Vitamin C": "2mg", "Calcium": "25mg", "Iron": "2mg", "Thiamin": "0mg", "Niacin": "20mg", "Vitamin B6": "1mg", "Magnesium": "40mg", "Folate": "23mcg"}, "Nutrition": {"Calories": "448", "Total Fat": "26.6g", "Saturated Fat": "10.0g", "Cholesterol": "99mg", "Sodium": "543mg", "Potassium": "411mg", "Total Carbohydrates": "13.3g", "Dietary Fiber": "0.5g", "Protein": "28.8g", "Sugars": "3g", "Vitamin A": "393IU", "Vitamin C": "2mg", "Calcium": "25mg", "Iron": "2mg", "Thiamin": "0mg", "Niacin": "20mg", "Vitamin B6": "1mg", "Magnesium": "40mg", "Folate": "23mcg"}, "Ingredients": ["8 g all-purpose flour for coating", "0.8 g salt", "0.1 g ground black pepper", "0.2 g dried oregano", "1 skinless, boneless chicken breast halves - pounded 1/4 inch thick", "15 g butter", "15 ml olive oil", "20 g sliced mushrooms", "30 ml Marsala wine", "15 ml cooking sherry"]}, "26257/bow-ties-with-sausage-tomatoes-and-cream/": {"General": {"Title": "Bow Ties with Sausage, Tomatoes and Cream", "Reference": "26257/bow-ties-with-sausage-tomatoes-and-cream/", "Popularity": "5k", "Rating": "4.68594837188721", "Region": "italian", "Calories": "656", "Total Fat": "42.1g", "Saturated Fat": "20.0g", "Cholesterol": "111mg", "Sodium": "1088mg", "Potassium": "350mg", "Total Carbohydrates": "50.9g", "Dietary Fiber": "3.4g", "Protein": "20.1g", "Sugars": "7g", "Vitamin A": "1693IU", "Vitamin C": "17mg", "Calcium": "91mg", "Iron": "3mg", "Thiamin": "0mg", "Niacin": "7mg", "Vitamin B6": "0mg", "Magnesium": "43mg", "Folate": "121mcg"}, "Nutrition": {"Calories": "656", "Total Fat": "42.1g", "Saturated Fat": "20.0g", "Cholesterol": "111mg", "Sodium": "1088mg", "Potassium": "350mg", "Total Carbohydrates": "50.9g", "Dietary Fiber": "3.4g", "Protein": "20.1g", "Sugars": "7g", "Vitamin A": "1693IU", "Vitamin C": "17mg", "Calcium": "91mg", "Iron": "3mg", "Thiamin": "0mg", "Niacin": "7mg", "Vitamin B6": "0mg", "Magnesium": "43mg", "Folate": "121mcg"}, "Ingredients": ["1/8 (12 ounce) package bow tie pasta", "5 ml olive oil", "75 g sweet Italian sausage, casings removed and crumbled", "0.2 g red pepper flakes", "15 g diced onion", "1/2 clove garlic, minced", "1/8 (28 ounce) can Italian-style plum tomatoes, drained and coarsely chopped", "60 ml heavy cream", "0.5 g salt", "2 g minced fresh parsley"]}, "25321/eggplant-parmesan-ii/": {"General": {"Title": "Eggplant Parmesan II", "Reference": "25321/eggplant-parmesan-ii/", "Popularity": "4k", "Rating": "4.45294952392578", "Region": "italian", "Calories": "487", "Total Fat": "16g", "Saturated Fat": "7.0g", "Cholesterol": "73mg", "Sodium": "1663mg", "Potassium": "815mg", "Total Carbohydrates": "62.1g", "Dietary Fiber": "8.8g", "Protein": "24.2g", "Sugars": "20g", "Vitamin A": "1089IU", "Vitamin C": "5mg", "Calcium": "512mg", "Iron": "4mg", "Thiamin": "0mg", "Niacin": "10mg", "Vitamin B6": "0mg", "Magnesium": "63mg", "Folate": "50mcg"}, "Nutrition": {"Calories": "487", "Total Fat": "16g", "Saturated Fat": "7.0g", "Cholesterol": "73mg", "Sodium": "1663mg", "Potassium": "815mg", "Total Carbohydrates": "62.1g", "Dietary Fiber": "8.8g", "Protein": "24.2g", "Sugars": "20g", "Vitamin A": "1089IU", "Vitamin C": "5mg", "Calcium": "512mg", "Iron": "4mg", "Thiamin": "0mg", "Niacin": "10mg", "Vitamin B6": "0mg", "Magnesium": "63mg", "Folate": "50mcg"}, "Ingredients": ["1/4 eggplant, peeled and thinly sliced", "1/4 eggs, beaten", "45 g Italian seasoned bread crumbs", "140 ml spaghetti sauce, divided", "1/8 (16 ounce) package mozzarella cheese, shredded and divided", "4 g grated Parmesan cheese, divided", "0 g dried basil"]}, "21353/italian-spaghetti-sauce-with-meatballs/": {"General": {"Title": "Italian Spaghetti Sauce with Meatballs", "Reference": "21353/italian-spaghetti-sauce-with-meatballs/", "Popularity": "4k", "Rating": "4.52386522293091", "Region": "italian", "Calories": "349", "Total Fat": "21.2g", "Saturated Fat": "6.0g", "Cholesterol": "77mg", "Sodium": "1492mg", "Potassium": "1023mg", "Total Carbohydrates": "23.7g", "Dietary Fiber": "4.5g", "Protein": "18.9g", "Sugars": "12g", "Vitamin A": "825IU", "Vitamin C": "33mg", "Calcium": "140mg", "Iron": "6mg", "Thiamin": "0mg", "Niacin": "9mg", "Vitamin B6": "1mg", "Magnesium": "59mg", "Folate": "46mcg"}, "Nutrition": {"Calories": "349", "Total Fat": "21.2g", "Saturated Fat": "6.0g", "Cholesterol": "77mg", "Sodium": "1492mg", "Potassium": "1023mg", "Total Carbohydrates": "23.7g", "Dietary Fiber": "4.5g", "Protein": "18.9g", "Sugars": "12g", "Vitamin A": "825IU", "Vitamin C": "33mg", "Calcium": "140mg", "Iron": "6mg", "Thiamin": "0mg", "Niacin": "9mg", "Vitamin B6": "1mg", "Magnesium": "59mg", "Folate": "46mcg"}, "Ingredients": ["MEATBALLS", "75 g lean ground beef", "8 g fresh bread crumbs", "0.2 g dried parsley", "0.8 g grated Parmesan cheese", "0.1 g ground black pepper", "0.1 g garlic powder", "1/8 egg, beaten", "SAUCE", "20 g chopped onion", "7/8 clove garlic, minced", "10 ml olive oil", "3/8 (28 ounce) can whole peeled tomatoes", "2 g salt", "0.7 g white sugar", "1/8 bay leaf", "1/8 (6 ounce) can tomato paste", "0.2 g dried basil", "0.2 g ground black pepper"]}, "70522/garlic-cheddar-chicken/": {"General": {"Title": "Garlic Cheddar Chicken", "Reference": "70522/garlic-cheddar-chicken/", "Popularity": "4k", "Rating": "4.6103458404541", "Region": "italian", "Calories": "400", "Total Fat": "24.9g", "Saturated Fat": "15.0g", "Cholesterol": "129mg", "Sodium": "488mg", "Potassium": "265mg", "Total Carbohydrates": "8.4g", "Dietary Fiber": "0.5g", "Protein": "34.5g", "Sugars": "1g", "Vitamin A": "657IU", "Vitamin C": "1mg", "Calcium": "280mg", "Iron": "2mg", "Thiamin": "0mg", "Niacin": "18mg", "Vitamin B6": "1mg", "Magnesium": "37mg", "Folate": "20mcg"}, "Nutrition": {"Calories": "400", "Total Fat": "24.9g", "Saturated Fat": "15.0g", "Cholesterol": "129mg", "Sodium": "488mg", "Potassium": "265mg", "Total Carbohydrates": "8.4g", "Dietary Fiber": "0.5g", "Protein": "34.5g", "Sugars": "1g", "Vitamin A": "657IU", "Vitamin C": "1mg", "Calcium": "280mg", "Iron": "2mg", "Thiamin": "0mg", "Niacin": "18mg", "Vitamin B6": "1mg", "Magnesium": "37mg", "Folate": "20mcg"}, "Ingredients": ["15 g butter", "1/2 clove garlic, minced", "10 g dry bread crumbs", "5 g freshly grated Parmesan cheese", "25 g shredded Cheddar cheese", "0 g dried parsley", "0 g dried oregano", "0.1 g ground black pepper", "0.1 g salt", "1 skinless, boneless chicken breast halves - pounded thin"]}, "85389/gourmet-mushroom-risotto/": {"General": {"Title": "Gourmet Mushroom Risotto", "Reference": "85389/gourmet-mushroom-risotto/", "Popularity": "4k", "Rating": "4.79156494140625", "Region": "italian", "Calories": "431", "Total Fat": "16.6g", "Saturated Fat": "7.0g", "Cholesterol": "29mg", "Sodium": "1131mg", "Potassium": "692mg", "Total Carbohydrates": "56.6g", "Dietary Fiber": "2.7g", "Protein": "11.3g", "Sugars": "4g", "Vitamin A": "520IU", "Vitamin C": "4mg", "Calcium": "70mg", "Iron": "2mg", "Thiamin": "0mg", "Niacin": "8mg", "Vitamin B6": "0mg", "Magnesium": "24mg", "Folate": "37mcg"}, "Nutrition": {"Calories": "431", "Total Fat": "16.6g", "Saturated Fat": "7.0g", "Cholesterol": "29mg", "Sodium": "1131mg", "Potassium": "692mg", "Total Carbohydrates": "56.6g", "Dietary Fiber": "2.7g", "Protein": "11.3g", "Sugars": "4g", "Vitamin A": "520IU", "Vitamin C": "4mg", "Calcium": "70mg", "Iron": "2mg", "Thiamin": "0mg", "Niacin": "8mg", "Vitamin B6": "0mg", "Magnesium": "24mg", "Folate": "37mcg"}, "Ingredients": ["235 ml chicken broth, divided", "8 ml olive oil, divided", "75 g portobello mushrooms, thinly sliced", "75 g white mushrooms, thinly sliced", "3/8 shallots, diced", "55 g Arborio rice", "20 ml dry white wine", "sea salt to taste", "freshly ground black pepper to taste", "2 g finely chopped chives", "9 g butter", "4 g freshly grated Parmesan cheese"]}, "223042/chicken-parmesan/": {"General": {"Title": "Chicken Parmesan", "Reference": "223042/chicken-parmesan/", "Popularity": "7k", "Rating": "4.81814861297607", "Region": "italian", "Calories": "471", "Total Fat": "24.9g", "Saturated Fat": "9.0g", "Cholesterol": "187mg", "Sodium": "840mg", "Potassium": "389mg", "Total Carbohydrates": "24.8g", "Dietary Fiber": "0.6g", "Protein": "42.1g", "Sugars": "2g", "Vitamin A": "628IU", "Vitamin C": "3mg", "Calcium": "380mg", "Iron": "2mg", "Thiamin": "0mg", "Niacin": "19mg", "Vitamin B6": "1mg", "Magnesium": "44mg", "Folate": "31mcg"}, "Nutrition": {"Calories": "471", "Total Fat": "24.9g", "Saturated Fat": "9.0g", "Cholesterol": "187mg", "Sodium": "840mg", "Potassium": "389mg", "Total Carbohydrates": "24.8g", "Dietary Fiber": "0.6g", "Protein": "42.1g", "Sugars": "2g", "Vitamin A": "628IU", "Vitamin C": "3mg", "Calcium": "380mg", "Iron": "2mg", "Thiamin": "0mg", "Niacin": "19mg", "Vitamin B6": "1mg", "Magnesium": "44mg", "Folate": "31mcg"}, "Ingredients": ["1 skinless, boneless chicken breast halves", "salt and freshly ground black pepper to taste", "1/2 eggs", "25 g panko bread crumbs, or more as needed", "10 g grated Parmesan cheese", "4 g all-purpose flour, or more if needed", "60 ml olive oil for frying", "30 ml prepared tomato sauce", "7 g fresh mozzarella, cut into small cubes", "3 g chopped fresh basil", "15 g grated provolone cheese", "5 g grated Parmesan cheese", "4 ml olive oil"]}, "11729/american-lasagna/": {"General": {"Title": "American Lasagna", "Reference": "11729/american-lasagna/", "Popularity": "2k", "Rating": "4.68015432357788", "Region": "italian", "Calories": "664", "Total Fat": "29.5g", "Saturated Fat": "15.0g", "Cholesterol": "168mg", "Sodium": "1900mg", "Potassium": "872mg", "Total Carbohydrates": "48.3g", "Dietary Fiber": "4.2g", "Protein": "50.9g", "Sugars": "14g", "Vitamin A": "1758IU", "Vitamin C": "23mg", "Calcium": "759mg", "Iron": "6mg", "Thiamin": "0mg", "Niacin": "15mg", "Vitamin B6": "0mg", "Magnesium": "78mg", "Folate": "108mcg"}, "Nutrition": {"Calories": "664", "Total Fat": "29.5g", "Saturated Fat": "15.0g", "Cholesterol": "168mg", "Sodium": "1900mg", "Potassium": "872mg", "Total Carbohydrates": "48.3g", "Dietary Fiber": "4.2g", "Protein": "50.9g", "Sugars": "14g", "Vitamin A": "1758IU", "Vitamin C": "23mg", "Calcium": "759mg", "Iron": "6mg", "Thiamin": "0mg", "Niacin": "15mg", "Vitamin B6": "0mg", "Magnesium": "78mg", "Folate": "108mcg"}, "Ingredients": ["85 g lean ground beef", "1/8 onion, chopped", "1/4 clove garlic, minced", "0.3 g chopped fresh basil", "0.2 g dried oregano", "3 g brown sugar", "1 g salt", "1/8 (29 ounce) can diced tomatoes", "1/4 (6 ounce) can tomato paste", "1-1/2 dry lasagna noodles", "1/4 eggs, beaten", "70 g part-skim ricotta cheese", "5 g grated Parmesan cheese", "0.3 g dried parsley", "0.8 g salt", "55 g mozzarella cheese, shredded", "1 g grated Parmesan cheese"]}, "19304/chicken-milano/": {"General": {"Title": "Chicken Milano", "Reference": "19304/chicken-milano/", "Popularity": "3k", "Rating": "4.62079763412476", "Region": "italian", "Calories": "641", "Total Fat": "34.8g", "Saturated Fat": "17.0g", "Cholesterol": "156mg", "Sodium": "501mg", "Potassium": "681mg", "Total Carbohydrates": "47g", "Dietary Fiber": "2.8g", "Protein": "36.3g", "Sugars": "5g", "Vitamin A": "1116IU", "Vitamin C": "5mg", "Calcium": "76mg", "Iron": "3mg", "Thiamin": "0mg", "Niacin": "22mg", "Vitamin B6": "1mg", "Magnesium": "77mg", "Folate": "124mcg"}, "Nutrition": {"Calories": "641", "Total Fat": "34.8g", "Saturated Fat": "17.0g", "Cholesterol": "156mg", "Sodium": "501mg", "Potassium": "681mg", "Total Carbohydrates": "47g", "Dietary Fiber": "2.8g", "Protein": "36.3g", "Sugars": "5g", "Vitamin A": "1116IU", "Vitamin C": "5mg", "Calcium": "76mg", "Iron": "3mg", "Thiamin": "0mg", "Niacin": "22mg", "Vitamin B6": "1mg", "Magnesium": "77mg", "Folate": "124mcg"}, "Ingredients": ["4 g butter", "1/2 clove garlic, minced", "7 g sun-dried tomatoes, chopped", "60 ml chicken broth, divided", "60 ml heavy cream", "115 g skinless, boneless chicken breast halves", "salt and pepper to taste", "8 ml vegetable oil", "1 g chopped fresh basil", "55 g dry fettuccini pasta"]}, "16427/slow-cooker-italian-beef-for-sandwiches/": {"General": {"Title": "Slow Cooker Italian Beef for Sandwiches", "Reference": "16427/slow-cooker-italian-beef-for-sandwiches/", "Popularity": "2k", "Rating": "4.62986755371094", "Region": "italian", "Calories": "318", "Total Fat": "15.8g", "Saturated Fat": "6.0g", "Cholesterol": "100mg", "Sodium": "819mg", "Potassium": "530mg", "Total Carbohydrates": "1.6g", "Dietary Fiber": "0.2g", "Protein": "39.4g", "Sugars": "1g", "Vitamin A": "30IU", "Vitamin C": "0mg", "Calcium": "17mg", "Iron": "3mg", "Thiamin": "0mg", "Niacin": "12mg", "Vitamin B6": "0mg", "Magnesium": "35mg", "Folate": "15mcg"}, "Nutrition": {"Calories": "318", "Total Fat": "15.8g", "Saturated Fat": "6.0g", "Cholesterol": "100mg", "Sodium": "819mg", "Potassium": "530mg", "Total Carbohydrates": "1.6g", "Dietary Fiber": "0.2g", "Protein": "39.4g", "Sugars": "1g", "Vitamin A": "30IU", "Vitamin C": "0mg", "Calcium": "17mg", "Iron": "3mg", "Thiamin": "0mg", "Niacin": "12mg", "Vitamin B6": "0mg", "Magnesium": "35mg", "Folate": "15mcg"}, "Ingredients": ["70 ml water", "0.6 g salt", "0.2 g ground black pepper", "0.2 g dried oregano", "0.1 g dried basil", "0.5 ml onion salt", "0 g dried parsley", "0.3 g garlic powder", "1/8 bay leaf", "1/8 (.7 ounce) package dry Italian-style salad dressing mix", "1/8 (5 pound) rump roast"]}}