{"50220/babis-bean-salad/": {"General": {"Title": "Babi's Bean Salad", "Reference": "50220/babis-bean-salad/", "Popularity": "6", "Rating": "4.42857122421265", "Region": "lebanese", "Calories": "273", "Total Fat": "9.8g", "Saturated Fat": "1.0g", "Cholesterol": "0mg", "Sodium": "231mg", "Potassium": "750mg", "Total Carbohydrates": "38.2g", "Dietary Fiber": "7.6g", "Protein": "11.2g", "Sugars": "11g", "Vitamin A": "5414IU", "Vitamin C": "51mg", "Calcium": "103mg", "Iron": "4mg", "Thiamin": "0mg", "Niacin": "4mg", "Vitamin B6": "0mg", "Magnesium": "93mg", "Folate": "304mcg"}, "Nutrition": {"Calories": "273", "Total Fat": "9.8g", "Saturated Fat": "1.0g", "Cholesterol": "0mg", "Sodium": "231mg", "Potassium": "750mg", "Total Carbohydrates": "38.2g", "Dietary Fiber": "7.6g", "Protein": "11.2g", "Sugars": "11g", "Vitamin A": "5414IU", "Vitamin C": "51mg", "Calcium": "103mg", "Iron": "4mg", "Thiamin": "0mg", "Niacin": "4mg", "Vitamin B6": "0mg", "Magnesium": "93mg", "Folate": "304mcg"}, "Ingredients": ["40 g dried black-eyed peas, soaked overnight", "7 g chopped celery, with leaves", "30 g shredded carrot", "8 g chopped fresh parsley", "15 g chopped white onion", "0.5 g chopped fresh mint", "Dressing:", "10 ml olive oil", "3/8 oranges, juiced", "1/8 lemon, juiced", "1/8 garlic clove, pressed", "0.2 g ground coriander", "0.5 g salt", "0 g freshly ground black pepper", "0.8 g brown sugar"]}, "89833/lebanese-chicken-and-potatoes/": {"General": {"Title": "Lebanese Chicken and Potatoes", "Reference": "89833/lebanese-chicken-and-potatoes/", "Popularity": "281", "Rating": "4.14338254928589", "Region": "lebanese", "Calories": "592", "Total Fat": "30.5g", "Saturated Fat": "6.0g", "Cholesterol": "65mg", "Sodium": "81mg", "Potassium": "1436mg", "Total Carbohydrates": "53.9g", "Dietary Fiber": "6.5g", "Protein": "26.7g", "Sugars": "3g", "Vitamin A": "86IU", "Vitamin C": "75mg", "Calcium": "51mg", "Iron": "3mg", "Thiamin": "0mg", "Niacin": "11mg", "Vitamin B6": "1mg", "Magnesium": "86mg", "Folate": "55mcg"}, "Nutrition": {"Calories": "592", "Total Fat": "30.5g", "Saturated Fat": "6.0g", "Cholesterol": "65mg", "Sodium": "81mg", "Potassium": "1436mg", "Total Carbohydrates": "53.9g", "Dietary Fiber": "6.5g", "Protein": "26.7g", "Sugars": "3g", "Vitamin A": "86IU", "Vitamin C": "75mg", "Calcium": "51mg", "Iron": "3mg", "Thiamin": "0mg", "Niacin": "11mg", "Vitamin B6": "1mg", "Magnesium": "86mg", "Folate": "55mcg"}, "Ingredients": ["1-1/4 cut up chicken pieces", "1-1/4 medium potatoes, peeled and quartered", "salt to taste", "ground white pepper to taste", "5/8 clove garlic, crushed", "20 ml extra virgin olive oil", "40 ml fresh lemon juice"]}, "86283/fattoush/": {"General": {"Title": "Fattoush", "Reference": "86283/fattoush/", "Popularity": "20", "Rating": "4.3600001335144", "Region": "lebanese", "Calories": "482", "Total Fat": "36.5g", "Saturated Fat": "5.0g", "Cholesterol": "0mg", "Sodium": "394mg", "Potassium": "516mg", "Total Carbohydrates": "35.4g", "Dietary Fiber": "3.8g", "Protein": "6.2g", "Sugars": "5g", "Vitamin A": "2781IU", "Vitamin C": "55mg", "Calcium": "87mg", "Iron": "2mg", "Thiamin": "0mg", "Niacin": "4mg", "Vitamin B6": "0mg", "Magnesium": "41mg", "Folate": "119mcg"}, "Nutrition": {"Calories": "482", "Total Fat": "36.5g", "Saturated Fat": "5.0g", "Cholesterol": "0mg", "Sodium": "394mg", "Potassium": "516mg", "Total Carbohydrates": "35.4g", "Dietary Fiber": "3.8g", "Protein": "6.2g", "Sugars": "5g", "Vitamin A": "2781IU", "Vitamin C": "55mg", "Calcium": "87mg", "Iron": "2mg", "Thiamin": "0mg", "Niacin": "4mg", "Vitamin B6": "0mg", "Magnesium": "41mg", "Folate": "119mcg"}, "Ingredients": ["3/4 pita rounds, torn into pieces", "oil for frying", "30 g torn romaine lettuce", "1/2 tomatoes, chopped", "1/2 small cucumbers, peeled and diced", "1/4 green bell pepper, chopped", "3/4 green onions, minced", "3-3/4 fresh mint leaves, chopped", "4 g chopped fresh parsley", "0.2 g cilantro", "Dressing:", "15 ml lemon juice", "3 ml white wine vinegar", "1/4 pinch salt", "0.3 g lemon pepper", "0.1 g dried onion flakes", "1/4 pinch celery salt", "1/4 pinch garlic powder", "15 ml olive oil"]}, "143265/middle-eastern-kibbeh/": {"General": {"Title": "Middle Eastern Kibbeh", "Reference": "143265/middle-eastern-kibbeh/", "Popularity": "63", "Rating": "4.59090900421143", "Region": "lebanese", "Calories": "159", "Total Fat": "9.6g", "Saturated Fat": "3.0g", "Cholesterol": "38mg", "Sodium": "228mg", "Potassium": "193mg", "Total Carbohydrates": "7.4g", "Dietary Fiber": "1.7g", "Protein": "10.9g", "Sugars": "1g", "Vitamin A": "31IU", "Vitamin C": "2mg", "Calcium": "22mg", "Iron": "1mg", "Thiamin": "0mg", "Niacin": "3mg", "Vitamin B6": "0mg", "Magnesium": "24mg", "Folate": "14mcg"}, "Nutrition": {"Calories": "159", "Total Fat": "9.6g", "Saturated Fat": "3.0g", "Cholesterol": "38mg", "Sodium": "228mg", "Potassium": "193mg", "Total Carbohydrates": "7.4g", "Dietary Fiber": "1.7g", "Protein": "10.9g", "Sugars": "1g", "Vitamin A": "31IU", "Vitamin C": "2mg", "Calcium": "22mg", "Iron": "1mg", "Thiamin": "0mg", "Niacin": "3mg", "Vitamin B6": "0mg", "Magnesium": "24mg", "Folate": "14mcg"}, "Ingredients": ["8 g medium coarse bulgur", "2 g fresh mint leaves", "1/8 large onion, chopped", "0.2 g ground cumin", "0.2 g ground allspice", "0.5 g salt", "0.1 g ground black pepper", "55 g lean ground lamb", "4 ml olive oil"]}, "88233/lebanese-donair/": {"General": {"Title": "Lebanese Donair", "Reference": "88233/lebanese-donair/", "Popularity": "40", "Rating": "4.34999990463257", "Region": "lebanese", "Calories": "990", "Total Fat": "64.7g", "Saturated Fat": "14.0g", "Cholesterol": "128mg", "Sodium": "471mg", "Potassium": "1404mg", "Total Carbohydrates": "47.6g", "Dietary Fiber": "6.8g", "Protein": "57.5g", "Sugars": "6g", "Vitamin A": "1837IU", "Vitamin C": "45mg", "Calcium": "236mg", "Iron": "10mg", "Thiamin": "1mg", "Niacin": "25mg", "Vitamin B6": "1mg", "Magnesium": "118mg", "Folate": "145mcg"}, "Nutrition": {"Calories": "990", "Total Fat": "64.7g", "Saturated Fat": "14.0g", "Cholesterol": "128mg", "Sodium": "471mg", "Potassium": "1404mg", "Total Carbohydrates": "47.6g", "Dietary Fiber": "6.8g", "Protein": "57.5g", "Sugars": "6g", "Vitamin A": "1837IU", "Vitamin C": "45mg", "Calcium": "236mg", "Iron": "10mg", "Thiamin": "1mg", "Niacin": "25mg", "Vitamin B6": "1mg", "Magnesium": "118mg", "Folate": "145mcg"}, "Ingredients": ["210 g boneless top round steak, sliced very thin", "15 ml red wine vinegar", "15 ml olive oil", "8 ml fresh lemon juice", "0.3 g allspice", "0.2 g ground cinnamon", "0.1 g cardamom", "0.2 g ground black pepper", "salt, to taste", "1/4 large tomatoes, coarsely chopped", "1/8 clove garlic, minced", "Parsley Sauce", "1/8 bunch finely chopped fresh parsley", "1/8 large sweet onion, finely chopped", "10 ml olive oil", "6 ml fresh lemon juice", "3/8 large tomatoes, coarsely chopped", "Tahini Sauce", "1/4 clove garlic, minced", "35 g tahini (sesame-seed paste)", "15 ml fresh lemon juice", "15 ml water", "salt, to taste", "1 (6 inch) pita bread rounds"]}, "207936/mellas-family-lamb-stuffed-zucchini-koosa/": {"General": {"Title": "Mellas Family Lamb Stuffed Zucchini (Koosa)", "Reference": "207936/mellas-family-lamb-stuffed-zucchini-koosa/", "Popularity": "14", "Rating": "4.25", "Region": "lebanese", "Calories": "511", "Total Fat": "26.6g", "Saturated Fat": "8.0g", "Cholesterol": "76mg", "Sodium": "1593mg", "Potassium": "1185mg", "Total Carbohydrates": "44.8g", "Dietary Fiber": "5g", "Protein": "26.2g", "Sugars": "9g", "Vitamin A": "762IU", "Vitamin C": "49mg", "Calcium": "129mg", "Iron": "5mg", "Thiamin": "0mg", "Niacin": "12mg", "Vitamin B6": "1mg", "Magnesium": "79mg", "Folate": "86mcg"}, "Nutrition": {"Calories": "511", "Total Fat": "26.6g", "Saturated Fat": "8.0g", "Cholesterol": "76mg", "Sodium": "1593mg", "Potassium": "1185mg", "Total Carbohydrates": "44.8g", "Dietary Fiber": "5g", "Protein": "26.2g", "Sugars": "9g", "Vitamin A": "762IU", "Vitamin C": "49mg", "Calcium": "129mg", "Iron": "5mg", "Thiamin": "0mg", "Niacin": "12mg", "Vitamin B6": "1mg", "Magnesium": "79mg", "Folate": "86mcg"}, "Ingredients": ["1/2 large zucchini", "1/4 (28 ounce) can chopped tomatoes with juice", "8 g tomato paste", "45 ml water", "0.1 g ground cinnamon", "4 ml olive oil", "20 g chopped onion", "115 g ground lamb", "35 g basmati rice", "8 ml olive oil", "30 ml water", "0.8 g dried mint", "3 g salt"]}, "216879/mediterranean-meat-pies-sfeeha/": {"General": {"Title": "Mediterranean Meat Pies (Sfeeha)", "Reference": "216879/mediterranean-meat-pies-sfeeha/", "Popularity": "42", "Rating": "4.56666660308838", "Region": "lebanese", "Calories": "412", "Total Fat": "28.7g", "Saturated Fat": "8.0g", "Cholesterol": "34mg", "Sodium": "162mg", "Potassium": "174mg", "Total Carbohydrates": "26.4g", "Dietary Fiber": "1.2g", "Protein": "12.7g", "Sugars": "1g", "Vitamin A": "15IU", "Vitamin C": "3mg", "Calcium": "14mg", "Iron": "3mg", "Thiamin": "0mg", "Niacin": "6mg", "Vitamin B6": "0mg", "Magnesium": "29mg", "Folate": "52mcg"}, "Nutrition": {"Calories": "412", "Total Fat": "28.7g", "Saturated Fat": "8.0g", "Cholesterol": "34mg", "Sodium": "162mg", "Potassium": "174mg", "Total Carbohydrates": "26.4g", "Dietary Fiber": "1.2g", "Protein": "12.7g", "Sugars": "1g", "Vitamin A": "15IU", "Vitamin C": "3mg", "Calcium": "14mg", "Iron": "3mg", "Thiamin": "0mg", "Niacin": "6mg", "Vitamin B6": "0mg", "Magnesium": "29mg", "Folate": "52mcg"}, "Ingredients": ["25 g ground beef", "15 g ground lamb", "1/8 white onion, finely chopped", "6 g pine nuts", "0 g ground cinnamon", "salt and ground black pepper to taste", "4 ml lemon juice", "1/8 egg, beaten", "1/8 (17.3 ounce) package frozen puff pastry, thawed"]}, "214029/lamb-shawarma/": {"General": {"Title": "Lamb Shawarma", "Reference": "214029/lamb-shawarma/", "Popularity": "83", "Rating": "4.625", "Region": "lebanese", "Calories": "376", "Total Fat": "26.8g", "Saturated Fat": "11.0g", "Cholesterol": "115mg", "Sodium": "966mg", "Potassium": "380mg", "Total Carbohydrates": "3g", "Dietary Fiber": "0.4g", "Protein": "29g", "Sugars": "2g", "Vitamin A": "106IU", "Vitamin C": "3mg", "Calcium": "60mg", "Iron": "3mg", "Thiamin": "0mg", "Niacin": "8mg", "Vitamin B6": "0mg", "Magnesium": "34mg", "Folate": "31mcg"}, "Nutrition": {"Calories": "376", "Total Fat": "26.8g", "Saturated Fat": "11.0g", "Cholesterol": "115mg", "Sodium": "966mg", "Potassium": "380mg", "Total Carbohydrates": "3g", "Dietary Fiber": "0.4g", "Protein": "29g", "Sugars": "2g", "Vitamin A": "106IU", "Vitamin C": "3mg", "Calcium": "60mg", "Iron": "3mg", "Thiamin": "0mg", "Niacin": "8mg", "Vitamin B6": "0mg", "Magnesium": "34mg", "Folate": "31mcg"}, "Ingredients": ["15 ml plain yogurt", "7 ml water", "4 ml fresh lemon juice", "2 ml distilled white vinegar", "2 ml olive oil", "10 g chopped onion", "1/4 clove garlic, minced", "2 g salt", "0.1 g ground black pepper", "0.1 g ground cumin", "0 g ground nutmeg", "0 g ground cloves", "0.2 g ground mace", "0.2 g cayenne pepper", "285 g boneless lamb shoulder, cut into 1/4-inch-thick strips"]}, "64519/kafta/": {"General": {"Title": "Kafta (BBQ)", "Reference": "64519/kafta/", "Popularity": "174", "Rating": "4.41780805587769", "Region": "lebanese", "Calories": "227", "Total Fat": "13.9g", "Saturated Fat": "5.0g", "Cholesterol": "74mg", "Sodium": "459mg", "Potassium": "327mg", "Total Carbohydrates": "2.3g", "Dietary Fiber": "0.5g", "Protein": "22g", "Sugars": "1g", "Vitamin A": "453IU", "Vitamin C": "8mg", "Calcium": "21mg", "Iron": "2mg", "Thiamin": "0mg", "Niacin": "8mg", "Vitamin B6": "0mg", "Magnesium": "23mg", "Folate": "18mcg"}, "Nutrition": {"Calories": "227", "Total Fat": "13.9g", "Saturated Fat": "5.0g", "Cholesterol": "74mg", "Sodium": "459mg", "Potassium": "327mg", "Total Carbohydrates": "2.3g", "Dietary Fiber": "0.5g", "Protein": "22g", "Sugars": "1g", "Vitamin A": "453IU", "Vitamin C": "8mg", "Calcium": "21mg", "Iron": "2mg", "Thiamin": "0mg", "Niacin": "8mg", "Vitamin B6": "0mg", "Magnesium": "23mg", "Folate": "18mcg"}, "Ingredients": ["115 g lean ground beef", "1/8 medium onion, grated", "5 g finely chopped fresh parsley", "0.1 g cayenne pepper", "0.1 g ground allspice", "1 g salt, or to taste", "0.1 g black pepper", "6 wooden or metal skewers"]}, "14438/tabbouleh-iii/": {"General": {"Title": "Tabbouleh III", "Reference": "14438/tabbouleh-iii/", "Popularity": "226", "Rating": "4.42009115219116", "Region": "lebanese", "Calories": "244", "Total Fat": "18.5g", "Saturated Fat": "3.0g", "Cholesterol": "0mg", "Sodium": "593mg", "Potassium": "338mg", "Total Carbohydrates": "19g", "Dietary Fiber": "4.6g", "Protein": "3.3g", "Sugars": "2g", "Vitamin A": "1127IU", "Vitamin C": "26mg", "Calcium": "38mg", "Iron": "1mg", "Thiamin": "0mg", "Niacin": "2mg", "Vitamin B6": "0mg", "Magnesium": "46mg", "Folate": "37mcg"}, "Nutrition": {"Calories": "244", "Total Fat": "18.5g", "Saturated Fat": "3.0g", "Cholesterol": "0mg", "Sodium": "593mg", "Potassium": "338mg", "Total Carbohydrates": "19g", "Dietary Fiber": "4.6g", "Protein": "3.3g", "Sugars": "2g", "Vitamin A": "1127IU", "Vitamin C": "26mg", "Calcium": "38mg", "Iron": "1mg", "Thiamin": "0mg", "Niacin": "2mg", "Vitamin B6": "0mg", "Magnesium": "46mg", "Folate": "37mcg"}, "Ingredients": ["20 g bulgur", "3/8 tomatoes, seeded and chopped", "1/4 cucumbers, peeled and chopped", "3/8 green onions, chopped", "3/8 clove garlic, minced", "8 g chopped fresh parsley", "1 g fresh mint leaves", "2 g salt", "15 ml lemon juice", "20 ml olive oil"]}, "137450/lentil-and-green-collard-soup/": {"General": {"Title": "Lentil and Green Collard Soup", "Reference": "137450/lentil-and-green-collard-soup/", "Popularity": "175", "Rating": "4.44767427444458", "Region": "lebanese", "Calories": "307", "Total Fat": "11.8g", "Saturated Fat": "1.0g", "Cholesterol": "0mg", "Sodium": "1779mg", "Potassium": "660mg", "Total Carbohydrates": "38.6g", "Dietary Fiber": "10.5g", "Protein": "15.2g", "Sugars": "3g", "Vitamin A": "4694IU", "Vitamin C": "38mg", "Calcium": "170mg", "Iron": "4mg", "Thiamin": "0mg", "Niacin": "1mg", "Vitamin B6": "0mg", "Magnesium": "22mg", "Folate": "126mcg"}, "Nutrition": {"Calories": "307", "Total Fat": "11.8g", "Saturated Fat": "1.0g", "Cholesterol": "0mg", "Sodium": "1779mg", "Potassium": "660mg", "Total Carbohydrates": "38.6g", "Dietary Fiber": "10.5g", "Protein": "15.2g", "Sugars": "3g", "Vitamin A": "4694IU", "Vitamin C": "38mg", "Calcium": "170mg", "Iron": "4mg", "Thiamin": "0mg", "Niacin": "1mg", "Vitamin B6": "0mg", "Magnesium": "22mg", "Folate": "126mcg"}, "Ingredients": ["4 ml olive oil", "1/4 large onion, chopped", "5 g salt", "45 g dry red lentils, rinsed and drained", "355 ml water", "8 ml olive oil", "1/4 bunch collard greens - rinsed, stemmed and thinly sliced", "2 g ground cumin", "0.6 g ground cinnamon", "4 g minced garlic", "20 ml lemon juice"]}, "150654/thick-style-lebanese-garlic-sauce/": {"General": {"Title": "Thick-Style Lebanese Garlic Sauce", "Reference": "150654/thick-style-lebanese-garlic-sauce/", "Popularity": "161", "Rating": "4.13207530975342", "Region": "lebanese", "Calories": "123", "Total Fat": "13.6g", "Saturated Fat": "2.0g", "Cholesterol": "0mg", "Sodium": "165mg", "Potassium": "13mg", "Total Carbohydrates": "0.9g", "Dietary Fiber": "0.1g", "Protein": "0.1g", "Sugars": "0g", "Vitamin A": "1IU", "Vitamin C": "2mg", "Calcium": "4mg", "Iron": "2mg", "Thiamin": "0mg", "Niacin": "0mg", "Vitamin B6": "0mg", "Magnesium": "3mg", "Folate": "1mcg"}, "Nutrition": {"Calories": "123", "Total Fat": "13.6g", "Saturated Fat": "2.0g", "Cholesterol": "0mg", "Sodium": "165mg", "Potassium": "13mg", "Total Carbohydrates": "0.9g", "Dietary Fiber": "0.1g", "Protein": "0.1g", "Sugars": "0g", "Vitamin A": "1IU", "Vitamin C": "2mg", "Calcium": "4mg", "Iron": "2mg", "Thiamin": "0mg", "Niacin": "0mg", "Vitamin B6": "0mg", "Magnesium": "3mg", "Folate": "1mcg"}, "Ingredients": ["1/8 head garlic, minced", "0.5 g sea salt", "4 ml fresh lemon juice", "7 ml vegetable oil", "7 ml olive oil (not extra virgin)"]}, "164512/lebanese-lemon-salad-dressing/": {"General": {"Title": "Lebanese Lemon Salad Dressing", "Reference": "164512/lebanese-lemon-salad-dressing/", "Popularity": "145", "Rating": "4.47474765777588", "Region": "lebanese", "Calories": "176", "Total Fat": "18.7g", "Saturated Fat": "3.0g", "Cholesterol": "0mg", "Sodium": "321mg", "Potassium": "33mg", "Total Carbohydrates": "2.4g", "Dietary Fiber": "0.2g", "Protein": "0.2g", "Sugars": "1g", "Vitamin A": "5IU", "Vitamin C": "10mg", "Calcium": "5mg", "Iron": "0mg", "Thiamin": "0mg", "Niacin": "0mg", "Vitamin B6": "0mg", "Magnesium": "2mg", "Folate": "3mcg"}, "Nutrition": {"Calories": "176", "Total Fat": "18.7g", "Saturated Fat": "3.0g", "Cholesterol": "0mg", "Sodium": "321mg", "Potassium": "33mg", "Total Carbohydrates": "2.4g", "Dietary Fiber": "0.2g", "Protein": "0.2g", "Sugars": "1g", "Vitamin A": "5IU", "Vitamin C": "10mg", "Calcium": "5mg", "Iron": "0mg", "Thiamin": "0mg", "Niacin": "0mg", "Vitamin B6": "0mg", "Magnesium": "2mg", "Folate": "3mcg"}, "Ingredients": ["20 ml fresh lemon juice", "20 ml mild extra-virgin olive oil", "1/2 clove garlic, minced", "0.8 g kosher salt", "ground black pepper to taste"]}, "83246/cilantro-and-garlic-potatoes/": {"General": {"Title": "Cilantro and Garlic Potatoes", "Reference": "83246/cilantro-and-garlic-potatoes/", "Popularity": "66", "Rating": "4.15942049026489", "Region": "lebanese", "Calories": "250", "Total Fat": "11.8g", "Saturated Fat": "2.0g", "Cholesterol": "0mg", "Sodium": "17mg", "Potassium": "847mg", "Total Carbohydrates": "33.4g", "Dietary Fiber": "4.4g", "Protein": "4.1g", "Sugars": "2g", "Vitamin A": "782IU", "Vitamin C": "41mg", "Calcium": "34mg", "Iron": "2mg", "Thiamin": "0mg", "Niacin": "3mg", "Vitamin B6": "1mg", "Magnesium": "46mg", "Folate": "37mcg"}, "Nutrition": {"Calories": "250", "Total Fat": "11.8g", "Saturated Fat": "2.0g", "Cholesterol": "0mg", "Sodium": "17mg", "Potassium": "847mg", "Total Carbohydrates": "33.4g", "Dietary Fiber": "4.4g", "Protein": "4.1g", "Sugars": "2g", "Vitamin A": "782IU", "Vitamin C": "41mg", "Calcium": "34mg", "Iron": "2mg", "Thiamin": "0mg", "Niacin": "3mg", "Vitamin B6": "1mg", "Magnesium": "46mg", "Folate": "37mcg"}, "Ingredients": ["120 ml oil for frying, or as needed", "1/2 large potatoes, cubed", "0.6 ml vegetable oil", "10 g chopped fresh cilantro", "1/2 clove garlic, minced", "0.1 g cumin", "2 ml fresh lemon juice", "salt to taste"]}, "52407/chicken-shawarma/": {"General": {"Title": "Chicken Shawarma", "Reference": "52407/chicken-shawarma/", "Popularity": "69", "Rating": "3.85294127464294", "Region": "lebanese", "Calories": "402", "Total Fat": "15.2g", "Saturated Fat": "3.0g", "Cholesterol": "58mg", "Sodium": "420mg", "Potassium": "554mg", "Total Carbohydrates": "44g", "Dietary Fiber": "4g", "Protein": "23.3g", "Sugars": "5g", "Vitamin A": "755IU", "Vitamin C": "14mg", "Calcium": "168mg", "Iron": "4mg", "Thiamin": "1mg", "Niacin": "13mg", "Vitamin B6": "0mg", "Magnesium": "60mg", "Folate": "108mcg"}, "Nutrition": {"Calories": "402", "Total Fat": "15.2g", "Saturated Fat": "3.0g", "Cholesterol": "58mg", "Sodium": "420mg", "Potassium": "554mg", "Total Carbohydrates": "44g", "Dietary Fiber": "4g", "Protein": "23.3g", "Sugars": "5g", "Vitamin A": "755IU", "Vitamin C": "14mg", "Calcium": "168mg", "Iron": "4mg", "Thiamin": "1mg", "Niacin": "13mg", "Vitamin B6": "0mg", "Magnesium": "60mg", "Folate": "108mcg"}, "Ingredients": ["15 ml malt vinegar", "7 ml plain yogurt", "2 ml vegetable oil", "salt and pepper to taste", "0.2 g mixed spice", "0.1 g freshly ground cardamom", "1 skinless, boneless chicken thighs", "15 g tahini", "7 ml plain yogurt", "0.2 g minced garlic", "4 ml lemon juice", "2 ml olive oil", "0.5 g chopped fresh parsley", "salt and pepper to taste", "1/2 medium tomatoes, thinly sliced", "10 g sliced onion", "30 g shredded lettuce", "1 pita bread rounds"]}, "231081/best-hummus/": {"General": {"Title": "Best Hummus", "Reference": "231081/best-hummus/", "Popularity": "104", "Rating": "4.436363697052", "Region": "lebanese", "Calories": "27", "Total Fat": "1.7g", "Saturated Fat": "0.0g", "Cholesterol": "0mg", "Sodium": "28mg", "Potassium": "29mg", "Total Carbohydrates": "2.5g", "Dietary Fiber": "0.6g", "Protein": "0.7g", "Sugars": "0g", "Vitamin A": "94IU", "Vitamin C": "2mg", "Calcium": "11mg", "Iron": "0mg", "Thiamin": "0mg", "Niacin": "0mg", "Vitamin B6": "0mg", "Magnesium": "5mg", "Folate": "9mcg"}, "Nutrition": {"Calories": "27", "Total Fat": "1.7g", "Saturated Fat": "0.0g", "Cholesterol": "0mg", "Sodium": "28mg", "Potassium": "29mg", "Total Carbohydrates": "2.5g", "Dietary Fiber": "0.6g", "Protein": "0.7g", "Sugars": "0g", "Vitamin A": "94IU", "Vitamin C": "2mg", "Calcium": "11mg", "Iron": "0mg", "Thiamin": "0mg", "Niacin": "0mg", "Vitamin B6": "0mg", "Magnesium": "5mg", "Folate": "9mcg"}, "Ingredients": ["1/8 (15 ounce) can garbanzo beans (chickpeas), drained", "1 g tahini", "0.9 ml olive oil", "0.5 ml fresh lemon juice", "2 ml water", "1/8 clove garlic, crushed", "0 g ground cumin (optional)", "1/8 pinch paprika", "1/8 sprig fresh parsley, chopped"]}, "223354/lebanese-lemon-lentil-soup/": {"General": {"Title": "Lebanese Lemon Lentil Soup", "Reference": "223354/lebanese-lemon-lentil-soup/", "Popularity": "88", "Rating": "4.33962249755859", "Region": "lebanese", "Calories": "268", "Total Fat": "8.2g", "Saturated Fat": "3.0g", "Cholesterol": "12mg", "Sodium": "755mg", "Potassium": "509mg", "Total Carbohydrates": "37.8g", "Dietary Fiber": "13.9g", "Protein": "12g", "Sugars": "2g", "Vitamin A": "2408IU", "Vitamin C": "15mg", "Calcium": "62mg", "Iron": "4mg", "Thiamin": "0mg", "Niacin": "4mg", "Vitamin B6": "0mg", "Magnesium": "60mg", "Folate": "218mcg"}, "Nutrition": {"Calories": "268", "Total Fat": "8.2g", "Saturated Fat": "3.0g", "Cholesterol": "12mg", "Sodium": "755mg", "Potassium": "509mg", "Total Carbohydrates": "37.8g", "Dietary Fiber": "13.9g", "Protein": "12g", "Sugars": "2g", "Vitamin A": "2408IU", "Vitamin C": "15mg", "Calcium": "62mg", "Iron": "4mg", "Thiamin": "0mg", "Niacin": "4mg", "Vitamin B6": "0mg", "Magnesium": "60mg", "Folate": "218mcg"}, "Ingredients": ["3 ml olive oil", "1/8 large yellow onion, diced", "1/4 stalk celery with leaves, diced", "1/4 carrots, diced", "0.4 g minced garlic", "140 ml water", "40 g French green lentils", "0.8 g chopped fresh parsley", "2 g salt, or more to taste", "0.6 g ground coriander", "0.6 g ground cumin", "0.3 g ground black pepper", "0.1 g cayenne pepper", "6 g butter (optional)", "10 g all-purpose flour (optional)", "1/8 lemon, cut into wedges", "0.8 g chopped fresh parsley", "freshly ground black pepper"]}, "223276/traditional-hummus/": {"General": {"Title": "Traditional Hummus", "Reference": "223276/traditional-hummus/", "Popularity": "73", "Rating": "4.48888874053955", "Region": "lebanese", "Calories": "560", "Total Fat": "50.5g", "Saturated Fat": "7.0g", "Cholesterol": "0mg", "Sodium": "244mg", "Potassium": "248mg", "Total Carbohydrates": "22.5g", "Dietary Fiber": "5.9g", "Protein": "8.6g", "Sugars": "0g", "Vitamin A": "37IU", "Vitamin C": "3mg", "Calcium": "152mg", "Iron": "4mg", "Thiamin": "0mg", "Niacin": "4mg", "Vitamin B6": "0mg", "Magnesium": "49mg", "Folate": "76mcg"}, "Nutrition": {"Calories": "560", "Total Fat": "50.5g", "Saturated Fat": "7.0g", "Cholesterol": "0mg", "Sodium": "244mg", "Potassium": "248mg", "Total Carbohydrates": "22.5g", "Dietary Fiber": "5.9g", "Protein": "8.6g", "Sugars": "0g", "Vitamin A": "37IU", "Vitamin C": "3mg", "Calcium": "152mg", "Iron": "4mg", "Thiamin": "0mg", "Niacin": "4mg", "Vitamin B6": "0mg", "Magnesium": "49mg", "Folate": "76mcg"}, "Ingredients": ["3/8 clove garlic, peeled", "1/4 (15 ounce) can garbanzo beans, drained", "30 ml olive oil", "30 g tahini", "3/8 lemons, juiced", "salt to taste", "7 ml olive oil"]}, "64229/lebanese-garlic-sauce/": {"General": {"Title": "Lebanese Garlic Sauce", "Reference": "64229/lebanese-garlic-sauce/", "Popularity": "45", "Rating": "3.92105269432068", "Region": "lebanese", "Calories": "191", "Total Fat": "20.3g", "Saturated Fat": "3.0g", "Cholesterol": "0mg", "Sodium": "74mg", "Potassium": "38mg", "Total Carbohydrates": "3g", "Dietary Fiber": "0.2g", "Protein": "0.5g", "Sugars": "0g", "Vitamin A": "2IU", "Vitamin C": "6mg", "Calcium": "13mg", "Iron": "0mg", "Thiamin": "0mg", "Niacin": "0mg", "Vitamin B6": "0mg", "Magnesium": "2mg", "Folate": "1mcg"}, "Nutrition": {"Calories": "191", "Total Fat": "20.3g", "Saturated Fat": "3.0g", "Cholesterol": "0mg", "Sodium": "74mg", "Potassium": "38mg", "Total Carbohydrates": "3g", "Dietary Fiber": "0.2g", "Protein": "0.5g", "Sugars": "0g", "Vitamin A": "2IU", "Vitamin C": "6mg", "Calcium": "13mg", "Iron": "0mg", "Thiamin": "0mg", "Niacin": "0mg", "Vitamin B6": "0mg", "Magnesium": "2mg", "Folate": "1mcg"}, "Ingredients": ["1/8 bulb garlic, cloves separated and peeled", "7 ml lemon juice", "0.2 g salt", "20 ml olive oil"]}, "234775/chard-lentil-soup-lebanese-style/": {"General": {"Title": "Chard Lentil Soup, Lebanese-Style", "Reference": "234775/chard-lentil-soup-lebanese-style/", "Popularity": "40", "Rating": "4.59459447860718", "Region": "lebanese", "Calories": "361", "Total Fat": "14g", "Saturated Fat": "2.0g", "Cholesterol": "0mg", "Sodium": "931mg", "Potassium": "1124mg", "Total Carbohydrates": "50.7g", "Dietary Fiber": "11.8g", "Protein": "10.5g", "Sugars": "3g", "Vitamin A": "1120IU", "Vitamin C": "58mg", "Calcium": "59mg", "Iron": "4mg", "Thiamin": "0mg", "Niacin": "5mg", "Vitamin B6": "1mg", "Magnesium": "91mg", "Folate": "151mcg"}, "Nutrition": {"Calories": "361", "Total Fat": "14g", "Saturated Fat": "2.0g", "Cholesterol": "0mg", "Sodium": "931mg", "Potassium": "1124mg", "Total Carbohydrates": "50.7g", "Dietary Fiber": "11.8g", "Protein": "10.5g", "Sugars": "3g", "Vitamin A": "1120IU", "Vitamin C": "58mg", "Calcium": "59mg", "Iron": "4mg", "Thiamin": "0mg", "Niacin": "5mg", "Vitamin B6": "1mg", "Magnesium": "91mg", "Folate": "151mcg"}, "Ingredients": ["235 ml water", "25 g large brown lentils, rinsed", "20 g thinly sliced Swiss chard", "1/2 large potatoes, cut into cubes", "30 ml freshly squeezed lemon juice", "3/4 clove garlic, crushed (or more to taste)", "2 g salt, or to taste", "15 ml olive oil"]}}