{"241981/fresh-shrimp-boil/": {"General": {"Title": "Fresh Shrimp Boil", "Reference": "241981/fresh-shrimp-boil/", "Popularity": "27", "Rating": "5", "Region": "mexican", "Calories": "420", "Total Fat": "15.2g", "Saturated Fat": "8.0g", "Cholesterol": "376mg", "Sodium": "7527mg", "Potassium": "709mg", "Total Carbohydrates": "19.9g", "Dietary Fiber": "4g", "Protein": "40.1g", "Sugars": "3g", "Vitamin A": "4876IU", "Vitamin C": "22mg", "Calcium": "193mg", "Iron": "7mg", "Thiamin": "0mg", "Niacin": "15mg", "Vitamin B6": "1mg", "Magnesium": "115mg", "Folate": "47mcg"}, "Nutrition": {"Calories": "420", "Total Fat": "15.2g", "Saturated Fat": "8.0g", "Cholesterol": "376mg", "Sodium": "7527mg", "Potassium": "709mg", "Total Carbohydrates": "19.9g", "Dietary Fiber": "4g", "Protein": "40.1g", "Sugars": "3g", "Vitamin A": "4876IU", "Vitamin C": "22mg", "Calcium": "193mg", "Iron": "7mg", "Thiamin": "0mg", "Niacin": "15mg", "Vitamin B6": "1mg", "Magnesium": "115mg", "Folate": "47mcg"}, "Ingredients": ["1/2 (12 fluid ounce) can or bottle beer", "1/4 onion, chopped", "9 g red pepper flakes", "4 g chopped fresh parsley", "20 g salt", "15 g butter", "4 g chopped garlic", "2 g pickling spice", "0.8 g dried Mexican oregano", "1 bay leaves", "cold water, as needed", "225 g raw shrimp"]}, "263162/low-carb-jicama-tostadas/": {"General": {"Title": "Low-Carb Jicama Tostadas", "Reference": "263162/low-carb-jicama-tostadas/", "Popularity": "3", "Rating": "0", "Region": "mexican", "Calories": "57", "Total Fat": "0.1g", "Saturated Fat": "0.0g", "Cholesterol": "0mg", "Sodium": "6mg", "Potassium": "225mg", "Total Carbohydrates": "13.2g", "Dietary Fiber": "7.4g", "Protein": "1.1g", "Sugars": "3g", "Vitamin A": "32IU", "Vitamin C": "30mg", "Calcium": "18mg", "Iron": "1mg", "Thiamin": "0mg", "Niacin": "0mg", "Vitamin B6": "0mg", "Magnesium": "18mg", "Folate": "18mcg"}, "Nutrition": {"Calories": "57", "Total Fat": "0.1g", "Saturated Fat": "0.0g", "Cholesterol": "0mg", "Sodium": "6mg", "Potassium": "225mg", "Total Carbohydrates": "13.2g", "Dietary Fiber": "7.4g", "Protein": "1.1g", "Sugars": "3g", "Vitamin A": "32IU", "Vitamin C": "30mg", "Calcium": "18mg", "Iron": "1mg", "Thiamin": "0mg", "Niacin": "0mg", "Vitamin B6": "0mg", "Magnesium": "18mg", "Folate": "18mcg"}, "Ingredients": ["1/8 large jicama"]}, "263122/best-fish-tacos/": {"General": {"Title": "Best Fish Tacos ", "Reference": "263122/best-fish-tacos/", "Popularity": "3", "Rating": "5", "Region": "mexican", "Calories": "322", "Total Fat": "9g", "Saturated Fat": "3.0g", "Cholesterol": "35mg", "Sodium": "833mg", "Potassium": "591mg", "Total Carbohydrates": "34.6g", "Dietary Fiber": "3.8g", "Protein": "21.2g", "Sugars": "2g", "Vitamin A": "1043IU", "Vitamin C": "18mg", "Calcium": "80mg", "Iron": "3mg", "Thiamin": "0mg", "Niacin": "6mg", "Vitamin B6": "0mg", "Magnesium": "48mg", "Folate": "88mcg"}, "Nutrition": {"Calories": "322", "Total Fat": "9g", "Saturated Fat": "3.0g", "Cholesterol": "35mg", "Sodium": "833mg", "Potassium": "591mg", "Total Carbohydrates": "34.6g", "Dietary Fiber": "3.8g", "Protein": "21.2g", "Sugars": "2g", "Vitamin A": "1043IU", "Vitamin C": "18mg", "Calcium": "80mg", "Iron": "3mg", "Thiamin": "0mg", "Niacin": "6mg", "Vitamin B6": "0mg", "Magnesium": "48mg", "Folate": "88mcg"}, "Ingredients": ["3/8 limes, zested", "8 g packed cilantro leaves", "1/2 clove garlic", "0.7 g ground cumin", "1 g kosher salt", "0.4 g freshly ground black pepper", "10 ml tequila", "75 g tilapia fillets", "5 g Mexican crema, or to taste", "1/8 canned chipotle pepper in adobo sauce", "kosher salt to taste", "3 ml olive oil", "1 (8 inch) flour tortillas, warmed", "1/8 head shredded lettuce", "1/8 tomato, diced", "1/8 lime, cut into wedges"]}, "239786/crispy-pork-carnitas/": {"General": {"Title": "Crispy Pork Carnitas", "Reference": "239786/crispy-pork-carnitas/", "Popularity": "268", "Rating": "4.59999990463257", "Region": "mexican", "Calories": "317", "Total Fat": "22.6g", "Saturated Fat": "6.0g", "Cholesterol": "89mg", "Sodium": "1036mg", "Potassium": "371mg", "Total Carbohydrates": "2.1g", "Dietary Fiber": "0.4g", "Protein": "25.5g", "Sugars": "0g", "Vitamin A": "17IU", "Vitamin C": "2mg", "Calcium": "35mg", "Iron": "2mg", "Thiamin": "1mg", "Niacin": "10mg", "Vitamin B6": "0mg", "Magnesium": "23mg", "Folate": "5mcg"}, "Nutrition": {"Calories": "317", "Total Fat": "22.6g", "Saturated Fat": "6.0g", "Cholesterol": "89mg", "Sodium": "1036mg", "Potassium": "371mg", "Total Carbohydrates": "2.1g", "Dietary Fiber": "0.4g", "Protein": "25.5g", "Sugars": "0g", "Vitamin A": "17IU", "Vitamin C": "2mg", "Calcium": "35mg", "Iron": "2mg", "Thiamin": "1mg", "Niacin": "10mg", "Vitamin B6": "0mg", "Magnesium": "23mg", "Folate": "5mcg"}, "Ingredients": ["225 g boneless pork butt (shoulder)", "1-1/4 cloves garlic, peeled", "10 ml olive oil", "1/8 orange, juiced, orange parts of peel removed and sliced into thin strips", "2 g kosher salt", "3/8 bay leaves, torn in half", "0.4 g ground black pepper", "0.4 g ground cumin", "0.3 g ground cinnamon", "0.2 g Chinese 5-spice powder"]}, "258250/jeannies-vegetarian-enchiladas/": {"General": {"Title": "Jeannie's Vegetarian Enchiladas ", "Reference": "258250/jeannies-vegetarian-enchiladas/", "Popularity": "1", "Rating": "4", "Region": "mexican", "Calories": "626", "Total Fat": "31.2g", "Saturated Fat": "15.0g", "Cholesterol": "59mg", "Sodium": "1138mg", "Potassium": "818mg", "Total Carbohydrates": "67.2g", "Dietary Fiber": "9.6g", "Protein": "20.6g", "Sugars": "5g", "Vitamin A": "2569IU", "Vitamin C": "49mg", "Calcium": "376mg", "Iron": "6mg", "Thiamin": "1mg", "Niacin": "8mg", "Vitamin B6": "0mg", "Magnesium": "77mg", "Folate": "193mcg"}, "Nutrition": {"Calories": "626", "Total Fat": "31.2g", "Saturated Fat": "15.0g", "Cholesterol": "59mg", "Sodium": "1138mg", "Potassium": "818mg", "Total Carbohydrates": "67.2g", "Dietary Fiber": "9.6g", "Protein": "20.6g", "Sugars": "5g", "Vitamin A": "2569IU", "Vitamin C": "49mg", "Calcium": "376mg", "Iron": "6mg", "Thiamin": "1mg", "Niacin": "8mg", "Vitamin B6": "0mg", "Magnesium": "77mg", "Folate": "193mcg"}, "Ingredients": ["4 ml vegetable oil", "1/4 bunch green onions, coarsely chopped, divided", "1/8 large red bell pepper, seeded and chopped", "3/8 clove garlic, diced", "1/8 large tomato, chopped", "9 g sliced black olives", "1/4 jalapeno peppers, seeded and diced", "60 g drained canned black beans", "30 g cooked white rice", "1/8 (8 ounce) package cream cheese, softened", "20 g shredded Cheddar cheese, divided", "3 g chopped fresh cilantro", "1/8 lime, juiced", "1/8 dash hot sauce (such as Tabasco(R)), or to taste", "1/4 (8 ounce) can enchilada sauce", "1 (10 inch) flour tortillas", "15 g sour cream, or to taste"]}, "262261/mexican-corn-bread-casserole/": {"General": {"Title": "Mexican Corn Bread Casserole", "Reference": "262261/mexican-corn-bread-casserole/", "Popularity": "21", "Rating": "4.5", "Region": "mexican", "Calories": "304", "Total Fat": "16.3g", "Saturated Fat": "8.0g", "Cholesterol": "101mg", "Sodium": "708mg", "Potassium": "372mg", "Total Carbohydrates": "21.5g", "Dietary Fiber": "1.9g", "Protein": "18.2g", "Sugars": "4g", "Vitamin A": "840IU", "Vitamin C": "12mg", "Calcium": "168mg", "Iron": "2mg", "Thiamin": "0mg", "Niacin": "6mg", "Vitamin B6": "0mg", "Magnesium": "28mg", "Folate": "58mcg"}, "Nutrition": {"Calories": "304", "Total Fat": "16.3g", "Saturated Fat": "8.0g", "Cholesterol": "101mg", "Sodium": "708mg", "Potassium": "372mg", "Total Carbohydrates": "21.5g", "Dietary Fiber": "1.9g", "Protein": "18.2g", "Sugars": "4g", "Vitamin A": "840IU", "Vitamin C": "12mg", "Calcium": "168mg", "Iron": "2mg", "Thiamin": "0mg", "Niacin": "6mg", "Vitamin B6": "0mg", "Magnesium": "28mg", "Folate": "58mcg"}, "Ingredients": ["Meat Base:", "2 ml olive oil", "1/8 small onion, diced", "1/8 red bell pepper, chopped", "55 g ground beef", "0.4 g minced garlic", "0.3 g chili powder", "0.1 g cayenne pepper", "salt and ground black pepper to taste", "10 g frozen corn", "15 g shredded Mexican cheese blend, divided, or more to taste", "30 ml salsa", "Corn Bread Topping:", "15 g cornmeal", "0.6 g salt", "0.3 g baking soda", "30 ml milk", "1/4 eggs, beaten"]}, "259999/cochinita-pibil-mexican-pulled-pork-in-annatto-sauce/": {"General": {"Title": "Cochinita Pibil (Mexican Pulled Pork in Annatto Sauce)", "Reference": "259999/cochinita-pibil-mexican-pulled-pork-in-annatto-sauce/", "Popularity": "3", "Rating": "4.66666650772095", "Region": "mexican", "Calories": "422", "Total Fat": "25.6g", "Saturated Fat": "9.0g", "Cholesterol": "122mg", "Sodium": "1334mg", "Potassium": "811mg", "Total Carbohydrates": "8.3g", "Dietary Fiber": "0.9g", "Protein": "37.6g", "Sugars": "5g", "Vitamin A": "158IU", "Vitamin C": "31mg", "Calcium": "56mg", "Iron": "2mg", "Thiamin": "2mg", "Niacin": "16mg", "Vitamin B6": "1mg", "Magnesium": "49mg", "Folate": "28mcg"}, "Nutrition": {"Calories": "422", "Total Fat": "25.6g", "Saturated Fat": "9.0g", "Cholesterol": "122mg", "Sodium": "1334mg", "Potassium": "811mg", "Total Carbohydrates": "8.3g", "Dietary Fiber": "0.9g", "Protein": "37.6g", "Sugars": "5g", "Vitamin A": "158IU", "Vitamin C": "31mg", "Calcium": "56mg", "Iron": "2mg", "Thiamin": "2mg", "Niacin": "16mg", "Vitamin B6": "1mg", "Magnesium": "49mg", "Folate": "28mcg"}, "Ingredients": ["Marinade:", "7 g achiote paste", "1/8 white onion, chopped", "1/8 clove garlic", "40 ml orange juice", "10 ml lemon juice", "5 ml white vinegar", "3 g salt", "0.5 g ground black pepper", "0.4 g dried Mexican oregano", "190 g pork shoulder roast", "salt and freshly ground black pepper to taste", "1 g lard", "Habanero Sauce:", "1/8 red onion, chopped", "1/4 habanero chiles, seeded and sliced", "5 ml lemon juice", "5 ml white vinegar", "20 ml lukewarm water", "sea salt and ground black pepper to taste", "dried oregano"]}, "219646/authentic-mexican-chili-rellenos/": {"General": {"Title": "Authentic Mexican Chili Rellenos", "Reference": "219646/authentic-mexican-chili-rellenos/", "Popularity": "519", "Rating": "4.58823537826538", "Region": "mexican", "Calories": "263", "Total Fat": "16g", "Saturated Fat": "8.0g", "Cholesterol": "102mg", "Sodium": "357mg", "Potassium": "217mg", "Total Carbohydrates": "17.3g", "Dietary Fiber": "1.1g", "Protein": "13.1g", "Sugars": "3g", "Vitamin A": "594IU", "Vitamin C": "65mg", "Calcium": "312mg", "Iron": "2mg", "Thiamin": "0mg", "Niacin": "3mg", "Vitamin B6": "0mg", "Magnesium": "26mg", "Folate": "50mcg"}, "Nutrition": {"Calories": "263", "Total Fat": "16g", "Saturated Fat": "8.0g", "Cholesterol": "102mg", "Sodium": "357mg", "Potassium": "217mg", "Total Carbohydrates": "17.3g", "Dietary Fiber": "1.1g", "Protein": "13.1g", "Sugars": "3g", "Vitamin A": "594IU", "Vitamin C": "65mg", "Calcium": "312mg", "Iron": "2mg", "Thiamin": "0mg", "Niacin": "3mg", "Vitamin B6": "0mg", "Magnesium": "26mg", "Folate": "50mcg"}, "Ingredients": ["1 fresh Anaheim chile peppers", "1/8 (8 ounce) package queso asadero (white Mexican cheese), cut into 3/4-inch thick strips", "3/8 eggs, separated", "0.8 g baking powder", "15 g all-purpose flour", "35 g vegetable shortening for frying"]}, "240321/pollo-adobado/": {"General": {"Title": "Pollo Adobado", "Reference": "240321/pollo-adobado/", "Popularity": "5", "Rating": "4.5", "Region": "mexican", "Calories": "350", "Total Fat": "12.7g", "Saturated Fat": "3.0g", "Cholesterol": "129mg", "Sodium": "937mg", "Potassium": "706mg", "Total Carbohydrates": "9.5g", "Dietary Fiber": "1.9g", "Protein": "47.6g", "Sugars": "6g", "Vitamin A": "3887IU", "Vitamin C": "71mg", "Calcium": "51mg", "Iron": "2mg", "Thiamin": "0mg", "Niacin": "29mg", "Vitamin B6": "1mg", "Magnesium": "61mg", "Folate": "32mcg"}, "Nutrition": {"Calories": "350", "Total Fat": "12.7g", "Saturated Fat": "3.0g", "Cholesterol": "129mg", "Sodium": "937mg", "Potassium": "706mg", "Total Carbohydrates": "9.5g", "Dietary Fiber": "1.9g", "Protein": "47.6g", "Sugars": "6g", "Vitamin A": "3887IU", "Vitamin C": "71mg", "Calcium": "51mg", "Iron": "2mg", "Thiamin": "0mg", "Niacin": "29mg", "Vitamin B6": "1mg", "Magnesium": "61mg", "Folate": "32mcg"}, "Ingredients": ["1/2 Roma tomatoes", "1 guajillo chile peppers, stemmed and seeded", "1/8 large onion", "1/4 stalk celery", "1/4 carrot, peeled", "1/4 clove garlic", "60 ml chicken stock", "3 g chicken bouillon granules", "225 g chicken breasts", "3/4 bay leaves"]}, "16700/salsa-chicken/": {"General": {"Title": "Salsa Chicken", "Reference": "16700/salsa-chicken/", "Popularity": "6k", "Rating": "4.62356567382813", "Region": "mexican", "Calories": "287", "Total Fat": "12.4g", "Saturated Fat": "7.0g", "Cholesterol": "101mg", "Sodium": "863mg", "Potassium": "531mg", "Total Carbohydrates": "6.8g", "Dietary Fiber": "1g", "Protein": "35.5g", "Sugars": "3g", "Vitamin A": "543IU", "Vitamin C": "3mg", "Calcium": "242mg", "Iron": "1mg", "Thiamin": "0mg", "Niacin": "20mg", "Vitamin B6": "1mg", "Magnesium": "51mg", "Folate": "13mcg"}, "Nutrition": {"Calories": "287", "Total Fat": "12.4g", "Saturated Fat": "7.0g", "Cholesterol": "101mg", "Sodium": "863mg", "Potassium": "531mg", "Total Carbohydrates": "6.8g", "Dietary Fiber": "1g", "Protein": "35.5g", "Sugars": "3g", "Vitamin A": "543IU", "Vitamin C": "3mg", "Calcium": "242mg", "Iron": "1mg", "Thiamin": "0mg", "Niacin": "20mg", "Vitamin B6": "1mg", "Magnesium": "51mg", "Folate": "13mcg"}, "Ingredients": ["1 skinless, boneless chicken breast halves", "3 g taco seasoning mix", "60 ml salsa", "30 g shredded Cheddar cheese", "7 g sour cream (optional)"]}, "8694/chicken-enchiladas-ii/": {"General": {"Title": "Chicken Enchiladas II", "Reference": "8694/chicken-enchiladas-ii/", "Popularity": "6k", "Rating": "4.56212091445923", "Region": "mexican", "Calories": "619", "Total Fat": "27.1g", "Saturated Fat": "11.0g", "Cholesterol": "60mg", "Sodium": "1459mg", "Potassium": "397mg", "Total Carbohydrates": "66.8g", "Dietary Fiber": "4.1g", "Protein": "26.1g", "Sugars": "4g", "Vitamin A": "652IU", "Vitamin C": "14mg", "Calcium": "340mg", "Iron": "5mg", "Thiamin": "1mg", "Niacin": "13mg", "Vitamin B6": "0mg", "Magnesium": "48mg", "Folate": "137mcg"}, "Nutrition": {"Calories": "619", "Total Fat": "27.1g", "Saturated Fat": "11.0g", "Cholesterol": "60mg", "Sodium": "1459mg", "Potassium": "397mg", "Total Carbohydrates": "66.8g", "Dietary Fiber": "4.1g", "Protein": "26.1g", "Sugars": "4g", "Vitamin A": "652IU", "Vitamin C": "14mg", "Calcium": "340mg", "Iron": "5mg", "Thiamin": "1mg", "Niacin": "13mg", "Vitamin B6": "0mg", "Magnesium": "48mg", "Folate": "137mcg"}, "Ingredients": ["2 g butter", "8 g chopped green onions", "0.2 g garlic powder", "1/8 (4 ounce) can diced green chiles", "1/8 (10.75 ounce) can condensed cream of mushroom soup", "20 g sour cream", "35 g cubed cooked chicken breast meat", "20 g shredded Cheddar cheese, divided", "1 (12 inch) flour tortillas", "10 ml milk"]}, "16881/burrito-pie/": {"General": {"Title": "Burrito Pie", "Reference": "16881/burrito-pie/", "Popularity": "4k", "Rating": "4.55905294418335", "Region": "mexican", "Calories": "432", "Total Fat": "23.9g", "Saturated Fat": "10.0g", "Cholesterol": "68mg", "Sodium": "847mg", "Potassium": "388mg", "Total Carbohydrates": "33.3g", "Dietary Fiber": "4.7g", "Protein": "19.8g", "Sugars": "1g", "Vitamin A": "252IU", "Vitamin C": "8mg", "Calcium": "159mg", "Iron": "3mg", "Thiamin": "0mg", "Niacin": "8mg", "Vitamin B6": "0mg", "Magnesium": "45mg", "Folate": "62mcg"}, "Nutrition": {"Calories": "432", "Total Fat": "23.9g", "Saturated Fat": "10.0g", "Cholesterol": "68mg", "Sodium": "847mg", "Potassium": "388mg", "Total Carbohydrates": "33.3g", "Dietary Fiber": "4.7g", "Protein": "19.8g", "Sugars": "1g", "Vitamin A": "252IU", "Vitamin C": "8mg", "Calcium": "159mg", "Iron": "3mg", "Thiamin": "0mg", "Niacin": "8mg", "Vitamin B6": "0mg", "Magnesium": "45mg", "Folate": "62mcg"}, "Ingredients": ["55 g ground beef", "1/8 onion, chopped", "0.4 g minced garlic", "1/8 (2 ounce) can black olives, sliced", "1/8 (4 ounce) can diced green chili peppers", "1/8 (10 ounce) can diced tomatoes with green chile peppers", "1/8 (16 ounce) jar taco sauce", "1/8 (16 ounce) can refried beans", "3/4 (8 inch) flour tortillas", "15 g shredded Colby cheese"]}, "8691/chicken-enchiladas-i/": {"General": {"Title": "Chicken Enchiladas I", "Reference": "8691/chicken-enchiladas-i/", "Popularity": "5k", "Rating": "4.47949838638306", "Region": "mexican", "Calories": "498", "Total Fat": "15.9g", "Saturated Fat": "9.0g", "Cholesterol": "72mg", "Sodium": "1227mg", "Potassium": "496mg", "Total Carbohydrates": "49.7g", "Dietary Fiber": "3.9g", "Protein": "26.7g", "Sugars": "3g", "Vitamin A": "967IU", "Vitamin C": "11mg", "Calcium": "327mg", "Iron": "4mg", "Thiamin": "0mg", "Niacin": "13mg", "Vitamin B6": "0mg", "Magnesium": "54mg", "Folate": "108mcg"}, "Nutrition": {"Calories": "498", "Total Fat": "15.9g", "Saturated Fat": "9.0g", "Cholesterol": "72mg", "Sodium": "1227mg", "Potassium": "496mg", "Total Carbohydrates": "49.7g", "Dietary Fiber": "3.9g", "Protein": "26.7g", "Sugars": "3g", "Vitamin A": "967IU", "Vitamin C": "11mg", "Calcium": "327mg", "Iron": "4mg", "Thiamin": "0mg", "Niacin": "13mg", "Vitamin B6": "0mg", "Magnesium": "54mg", "Folate": "108mcg"}, "Ingredients": ["1/2 skinless, boneless chicken breast halves", "1/8 onion, chopped", "30 g sour cream", "15 g shredded Cheddar cheese", "0.2 g dried parsley", "0.1 g dried oregano", "0.1 g ground black pepper", "0.4 g salt (optional)", "1/8 (15 ounce) can tomato sauce", "15 ml water", "1 g chili powder", "6 g chopped green bell pepper", "1/8 clove garlic, minced", "1 (10 inch) flour tortillas", "1/8 (12 ounce) jar taco sauce", "10 g shredded Cheddar cheese"]}, "83549/angelas-awesome-enchiladas/": {"General": {"Title": "Angela's Awesome Enchiladas", "Reference": "83549/angelas-awesome-enchiladas/", "Popularity": "3k", "Rating": "4.71484375", "Region": "mexican", "Calories": "709", "Total Fat": "36.3g", "Saturated Fat": "18.0g", "Cholesterol": "126mg", "Sodium": "1764mg", "Potassium": "590mg", "Total Carbohydrates": "52.5g", "Dietary Fiber": "4.4g", "Protein": "42.2g", "Sugars": "4g", "Vitamin A": "1422IU", "Vitamin C": "19mg", "Calcium": "509mg", "Iron": "5mg", "Thiamin": "0mg", "Niacin": "18mg", "Vitamin B6": "0mg", "Magnesium": "68mg", "Folate": "115mcg"}, "Nutrition": {"Calories": "709", "Total Fat": "36.3g", "Saturated Fat": "18.0g", "Cholesterol": "126mg", "Sodium": "1764mg", "Potassium": "590mg", "Total Carbohydrates": "52.5g", "Dietary Fiber": "4.4g", "Protein": "42.2g", "Sugars": "4g", "Vitamin A": "1422IU", "Vitamin C": "19mg", "Calcium": "509mg", "Iron": "5mg", "Thiamin": "0mg", "Niacin": "18mg", "Vitamin B6": "0mg", "Magnesium": "68mg", "Folate": "115mcg"}, "Ingredients": ["115 g skinless, boneless chicken breast meat - cut into chunks", "1/8 (10.75 ounce) can condensed cream of chicken soup", "35 g sour cream", "0.1 g chili powder", "2 g butter", "1/8 small onion, chopped", "1/8 (4 ounce) can chopped green chilies, drained", "1/8 (1.25 ounce) package mild taco seasoning mix", "1/8 bunch green onions, chopped, divided", "30 ml water", "0.6 ml lime juice", "0.1 g onion powder", "0.2 g garlic powder", "5/8 (12 inch) flour tortillas", "40 g Cheddar cheese, shredded, divided", "1/8 (10 ounce) can enchilada sauce", "1/8 (6 ounce) can sliced black olives"]}, "13954/addictive-sweet-potato-burritos/": {"General": {"Title": "Addictive Sweet Potato Burritos", "Reference": "13954/addictive-sweet-potato-burritos/", "Popularity": "2k", "Rating": "4.26604461669922", "Region": "mexican", "Calories": "505", "Total Fat": "8.5g", "Saturated Fat": "4.0g", "Cholesterol": "20mg", "Sodium": "1029mg", "Potassium": "503mg", "Total Carbohydrates": "76.6g", "Dietary Fiber": "13.4g", "Protein": "20g", "Sugars": "5g", "Vitamin A": "13603IU", "Vitamin C": "15mg", "Calcium": "307mg", "Iron": "5mg", "Thiamin": "1mg", "Niacin": "5mg", "Vitamin B6": "0mg", "Magnesium": "51mg", "Folate": "100mcg"}, "Nutrition": {"Calories": "505", "Total Fat": "8.5g", "Saturated Fat": "4.0g", "Cholesterol": "20mg", "Sodium": "1029mg", "Potassium": "503mg", "Total Carbohydrates": "76.6g", "Dietary Fiber": "13.4g", "Protein": "20g", "Sugars": "5g", "Vitamin A": "13603IU", "Vitamin C": "15mg", "Calcium": "307mg", "Iron": "5mg", "Thiamin": "1mg", "Niacin": "5mg", "Vitamin B6": "0mg", "Magnesium": "51mg", "Folate": "100mcg"}, "Ingredients": ["1 ml vegetable oil", "1/8 onion, chopped", "3/8 clove garlic, minced", "130 g canned kidney beans, drained", "40 ml water", "2 g chili powder", "2 ml prepared mustard", "0.4 g ground cumin", "1/8 pinch cayenne pepper, or to taste", "4 ml soy sauce", "65 g mashed cooked sweet potatoes", "1 (10 inch) flour tortillas, warmed", "20 g shredded Cheddar cheese"]}, "53729/fish-tacos/": {"General": {"Title": "Fish Tacos", "Reference": "53729/fish-tacos/", "Popularity": "3k", "Rating": "4.70888519287109", "Region": "mexican", "Calories": "409", "Total Fat": "18.8g", "Saturated Fat": "3.0g", "Cholesterol": "54mg", "Sodium": "407mg", "Potassium": "511mg", "Total Carbohydrates": "43g", "Dietary Fiber": "4.9g", "Protein": "17.3g", "Sugars": "5g", "Vitamin A": "251IU", "Vitamin C": "25mg", "Calcium": "145mg", "Iron": "2mg", "Thiamin": "0mg", "Niacin": "3mg", "Vitamin B6": "0mg", "Magnesium": "49mg", "Folate": "65mcg"}, "Nutrition": {"Calories": "409", "Total Fat": "18.8g", "Saturated Fat": "3.0g", "Cholesterol": "54mg", "Sodium": "407mg", "Potassium": "511mg", "Total Carbohydrates": "43g", "Dietary Fiber": "4.9g", "Protein": "17.3g", "Sugars": "5g", "Vitamin A": "251IU", "Vitamin C": "25mg", "Calcium": "145mg", "Iron": "2mg", "Thiamin": "0mg", "Niacin": "3mg", "Vitamin B6": "0mg", "Magnesium": "49mg", "Folate": "65mcg"}, "Ingredients": ["15 g all-purpose flour", "2 g cornstarch", "0.6 g baking powder", "0.4 g salt", "1/8 egg", "30 ml beer", "15 ml plain yogurt", "15 g mayonnaise", "1/8 lime, juiced", "1/8 jalapeno pepper, minced", "0.4 g minced capers", "0.1 g dried oregano", "0.1 g ground cumin", "0.1 g dried dill weed", "0.2 g ground cayenne pepper", "120 ml oil for frying", "55 g cod fillets, cut into 2 to 3 ounce portions", "1/8 (12 ounce) package corn tortillas", "1/8 medium head cabbage, finely shredded"]}, "25371/lime-chicken-soft-tacos/": {"General": {"Title": "Lime Chicken Soft Tacos", "Reference": "25371/lime-chicken-soft-tacos/", "Popularity": "2k", "Rating": "4.43364572525024", "Region": "mexican", "Calories": "204", "Total Fat": "6.8g", "Saturated Fat": "2.0g", "Cholesterol": "37mg", "Sodium": "433mg", "Potassium": "200mg", "Total Carbohydrates": "18.9g", "Dietary Fiber": "1.4g", "Protein": "16.2g", "Sugars": "2g", "Vitamin A": "187IU", "Vitamin C": "4mg", "Calcium": "78mg", "Iron": "2mg", "Thiamin": "0mg", "Niacin": "6mg", "Vitamin B6": "0mg", "Magnesium": "22mg", "Folate": "40mcg"}, "Nutrition": {"Calories": "204", "Total Fat": "6.8g", "Saturated Fat": "2.0g", "Cholesterol": "37mg", "Sodium": "433mg", "Potassium": "200mg", "Total Carbohydrates": "18.9g", "Dietary Fiber": "1.4g", "Protein": "16.2g", "Sugars": "2g", "Vitamin A": "187IU", "Vitamin C": "4mg", "Calcium": "78mg", "Iron": "2mg", "Thiamin": "0mg", "Niacin": "6mg", "Vitamin B6": "0mg", "Magnesium": "22mg", "Folate": "40mcg"}, "Ingredients": ["70 g skinless, boneless chicken breast meat - cubed", "3 ml red wine vinegar", "1/8 lime, juiced", "0.4 g white sugar", "0.3 g salt", "0.1 g ground black pepper", "1/4 green onions, chopped", "1/4 clove garlic, minced", "0.2 g dried oregano", "1 (6 inch) flour tortillas", "1/8 tomato, diced", "1 g shredded lettuce", "3 g shredded Monterey Jack cheese", "6 ml salsa"]}, "20680/easy-mexican-casserole/": {"General": {"Title": "Easy Mexican Casserole", "Reference": "20680/easy-mexican-casserole/", "Popularity": "2k", "Rating": "4.38577270507813", "Region": "mexican", "Calories": "632", "Total Fat": "43.7g", "Saturated Fat": "23.0g", "Cholesterol": "119mg", "Sodium": "1308mg", "Potassium": "925mg", "Total Carbohydrates": "32.8g", "Dietary Fiber": "6.2g", "Protein": "31.7g", "Sugars": "6g", "Vitamin A": "1546IU", "Vitamin C": "8mg", "Calcium": "451mg", "Iron": "3mg", "Thiamin": "0mg", "Niacin": "8mg", "Vitamin B6": "0mg", "Magnesium": "65mg", "Folate": "34mcg"}, "Nutrition": {"Calories": "632", "Total Fat": "43.7g", "Saturated Fat": "23.0g", "Cholesterol": "119mg", "Sodium": "1308mg", "Potassium": "925mg", "Total Carbohydrates": "32.8g", "Dietary Fiber": "6.2g", "Protein": "31.7g", "Sugars": "6g", "Vitamin A": "1546IU", "Vitamin C": "8mg", "Calcium": "451mg", "Iron": "3mg", "Thiamin": "0mg", "Niacin": "8mg", "Vitamin B6": "0mg", "Magnesium": "65mg", "Folate": "34mcg"}, "Ingredients": ["75 g lean ground beef", "80 ml salsa", "1/8 (16 ounce) can chili beans, drained", "15 g tortilla chips, crushed", "75 g sour cream", "1/8 (2 ounce) can sliced black olives, drained", "8 g chopped green onion", "15 g chopped fresh tomato", "40 g shredded Cheddar cheese"]}, "14041/delicious-black-bean-burritos/": {"General": {"Title": "Delicious Black Bean Burritos", "Reference": "14041/delicious-black-bean-burritos/", "Popularity": "2k", "Rating": "4.45699453353882", "Region": "mexican", "Calories": "692", "Total Fat": "35.8g", "Saturated Fat": "12.0g", "Cholesterol": "47mg", "Sodium": "1803mg", "Potassium": "296mg", "Total Carbohydrates": "70.2g", "Dietary Fiber": "14.8g", "Protein": "21.2g", "Sugars": "4g", "Vitamin A": "1707IU", "Vitamin C": "42mg", "Calcium": "204mg", "Iron": "7mg", "Thiamin": "0mg", "Niacin": "5mg", "Vitamin B6": "0mg", "Magnesium": "26mg", "Folate": "101mcg"}, "Nutrition": {"Calories": "692", "Total Fat": "35.8g", "Saturated Fat": "12.0g", "Cholesterol": "47mg", "Sodium": "1803mg", "Potassium": "296mg", "Total Carbohydrates": "70.2g", "Dietary Fiber": "14.8g", "Protein": "21.2g", "Sugars": "4g", "Vitamin A": "1707IU", "Vitamin C": "42mg", "Calcium": "204mg", "Iron": "7mg", "Thiamin": "0mg", "Niacin": "5mg", "Vitamin B6": "0mg", "Magnesium": "26mg", "Folate": "101mcg"}, "Ingredients": ["1 (10 inch) flour tortillas", "15 ml vegetable oil", "1/2 small onion, chopped", "1/4 red bell pepper, chopped", "1 g minced garlic", "1/2 (15 ounce) can black beans, rinsed and drained", "1 g minced jalapeno peppers", "45 g cream cheese", "2 g salt", "3 g chopped fresh cilantro"]}, "104850/black-bean-and-corn-quesadillas/": {"General": {"Title": "Black Bean and Corn Quesadillas", "Reference": "104850/black-bean-and-corn-quesadillas/", "Popularity": "2k", "Rating": "4.61316633224487", "Region": "mexican", "Calories": "363", "Total Fat": "14.5g", "Saturated Fat": "7.0g", "Cholesterol": "26mg", "Sodium": "732mg", "Potassium": "332mg", "Total Carbohydrates": "45.6g", "Dietary Fiber": "6.3g", "Protein": "13.9g", "Sugars": "3g", "Vitamin A": "332IU", "Vitamin C": "2mg", "Calcium": "204mg", "Iron": "3mg", "Thiamin": "0mg", "Niacin": "5mg", "Vitamin B6": "0mg", "Magnesium": "45mg", "Folate": "114mcg"}, "Nutrition": {"Calories": "363", "Total Fat": "14.5g", "Saturated Fat": "7.0g", "Cholesterol": "26mg", "Sodium": "732mg", "Potassium": "332mg", "Total Carbohydrates": "45.6g", "Dietary Fiber": "6.3g", "Protein": "13.9g", "Sugars": "3g", "Vitamin A": "332IU", "Vitamin C": "2mg", "Calcium": "204mg", "Iron": "3mg", "Thiamin": "0mg", "Niacin": "5mg", "Vitamin B6": "0mg", "Magnesium": "45mg", "Folate": "114mcg"}, "Ingredients": ["1 ml olive oil", "4 g finely chopped onion", "1/8 (15.5 ounce) can black beans, drained and rinsed", "1/8 (10 ounce) can whole kernel corn, drained", "2 g brown sugar", "7 ml salsa", "0.1 g red pepper flakes", "4 g butter, divided", "1 (8 inch) flour tortillas", "20 g shredded Monterey Jack cheese, divided"]}}