{"81551/sweet-and-nutty-moroccan-couscous/": {"General": {"Title": "Sweet and Nutty Moroccan Couscous", "Reference": "81551/sweet-and-nutty-moroccan-couscous/", "Popularity": "", "Rating": "", "Region": "north-african", "Calories": "442", "Total Fat": "14.8g", "Saturated Fat": "6.0g", "Cholesterol": "25mg", "Sodium": "164mg", "Potassium": "377mg", "Total Carbohydrates": "68.2g", "Dietary Fiber": "6.4g", "Protein": "10.5g", "Sugars": "17g", "Vitamin A": "894IU", "Vitamin C": "0mg", "Calcium": "70mg", "Iron": "2mg", "Thiamin": "0mg", "Niacin": "5mg", "Vitamin B6": "0mg", "Magnesium": "63mg", "Folate": "18mcg"}, "Nutrition": {"Calories": "442", "Total Fat": "14.8g", "Saturated Fat": "6.0g", "Cholesterol": "25mg", "Sodium": "164mg", "Potassium": "377mg", "Total Carbohydrates": "68.2g", "Dietary Fiber": "6.4g", "Protein": "10.5g", "Sugars": "17g", "Vitamin A": "894IU", "Vitamin C": "0mg", "Calcium": "70mg", "Iron": "2mg", "Thiamin": "0mg", "Niacin": "5mg", "Vitamin B6": "0mg", "Magnesium": "63mg", "Folate": "18mcg"}, "Ingredients": ["80 ml vegetable broth", "10 g unsalted butter", "10 g chopped dates", "7 g chopped dried apricots", "9 g golden raisins", "60 g dry couscous", "1 g ground cinnamon", "9 g slivered almonds, toasted"]}, "13988/marrakesh-vegetable-curry/": {"General": {"Title": "Marrakesh Vegetable Curry", "Reference": "13988/marrakesh-vegetable-curry/", "Popularity": "595", "Rating": "4.55860805511475", "Region": "north-african", "Calories": "330", "Total Fat": "18g", "Saturated Fat": "2.0g", "Cholesterol": "0mg", "Sodium": "874mg", "Potassium": "1084mg", "Total Carbohydrates": "39g", "Dietary Fiber": "10.5g", "Protein": "8g", "Sugars": "13g", "Vitamin A": "12444IU", "Vitamin C": "89mg", "Calcium": "130mg", "Iron": "11mg", "Thiamin": "0mg", "Niacin": "4mg", "Vitamin B6": "1mg", "Magnesium": "120mg", "Folate": "189mcg"}, "Nutrition": {"Calories": "330", "Total Fat": "18g", "Saturated Fat": "2.0g", "Cholesterol": "0mg", "Sodium": "874mg", "Potassium": "1084mg", "Total Carbohydrates": "39g", "Dietary Fiber": "10.5g", "Protein": "8g", "Sugars": "13g", "Vitamin A": "12444IU", "Vitamin C": "89mg", "Calcium": "130mg", "Iron": "11mg", "Thiamin": "0mg", "Niacin": "4mg", "Vitamin B6": "1mg", "Magnesium": "120mg", "Folate": "189mcg"}, "Ingredients": ["1/8 sweet potato, peeled and cubed", "1/8 medium eggplant, cubed", "1/8 green bell pepper, chopped", "1/8 red bell pepper, chopped", "3/8 carrots, chopped", "1/8 onion, chopped", "15 ml olive oil", "1/2 clove garlic, minced", "0.4 g ground turmeric", "1 g curry powder", "0.4 g ground cinnamon", "2 g sea salt", "0.2 g cayenne pepper", "1/8 (15 ounce) can garbanzo beans, drained", "6 g blanched almonds", "1/8 zucchini, sliced", "3 g raisins", "40 ml orange juice", "45 g spinach"]}, "12960/moroccan-lentil-soup/": {"General": {"Title": "Moroccan Lentil Soup", "Reference": "12960/moroccan-lentil-soup/", "Popularity": "498", "Rating": "4.37618160247803", "Region": "north-african", "Calories": "329", "Total Fat": "3.6g", "Saturated Fat": "1.0g", "Cholesterol": "0mg", "Sodium": "317mg", "Potassium": "923mg", "Total Carbohydrates": "56.5g", "Dietary Fiber": "18g", "Protein": "18.3g", "Sugars": "5g", "Vitamin A": "2181IU", "Vitamin C": "16mg", "Calcium": "121mg", "Iron": "6mg", "Thiamin": "0mg", "Niacin": "4mg", "Vitamin B6": "1mg", "Magnesium": "107mg", "Folate": "255mcg"}, "Nutrition": {"Calories": "329", "Total Fat": "3.6g", "Saturated Fat": "1.0g", "Cholesterol": "0mg", "Sodium": "317mg", "Potassium": "923mg", "Total Carbohydrates": "56.5g", "Dietary Fiber": "18g", "Protein": "18.3g", "Sugars": "5g", "Vitamin A": "2181IU", "Vitamin C": "16mg", "Calcium": "121mg", "Iron": "6mg", "Thiamin": "0mg", "Niacin": "4mg", "Vitamin B6": "1mg", "Magnesium": "107mg", "Folate": "255mcg"}, "Ingredients": ["3/8 onions, chopped", "3/8 clove garlic, minced", "0.3 g grated fresh ginger", "235 ml water", "30 g red lentils", "1/8 (15 ounce) can garbanzo beans, drained", "1/8 (19 ounce) can cannellini beans", "1/8 (14.5 ounce) can diced tomatoes", "10 g diced carrots", "10 g chopped celery", "0.4 g garam masala", "0.5 g ground cardamom", "0.2 g ground cayenne pepper", "0.2 g ground cumin", "3 ml olive oil"]}, "218769/slow-cooker-chicken-marrakesh/": {"General": {"Title": "Slow Cooker Chicken Marrakesh", "Reference": "218769/slow-cooker-chicken-marrakesh/", "Popularity": "932", "Rating": "4.18253946304321", "Region": "north-african", "Calories": "290", "Total Fat": "2g", "Saturated Fat": "0.0g", "Cholesterol": "66mg", "Sodium": "625mg", "Potassium": "886mg", "Total Carbohydrates": "36g", "Dietary Fiber": "6.3g", "Protein": "30.6g", "Sugars": "7g", "Vitamin A": "19569IU", "Vitamin C": "12mg", "Calcium": "89mg", "Iron": "3mg", "Thiamin": "0mg", "Niacin": "20mg", "Vitamin B6": "1mg", "Magnesium": "75mg", "Folate": "47mcg"}, "Nutrition": {"Calories": "290", "Total Fat": "2g", "Saturated Fat": "0.0g", "Cholesterol": "66mg", "Sodium": "625mg", "Potassium": "886mg", "Total Carbohydrates": "36g", "Dietary Fiber": "6.3g", "Protein": "30.6g", "Sugars": "7g", "Vitamin A": "19569IU", "Vitamin C": "12mg", "Calcium": "89mg", "Iron": "3mg", "Thiamin": "0mg", "Niacin": "20mg", "Vitamin B6": "1mg", "Magnesium": "75mg", "Folate": "47mcg"}, "Ingredients": ["1/8 onion, sliced", "1/4 clove garlic, minced (optional)", "1/4 large carrots, peeled and diced", "1/4 large sweet potatoes, peeled and diced", "1/8 (15 ounce) can garbanzo beans, drained and rinsed", "115 g skinless, boneless chicken breast halves, cut into 2-inch pieces", "0.1 g ground cumin", "0.1 g ground turmeric", "0.1 g ground cinnamon", "0.1 g ground black pepper", "0.1 g dried parsley", "0.8 g salt", "1/8 (14.5 ounce) can diced tomatoes"]}, "69633/moroccan-tagine/": {"General": {"Title": "Moroccan Tagine", "Reference": "69633/moroccan-tagine/", "Popularity": "407", "Rating": "4.42500019073486", "Region": "north-african", "Calories": "265", "Total Fat": "4.3g", "Saturated Fat": "1.0g", "Cholesterol": "20mg", "Sodium": "878mg", "Potassium": "905mg", "Total Carbohydrates": "44.7g", "Dietary Fiber": "8.1g", "Protein": "14.1g", "Sugars": "9g", "Vitamin A": "20359IU", "Vitamin C": "46mg", "Calcium": "146mg", "Iron": "4mg", "Thiamin": "0mg", "Niacin": "7mg", "Vitamin B6": "1mg", "Magnesium": "87mg", "Folate": "99mcg"}, "Nutrition": {"Calories": "265", "Total Fat": "4.3g", "Saturated Fat": "1.0g", "Cholesterol": "20mg", "Sodium": "878mg", "Potassium": "905mg", "Total Carbohydrates": "44.7g", "Dietary Fiber": "8.1g", "Protein": "14.1g", "Sugars": "9g", "Vitamin A": "20359IU", "Vitamin C": "46mg", "Calcium": "146mg", "Iron": "4mg", "Thiamin": "0mg", "Niacin": "7mg", "Vitamin B6": "1mg", "Magnesium": "87mg", "Folate": "99mcg"}, "Ingredients": ["3 ml olive oil", "3/8 skinless, boneless chicken breast halves - cut into chunks", "1/8 onion, chopped", "1/2 clove garlic, minced", "1/8 small butternut squash, peeled and chopped", "1/8 (15.5 ounce) can garbanzo beans, drained and rinsed", "1/8 carrot, peeled and chopped", "1/8 (14.5 ounce) can diced tomatoes with juice", "1/8 (14 ounce) can vegetable broth", "2 g sugar", "3 ml lemon juice", "1 g salt", "0.3 g ground coriander", "1/8 dash cayenne pepper"]}, "18182/moroccan-chicken/": {"General": {"Title": "Moroccan Chicken", "Reference": "18182/moroccan-chicken/", "Popularity": "358", "Rating": "4.30320692062378", "Region": "north-african", "Calories": "286", "Total Fat": "3.7g", "Saturated Fat": "1.0g", "Cholesterol": "67mg", "Sodium": "2128mg", "Potassium": "1086mg", "Total Carbohydrates": "27.9g", "Dietary Fiber": "6.3g", "Protein": "36g", "Sugars": "5g", "Vitamin A": "5893IU", "Vitamin C": "24mg", "Calcium": "99mg", "Iron": "4mg", "Thiamin": "0mg", "Niacin": "22mg", "Vitamin B6": "1mg", "Magnesium": "84mg", "Folate": "86mcg"}, "Nutrition": {"Calories": "286", "Total Fat": "3.7g", "Saturated Fat": "1.0g", "Cholesterol": "67mg", "Sodium": "2128mg", "Potassium": "1086mg", "Total Carbohydrates": "27.9g", "Dietary Fiber": "6.3g", "Protein": "36g", "Sugars": "5g", "Vitamin A": "5893IU", "Vitamin C": "24mg", "Calcium": "99mg", "Iron": "4mg", "Thiamin": "0mg", "Niacin": "22mg", "Vitamin B6": "1mg", "Magnesium": "84mg", "Folate": "86mcg"}, "Ingredients": ["115 g skinless, boneless chicken breast meat - cubed", "3 g salt", "1/4 onion, chopped", "1/2 clove garlic, chopped", "1/2 carrots, sliced", "1/2 stalk celery, sliced", "1 g minced fresh ginger root", "0.3 g paprika", "0.4 g ground cumin", "0.2 g dried oregano", "0.1 g ground cayenne pepper", "0.1 g ground turmeric", "90 ml chicken broth", "60 g crushed tomatoes", "60 g canned chickpeas, drained", "1/4 zucchini, sliced", "4 ml lemon juice"]}, "105044/lamb-tagine/": {"General": {"Title": "Lamb Tagine", "Reference": "105044/lamb-tagine/", "Popularity": "410", "Rating": "4.66666650772095", "Region": "north-african", "Calories": "423", "Total Fat": "20.5g", "Saturated Fat": "5.0g", "Cholesterol": "109mg", "Sodium": "1129mg", "Potassium": "659mg", "Total Carbohydrates": "23.6g", "Dietary Fiber": "4.6g", "Protein": "35.8g", "Sugars": "11g", "Vitamin A": "13396IU", "Vitamin C": "13mg", "Calcium": "76mg", "Iron": "4mg", "Thiamin": "0mg", "Niacin": "14mg", "Vitamin B6": "0mg", "Magnesium": "50mg", "Folate": "48mcg"}, "Nutrition": {"Calories": "423", "Total Fat": "20.5g", "Saturated Fat": "5.0g", "Cholesterol": "109mg", "Sodium": "1129mg", "Potassium": "659mg", "Total Carbohydrates": "23.6g", "Dietary Fiber": "4.6g", "Protein": "35.8g", "Sugars": "11g", "Vitamin A": "13396IU", "Vitamin C": "13mg", "Calcium": "76mg", "Iron": "4mg", "Thiamin": "0mg", "Niacin": "14mg", "Vitamin B6": "0mg", "Magnesium": "50mg", "Folate": "48mcg"}, "Ingredients": ["10 ml olive oil, divided", "225 g lamb meat, cut into 1 1/2 inch cubes", "1 g paprika", "0.1 g ground turmeric", "0.3 g ground cumin", "0.1 g cayenne pepper", "0.6 g ground cinnamon", "0.1 g ground cloves", "0.2 g ground cardamom", "1 g kosher salt", "0.2 g ground ginger", "1/4 pinch saffron", "0.5 g garlic powder", "0.4 g ground coriander", "1/2 medium onions, cut into 1-inch cubes", "1-1/4 carrots, peeled, cut into fourths, then sliced lengthwise into thin strips", "3/4 clove garlic, minced", "1 g freshly grated ginger", "1/4 lemon, zested", "1/4 (14.5 ounce) can homemade chicken broth or low-sodium canned broth", "5 g sun-dried tomato paste", "4 ml honey", "2 g cornstarch (optional)", "4 ml water (optional)"]}, "217109/make-ahead-vegetarian-moroccan-stew/": {"General": {"Title": "Make-Ahead Vegetarian Moroccan Stew", "Reference": "217109/make-ahead-vegetarian-moroccan-stew/", "Popularity": "360", "Rating": "4.54794502258301", "Region": "north-african", "Calories": "543", "Total Fat": "4.2g", "Saturated Fat": "2.0g", "Cholesterol": "5mg", "Sodium": "1218mg", "Potassium": "2046mg", "Total Carbohydrates": "110.6g", "Dietary Fiber": "24g", "Protein": "19.5g", "Sugars": "23g", "Vitamin A": "26614IU", "Vitamin C": "80mg", "Calcium": "196mg", "Iron": "7mg", "Thiamin": "1mg", "Niacin": "8mg", "Vitamin B6": "1mg", "Magnesium": "149mg", "Folate": "252mcg"}, "Nutrition": {"Calories": "543", "Total Fat": "4.2g", "Saturated Fat": "2.0g", "Cholesterol": "5mg", "Sodium": "1218mg", "Potassium": "2046mg", "Total Carbohydrates": "110.6g", "Dietary Fiber": "24g", "Protein": "19.5g", "Sugars": "23g", "Vitamin A": "26614IU", "Vitamin C": "80mg", "Calcium": "196mg", "Iron": "7mg", "Thiamin": "1mg", "Niacin": "8mg", "Vitamin B6": "1mg", "Magnesium": "149mg", "Folate": "252mcg"}, "Ingredients": ["Spice Mixture:", "0.4 g ground cinnamon", "0.4 g ground cumin", "0.8 g kosher salt", "0.2 g ground ginger", "0.1 g ground cloves", "0.1 g ground nutmeg", "0.1 g ground turmeric", "0 g curry powder", "Stew Vegetables:", "2 g butter", "1/8 sweet onion, chopped", "20 g finely shredded kale", "5/8 (14 ounce) can organic vegetable broth", "1/8 (15 ounce) can garbanzo beans, drained", "1/8 (14.5 ounce) can diced tomatoes, undrained", "1/2 large potatoes, peeled and diced", "3/8 sweet potatoes, peeled and diced", "5/8 large carrots, chopped", "30 g dried lentils, rinsed", "10 g chopped dried apricots", "3 ml honey", "0.4 g ground black pepper, to taste", "1 g cornstarch (optional)", "3 ml water (optional)"]}, "180014/chicken-tagine/": {"General": {"Title": "Chicken Tagine", "Reference": "180014/chicken-tagine/", "Popularity": "189", "Rating": "4.21505355834961", "Region": "north-african", "Calories": "380", "Total Fat": "15.2g", "Saturated Fat": "4.0g", "Cholesterol": "65mg", "Sodium": "571mg", "Potassium": "500mg", "Total Carbohydrates": "38.5g", "Dietary Fiber": "4.2g", "Protein": "22.3g", "Sugars": "14g", "Vitamin A": "6494IU", "Vitamin C": "8mg", "Calcium": "50mg", "Iron": "2mg", "Thiamin": "0mg", "Niacin": "10mg", "Vitamin B6": "0mg", "Magnesium": "41mg", "Folate": "29mcg"}, "Nutrition": {"Calories": "380", "Total Fat": "15.2g", "Saturated Fat": "4.0g", "Cholesterol": "65mg", "Sodium": "571mg", "Potassium": "500mg", "Total Carbohydrates": "38.5g", "Dietary Fiber": "4.2g", "Protein": "22.3g", "Sugars": "14g", "Vitamin A": "6494IU", "Vitamin C": "8mg", "Calcium": "50mg", "Iron": "2mg", "Thiamin": "0mg", "Niacin": "10mg", "Vitamin B6": "0mg", "Magnesium": "41mg", "Folate": "29mcg"}, "Ingredients": ["4 ml olive oil", "1 skinless, boneless chicken thighs, cut into 1-inch pieces", "1/8 eggplant, cut into 1 inch cubes", "1/4 large onions, thinly sliced", "1/2 large carrots, thinly sliced", "8 g dried cranberries", "8 g chopped dried apricots", "60 ml chicken broth", "4 g tomato paste", "4 ml lemon juice", "2 g all-purpose flour", "1 g garlic salt", "0.4 g ground cumin", "0.3 g ground ginger", "0.3 g cinnamon", "0.2 g ground black pepper", "30 ml water", "20 g couscous"]}, "213717/chakchouka-shakshouka/": {"General": {"Title": "Chakchouka (Shakshouka)", "Reference": "213717/chakchouka-shakshouka/", "Popularity": "546", "Rating": "4.60540533065796", "Region": "north-african", "Calories": "209", "Total Fat": "15g", "Saturated Fat": "3.0g", "Cholesterol": "164mg", "Sodium": "654mg", "Potassium": "511mg", "Total Carbohydrates": "12.9g", "Dietary Fiber": "3.1g", "Protein": "7.8g", "Sugars": "7g", "Vitamin A": "1678IU", "Vitamin C": "65mg", "Calcium": "60mg", "Iron": "2mg", "Thiamin": "0mg", "Niacin": "3mg", "Vitamin B6": "0mg", "Magnesium": "31mg", "Folate": "53mcg"}, "Nutrition": {"Calories": "209", "Total Fat": "15g", "Saturated Fat": "3.0g", "Cholesterol": "164mg", "Sodium": "654mg", "Potassium": "511mg", "Total Carbohydrates": "12.9g", "Dietary Fiber": "3.1g", "Protein": "7.8g", "Sugars": "7g", "Vitamin A": "1678IU", "Vitamin C": "65mg", "Calcium": "60mg", "Iron": "2mg", "Thiamin": "0mg", "Niacin": "3mg", "Vitamin B6": "0mg", "Magnesium": "31mg", "Folate": "53mcg"}, "Ingredients": ["10 ml olive oil", "55 g chopped onion", "25 g thinly sliced bell peppers, any color", "1/2 clove garlic, minced, or to taste", "110 g chopped tomatoes", "0.5 g ground cumin", "0.6 g paprika", "2 g salt", "1/4 hot chile pepper, seeded and finely chopped, or to taste", "1 eggs"]}, "83565/moroccan-chicken-and-whole-grain-couscous/": {"General": {"Title": "Moroccan Chicken and Whole Grain Couscous", "Reference": "83565/moroccan-chicken-and-whole-grain-couscous/", "Popularity": "139", "Rating": "4.37414979934692", "Region": "north-african", "Calories": "399", "Total Fat": "6.7g", "Saturated Fat": "1.0g", "Cholesterol": "67mg", "Sodium": "1539mg", "Potassium": "739mg", "Total Carbohydrates": "50.7g", "Dietary Fiber": "7.8g", "Protein": "33.4g", "Sugars": "4g", "Vitamin A": "4054IU", "Vitamin C": "18mg", "Calcium": "91mg", "Iron": "4mg", "Thiamin": "0mg", "Niacin": "15mg", "Vitamin B6": "1mg", "Magnesium": "74mg", "Folate": "94mcg"}, "Nutrition": {"Calories": "399", "Total Fat": "6.7g", "Saturated Fat": "1.0g", "Cholesterol": "67mg", "Sodium": "1539mg", "Potassium": "739mg", "Total Carbohydrates": "50.7g", "Dietary Fiber": "7.8g", "Protein": "33.4g", "Sugars": "4g", "Vitamin A": "4054IU", "Vitamin C": "18mg", "Calcium": "91mg", "Iron": "4mg", "Thiamin": "0mg", "Niacin": "15mg", "Vitamin B6": "1mg", "Magnesium": "74mg", "Folate": "94mcg"}, "Ingredients": ["40 ml whole wheat couscous", "3 ml vegetable oil", "1/8 medium onion, chopped", "3/8 bay leaves", "7/8 whole cloves, crushed", "0.2 g cinnamon", "0.4 g ground dried turmeric", "0.1 g ground cayenne pepper", "1 skinless, boneless chicken breast halves - chopped", "1/8 (16 ounce) can garbanzo beans", "1/8 (16 ounce) can crushed tomatoes", "1/8 (48 fluid ounce) can chicken broth", "3/8 carrots, cut into 1/2 inch pieces", "1/8 zucchini, cut into 1/2-inch pieces", "salt to taste"]}, "13443/harira/": {"General": {"Title": "Harira", "Reference": "13443/harira/", "Popularity": "153", "Rating": "4.55172395706177", "Region": "north-african", "Calories": "467", "Total Fat": "16.7g", "Saturated Fat": "6.0g", "Cholesterol": "116mg", "Sodium": "594mg", "Potassium": "689mg", "Total Carbohydrates": "50g", "Dietary Fiber": "13.3g", "Protein": "29.4g", "Sugars": "6g", "Vitamin A": "1170IU", "Vitamin C": "38mg", "Calcium": "86mg", "Iron": "6mg", "Thiamin": "0mg", "Niacin": "11mg", "Vitamin B6": "1mg", "Magnesium": "81mg", "Folate": "222mcg"}, "Nutrition": {"Calories": "467", "Total Fat": "16.7g", "Saturated Fat": "6.0g", "Cholesterol": "116mg", "Sodium": "594mg", "Potassium": "689mg", "Total Carbohydrates": "50g", "Dietary Fiber": "13.3g", "Protein": "29.4g", "Sugars": "6g", "Vitamin A": "1170IU", "Vitamin C": "38mg", "Calcium": "86mg", "Iron": "6mg", "Thiamin": "0mg", "Niacin": "11mg", "Vitamin B6": "1mg", "Magnesium": "81mg", "Folate": "222mcg"}, "Ingredients": ["75 g cubed lamb meat", "0.4 g ground turmeric", "0.5 g ground black pepper", "0.4 g ground cinnamon", "0.1 g ground ginger", "0.1 g ground cayenne pepper", "4 g margarine", "15 g chopped celery", "1/8 onion, chopped", "1/8 red onion, chopped", "4 g chopped fresh cilantro", "1/8 (29 ounce) can diced tomatoes", "275 ml water", "25 g green lentils", "1/8 (15 ounce) can garbanzo beans, drained", "20 g vermicelli pasta", "3/8 eggs, beaten", "1/8 lemon, juiced"]}, "105045/moroccan-couscous/": {"General": {"Title": "Moroccan Couscous", "Reference": "105045/moroccan-couscous/", "Popularity": "136", "Rating": "4.49635028839111", "Region": "north-african", "Calories": "246", "Total Fat": "2.6g", "Saturated Fat": "0.0g", "Cholesterol": "0mg", "Sodium": "263mg", "Potassium": "447mg", "Total Carbohydrates": "48.1g", "Dietary Fiber": "5.2g", "Protein": "8.4g", "Sugars": "10g", "Vitamin A": "208IU", "Vitamin C": "30mg", "Calcium": "53mg", "Iron": "2mg", "Thiamin": "0mg", "Niacin": "3mg", "Vitamin B6": "0mg", "Magnesium": "49mg", "Folate": "31mcg"}, "Nutrition": {"Calories": "246", "Total Fat": "2.6g", "Saturated Fat": "0.0g", "Cholesterol": "0mg", "Sodium": "263mg", "Potassium": "447mg", "Total Carbohydrates": "48.1g", "Dietary Fiber": "5.2g", "Protein": "8.4g", "Sugars": "10g", "Vitamin A": "208IU", "Vitamin C": "30mg", "Calcium": "53mg", "Iron": "2mg", "Thiamin": "0mg", "Niacin": "3mg", "Vitamin B6": "0mg", "Magnesium": "49mg", "Folate": "31mcg"}, "Ingredients": ["0.3 g ground cumin", "0.1 g ground ginger", "0.1 g ground cloves", "0 g ground cayenne pepper", "0.1 g ground cardamom", "0.1 g ground coriander", "0.1 g ground allspice", "2 ml olive oil", "1/8 red onion, cut in half and thinly sliced", "1/8 red, green, or yellow bell pepper, cut into 1\" pieces", "1/4 zucchinis, halved lengthwise and cut into 3/4 inch pieces", "10 g golden raisins", "0.6 g kosher salt", "grated zest of one orange", "1/8 (14.5 ounce) can low sodium garbanzo beans, rinsed and drained", "45 ml chicken broth", "15 ml orange juice", "30 g couscous", "0.6 g chopped fresh mint"]}, "133895/spanish-moroccan-fish/": {"General": {"Title": "Spanish Moroccan Fish", "Reference": "133895/spanish-moroccan-fish/", "Popularity": "165", "Rating": "4.40157461166382", "Region": "north-african", "Calories": "268", "Total Fat": "5.1g", "Saturated Fat": "1.0g", "Cholesterol": "70mg", "Sodium": "381mg", "Potassium": "1078mg", "Total Carbohydrates": "12.6g", "Dietary Fiber": "3.3g", "Protein": "41.7g", "Sugars": "3g", "Vitamin A": "3209IU", "Vitamin C": "38mg", "Calcium": "105mg", "Iron": "3mg", "Thiamin": "0mg", "Niacin": "9mg", "Vitamin B6": "1mg", "Magnesium": "82mg", "Folate": "48mcg"}, "Nutrition": {"Calories": "268", "Total Fat": "5.1g", "Saturated Fat": "1.0g", "Cholesterol": "70mg", "Sodium": "381mg", "Potassium": "1078mg", "Total Carbohydrates": "12.6g", "Dietary Fiber": "3.3g", "Protein": "41.7g", "Sugars": "3g", "Vitamin A": "3209IU", "Vitamin C": "38mg", "Calcium": "105mg", "Iron": "3mg", "Thiamin": "0mg", "Niacin": "9mg", "Vitamin B6": "1mg", "Magnesium": "82mg", "Folate": "48mcg"}, "Ingredients": ["1 ml vegetable oil", "1/8 onion, chopped", "1/8 clove garlic, finely chopped", "1/8 (15 ounce) can garbanzo beans, drained and rinsed", "1/8 red bell peppers, seeded and sliced into strips", "1/8 large carrot, thinly sliced", "1/4 tomatoes, chopped", "3/8 olives, chopped", "1 g chopped fresh parsley", "2 g ground cumin", "2 g paprika", "1 g chicken bouillon granules", "0.2 g cayenne pepper", "salt to taste", "190 g tilapia fillets"]}, "17596/fava-bean-breakfast-spread/": {"General": {"Title": "Fava Bean Breakfast Spread", "Reference": "17596/fava-bean-breakfast-spread/", "Popularity": "72", "Rating": "4.59756088256836", "Region": "north-african", "Calories": "101", "Total Fat": "3.7g", "Saturated Fat": "1.0g", "Cholesterol": "0mg", "Sodium": "322mg", "Potassium": "316mg", "Total Carbohydrates": "13.6g", "Dietary Fiber": "3.5g", "Protein": "4.6g", "Sugars": "2g", "Vitamin A": "477IU", "Vitamin C": "14mg", "Calcium": "34mg", "Iron": "1mg", "Thiamin": "0mg", "Niacin": "2mg", "Vitamin B6": "0mg", "Magnesium": "32mg", "Folate": "37mcg"}, "Nutrition": {"Calories": "101", "Total Fat": "3.7g", "Saturated Fat": "1.0g", "Cholesterol": "0mg", "Sodium": "322mg", "Potassium": "316mg", "Total Carbohydrates": "13.6g", "Dietary Fiber": "3.5g", "Protein": "4.6g", "Sugars": "2g", "Vitamin A": "477IU", "Vitamin C": "14mg", "Calcium": "34mg", "Iron": "1mg", "Thiamin": "0mg", "Niacin": "2mg", "Vitamin B6": "0mg", "Magnesium": "32mg", "Folate": "37mcg"}, "Ingredients": ["1/8 (15 ounce) can fava beans", "4 ml olive oil", "1/8 large onion, chopped", "1/8 large tomato, diced", "0.4 g ground cumin", "3 g chopped fresh parsley", "10 ml fresh lemon juice", "salt and pepper to taste", "ground red pepper, to taste"]}, "168959/25-minute-tunisian-vegetable-couscous/": {"General": {"Title": "25-Minute Tunisian Vegetable Couscous", "Reference": "168959/25-minute-tunisian-vegetable-couscous/", "Popularity": "72", "Rating": "4.14666652679443", "Region": "north-african", "Calories": "387", "Total Fat": "4.9g", "Saturated Fat": "1.0g", "Cholesterol": "&lt; 1mg", "Sodium": "699mg", "Potassium": "487mg", "Total Carbohydrates": "72.1g", "Dietary Fiber": "8.8g", "Protein": "13.6g", "Sugars": "5g", "Vitamin A": "2045IU", "Vitamin C": "53mg", "Calcium": "84mg", "Iron": "3mg", "Thiamin": "0mg", "Niacin": "6mg", "Vitamin B6": "1mg", "Magnesium": "68mg", "Folate": "86mcg"}, "Nutrition": {"Calories": "387", "Total Fat": "4.9g", "Saturated Fat": "1.0g", "Cholesterol": "&lt; 1mg", "Sodium": "699mg", "Potassium": "487mg", "Total Carbohydrates": "72.1g", "Dietary Fiber": "8.8g", "Protein": "13.6g", "Sugars": "5g", "Vitamin A": "2045IU", "Vitamin C": "53mg", "Calcium": "84mg", "Iron": "3mg", "Thiamin": "0mg", "Niacin": "6mg", "Vitamin B6": "1mg", "Magnesium": "68mg", "Folate": "86mcg"}, "Ingredients": ["3 ml olive oil", "1/8 red onion, chopped", "1/8 zucchini, coarsely chopped", "1/8 yellow squash, coarsely chopped", "1/8 carrot, coarsely chopped", "1/8 red bell pepper, coarsely chopped", "1/8 yellow bell pepper, coarsely chopped", "8 g sliced baby portabella mushrooms", "160 ml vegetable broth", "0.2 g smoked sweet paprika", "0.1 g ground cardamom", "0.2 g salt", "0.5 g chopped fresh cilantro", "1/8 (16 ounce) can chickpeas, drained", "3/8 Roma tomatoes, sliced", "60 g dry couscous", "0.3 g grated orange zest", "0.8 g grated Parmesan cheese (optional)", "0.2 g paprika (optional)", "1 g finely chopped toasted almonds (optional)"]}, "110025/cold-roasted-moroccan-spiced-salmon/": {"General": {"Title": "Cold Roasted Moroccan Spiced Salmon", "Reference": "110025/cold-roasted-moroccan-spiced-salmon/", "Popularity": "68", "Rating": "4.42028999328613", "Region": "north-african", "Calories": "225", "Total Fat": "9.8g", "Saturated Fat": "2.0g", "Cholesterol": "84mg", "Sodium": "261mg", "Potassium": "755mg", "Total Carbohydrates": "2.2g", "Dietary Fiber": "0.3g", "Protein": "30.2g", "Sugars": "1g", "Vitamin A": "74IU", "Vitamin C": "1mg", "Calcium": "25mg", "Iron": "1mg", "Thiamin": "0mg", "Niacin": "18mg", "Vitamin B6": "1mg", "Magnesium": "46mg", "Folate": "35mcg"}, "Nutrition": {"Calories": "225", "Total Fat": "9.8g", "Saturated Fat": "2.0g", "Cholesterol": "84mg", "Sodium": "261mg", "Potassium": "755mg", "Total Carbohydrates": "2.2g", "Dietary Fiber": "0.3g", "Protein": "30.2g", "Sugars": "1g", "Vitamin A": "74IU", "Vitamin C": "1mg", "Calcium": "25mg", "Iron": "1mg", "Thiamin": "0mg", "Niacin": "18mg", "Vitamin B6": "1mg", "Magnesium": "46mg", "Folate": "35mcg"}, "Ingredients": ["0.3 g ground cinnamon", "0.3 g ground cumin", "0.5 g salt", "0.2 g ground ginger", "0.1 g mustard powder", "0.1 g ground nutmeg", "0 g cayenne pepper", "0 g ground allspice", "1 g white sugar", "150 g (1-inch thick) boneless, skin-on center-cut salmon fillets", "3 ml fresh lime juice"]}, "217947/moroccan-chickpea-stew/": {"General": {"Title": "Moroccan Chickpea Stew", "Reference": "217947/moroccan-chickpea-stew/", "Popularity": "126", "Rating": "4.66666650772095", "Region": "north-african", "Calories": "476", "Total Fat": "6.5g", "Saturated Fat": "1.0g", "Cholesterol": "0mg", "Sodium": "1263mg", "Potassium": "1832mg", "Total Carbohydrates": "96.1g", "Dietary Fiber": "13.6g", "Protein": "15.7g", "Sugars": "27g", "Vitamin A": "18799IU", "Vitamin C": "170mg", "Calcium": "296mg", "Iron": "9mg", "Thiamin": "0mg", "Niacin": "7mg", "Vitamin B6": "1mg", "Magnesium": "120mg", "Folate": "130mcg"}, "Nutrition": {"Calories": "476", "Total Fat": "6.5g", "Saturated Fat": "1.0g", "Cholesterol": "0mg", "Sodium": "1263mg", "Potassium": "1832mg", "Total Carbohydrates": "96.1g", "Dietary Fiber": "13.6g", "Protein": "15.7g", "Sugars": "27g", "Vitamin A": "18799IU", "Vitamin C": "170mg", "Calcium": "296mg", "Iron": "9mg", "Thiamin": "0mg", "Niacin": "7mg", "Vitamin B6": "1mg", "Magnesium": "120mg", "Folate": "130mcg"}, "Ingredients": ["4 ml olive oil", "1/4 small onion, chopped", "1/2 clove garlic, minced", "1 g ground cumin", "1 g ground coriander", "0.2 g cayenne pepper, or to taste", "0.5 g garam masala", "0.2 g curry powder", "1/4 pinch salt", "3/4 potatoes, cut into 1/2-inch cubes", "1/4 (14.5 ounce) can diced tomatoes, undrained", "60 ml tomato sauce", "35 g golden raisins", "water, or enough to cover", "1/4 (14.5 ounce) can chickpeas, drained and rinsed", "1/4 bunch kale, ribs removed, chopped", "6 g chopped fresh cilantro"]}, "99244/algerian-carrots/": {"General": {"Title": "Algerian Carrots", "Reference": "99244/algerian-carrots/", "Popularity": "92", "Rating": "4.17741918563843", "Region": "north-african", "Calories": "157", "Total Fat": "11.6g", "Saturated Fat": "2.0g", "Cholesterol": "0mg", "Sodium": "476mg", "Potassium": "370mg", "Total Carbohydrates": "13.5g", "Dietary Fiber": "4.8g", "Protein": "1.3g", "Sugars": "5g", "Vitamin A": "25786IU", "Vitamin C": "6mg", "Calcium": "55mg", "Iron": "1mg", "Thiamin": "0mg", "Niacin": "1mg", "Vitamin B6": "0mg", "Magnesium": "17mg", "Folate": "22mcg"}, "Nutrition": {"Calories": "157", "Total Fat": "11.6g", "Saturated Fat": "2.0g", "Cholesterol": "0mg", "Sodium": "476mg", "Potassium": "370mg", "Total Carbohydrates": "13.5g", "Dietary Fiber": "4.8g", "Protein": "1.3g", "Sugars": "5g", "Vitamin A": "25786IU", "Vitamin C": "6mg", "Calcium": "55mg", "Iron": "1mg", "Thiamin": "0mg", "Niacin": "1mg", "Vitamin B6": "0mg", "Magnesium": "17mg", "Folate": "22mcg"}, "Ingredients": ["60 ml water", "150 g carrots, peeled and sliced", "10 ml olive oil", "1 g salt", "0.2 g ground black pepper", "0.2 g ground cinnamon", "0.2 g ground cumin", "1/2 clove cloves garlic, crushed", "0.1 g dried thyme leaves", "1/8 bay leaf", "0.8 ml lemon juice"]}, "104405/bissara/": {"General": {"Title": "Bissara", "Reference": "104405/bissara/", "Popularity": "49", "Rating": "4.20967721939087", "Region": "north-african", "Calories": "371", "Total Fat": "13.5g", "Saturated Fat": "2.0g", "Cholesterol": "0mg", "Sodium": "18mg", "Potassium": "810mg", "Total Carbohydrates": "46.3g", "Dietary Fiber": "19.5g", "Protein": "18.7g", "Sugars": "6g", "Vitamin A": "1317IU", "Vitamin C": "16mg", "Calcium": "62mg", "Iron": "4mg", "Thiamin": "1mg", "Niacin": "6mg", "Vitamin B6": "0mg", "Magnesium": "93mg", "Folate": "219mcg"}, "Nutrition": {"Calories": "371", "Total Fat": "13.5g", "Saturated Fat": "2.0g", "Cholesterol": "0mg", "Sodium": "18mg", "Potassium": "810mg", "Total Carbohydrates": "46.3g", "Dietary Fiber": "19.5g", "Protein": "18.7g", "Sugars": "6g", "Vitamin A": "1317IU", "Vitamin C": "16mg", "Calcium": "62mg", "Iron": "4mg", "Thiamin": "1mg", "Niacin": "6mg", "Vitamin B6": "0mg", "Magnesium": "93mg", "Folate": "219mcg"}, "Ingredients": ["4 ml vegetable oil", "1/2 clove garlic, crushed", "180 ml water", "10 ml olive oil", "75 g dry green split peas", "3/8 sprig fresh parsley", "1/8 dried red chile pepper", "0.6 g paprika", "0.3 g cumin", "1/8 pinch salt", "1/8 pinch black pepper"]}}