{"230576/kroppkakor-swedish-potato-dumplings/": {"General": {"Title": "Kroppkakor - Swedish Potato Dumplings", "Reference": "230576/kroppkakor-swedish-potato-dumplings/", "Popularity": "9", "Rating": "3.79999995231628", "Region": "scandinavian", "Calories": "207", "Total Fat": "8.8g", "Saturated Fat": "3.0g", "Cholesterol": "24mg", "Sodium": "868mg", "Potassium": "212mg", "Total Carbohydrates": "25.2g", "Dietary Fiber": "1.2g", "Protein": "6g", "Sugars": "1g", "Vitamin A": "25IU", "Vitamin C": "2mg", "Calcium": "33mg", "Iron": "2mg", "Thiamin": "0mg", "Niacin": "4mg", "Vitamin B6": "0mg", "Magnesium": "19mg", "Folate": "56mcg"}, "Nutrition": {"Calories": "207", "Total Fat": "8.8g", "Saturated Fat": "3.0g", "Cholesterol": "24mg", "Sodium": "868mg", "Potassium": "212mg", "Total Carbohydrates": "25.2g", "Dietary Fiber": "1.2g", "Protein": "6g", "Sugars": "1g", "Vitamin A": "25IU", "Vitamin C": "2mg", "Calcium": "33mg", "Iron": "2mg", "Thiamin": "0mg", "Niacin": "4mg", "Vitamin B6": "0mg", "Magnesium": "19mg", "Folate": "56mcg"}, "Ingredients": ["9 g salt pork, cubed", "1/8 small onion, coarsely chopped", "25 g cold mashed potatoes", "1/8 large egg", "0.4 g salt", "0 g ground black pepper", "1/8 pinch ground nutmeg", "20 g sifted all-purpose flour", "5 g all-purpose flour", "0.2 l water, or as needed", "1/8 (32 fluid ounce) container beef broth (optional)"]}, "7010/finnish-pulla/": {"General": {"Title": "Finnish Pulla", "Reference": "7010/finnish-pulla/", "Popularity": "261", "Rating": "4.78534030914307", "Region": "scandinavian", "Calories": "178", "Total Fat": "3.8g", "Saturated Fat": "2.0g", "Cholesterol": "34mg", "Sodium": "99mg", "Potassium": "68mg", "Total Carbohydrates": "30.9g", "Dietary Fiber": "0.9g", "Protein": "4.7g", "Sugars": "7g", "Vitamin A": "138IU", "Vitamin C": "0mg", "Calcium": "25mg", "Iron": "2mg", "Thiamin": "0mg", "Niacin": "3mg", "Vitamin B6": "0mg", "Magnesium": "10mg", "Folate": "66mcg"}, "Nutrition": {"Calories": "178", "Total Fat": "3.8g", "Saturated Fat": "2.0g", "Cholesterol": "34mg", "Sodium": "99mg", "Potassium": "68mg", "Total Carbohydrates": "30.9g", "Dietary Fiber": "0.9g", "Protein": "4.7g", "Sugars": "7g", "Vitamin A": "138IU", "Vitamin C": "0mg", "Calcium": "25mg", "Iron": "2mg", "Thiamin": "0mg", "Niacin": "3mg", "Vitamin B6": "0mg", "Magnesium": "10mg", "Folate": "66mcg"}, "Ingredients": ["15 ml milk", "3 ml warm water (110 degrees F/45 degrees C)", "1/8 (.25 ounce) package active dry yeast", "6 g white sugar", "0.2 g salt", "0.1 g ground cardamom", "1/8 eggs, beaten", "30 g all-purpose flour", "3 g butter, melted", "1/8 egg, beaten", "0.7 g white sugar"]}, "9745/rosenmunnar/": {"General": {"Title": "Rosenmunnar", "Reference": "9745/rosenmunnar/", "Popularity": "843", "Rating": "4.57597160339355", "Region": "scandinavian", "Calories": "47", "Total Fat": "2.6g", "Saturated Fat": "2.0g", "Cholesterol": "7mg", "Sodium": "19mg", "Potassium": "6mg", "Total Carbohydrates": "5.6g", "Dietary Fiber": "0.1g", "Protein": "0.4g", "Sugars": "2g", "Vitamin A": "79IU", "Vitamin C": "0mg", "Calcium": "2mg", "Iron": "0mg", "Thiamin": "0mg", "Niacin": "0mg", "Vitamin B6": "0mg", "Magnesium": "1mg", "Folate": "7mcg"}, "Nutrition": {"Calories": "47", "Total Fat": "2.6g", "Saturated Fat": "2.0g", "Cholesterol": "7mg", "Sodium": "19mg", "Potassium": "6mg", "Total Carbohydrates": "5.6g", "Dietary Fiber": "0.1g", "Protein": "0.4g", "Sugars": "2g", "Vitamin A": "79IU", "Vitamin C": "0mg", "Calcium": "2mg", "Iron": "0mg", "Thiamin": "0mg", "Niacin": "0mg", "Vitamin B6": "0mg", "Magnesium": "1mg", "Folate": "7mcg"}, "Ingredients": ["3 g butter, softened", "1 g white sugar", "3 g sifted all-purpose flour", "2 g any flavor fruit jam"]}, "9809/rosettes-i/": {"General": {"Title": "Rosettes I", "Reference": "9809/rosettes-i/", "Popularity": "196", "Rating": "4.77894735336304", "Region": "scandinavian", "Calories": "561", "Total Fat": "59.2g", "Saturated Fat": "8.0g", "Cholesterol": "13mg", "Sodium": "28mg", "Potassium": "21mg", "Total Carbohydrates": "8.2g", "Dietary Fiber": "0.1g", "Protein": "1.1g", "Sugars": "5g", "Vitamin A": "32IU", "Vitamin C": "0mg", "Calcium": "12mg", "Iron": "0mg", "Thiamin": "0mg", "Niacin": "0mg", "Vitamin B6": "0mg", "Magnesium": "2mg", "Folate": "10mcg"}, "Nutrition": {"Calories": "561", "Total Fat": "59.2g", "Saturated Fat": "8.0g", "Cholesterol": "13mg", "Sodium": "28mg", "Potassium": "21mg", "Total Carbohydrates": "8.2g", "Dietary Fiber": "0.1g", "Protein": "1.1g", "Sugars": "5g", "Vitamin A": "32IU", "Vitamin C": "0mg", "Calcium": "12mg", "Iron": "0mg", "Thiamin": "0mg", "Niacin": "0mg", "Vitamin B6": "0mg", "Magnesium": "2mg", "Folate": "10mcg"}, "Ingredients": ["1/8 eggs", "0.4 g white sugar", "4 g sifted all-purpose flour", "8 ml milk", "0.2 ml vanilla extract", "0 g salt", "vegetable oil for frying", "sifted confectioners' sugar"]}, "11501/finnish-kropser-baked-pancakes/": {"General": {"Title": "Profile Menu", "Reference": "11501/finnish-kropser-baked-pancakes/", "Popularity": "193", "Rating": "4.7131781578064", "Region": "scandinavian", "Calories": ""}, "Nutrition": {"Calories": ""}, "Ingredients": ["3/8 eggs", "10 g white sugar", "0.8 g salt", "60 ml milk", "20 g all-purpose flour", "7 g butter"]}, "15037/swedish-nuts-ii/": {"General": {"Title": "Swedish Nuts II", "Reference": "15037/swedish-nuts-ii/", "Popularity": "125", "Rating": "4.68518495559692", "Region": "scandinavian", "Calories": "298", "Total Fat": "26.2g", "Saturated Fat": "5.0g", "Cholesterol": "15mg", "Sodium": "48mg", "Potassium": "125mg", "Total Carbohydrates": "16.5g", "Dietary Fiber": "2.7g", "Protein": "3.1g", "Sugars": "14g", "Vitamin A": "193IU", "Vitamin C": "0mg", "Calcium": "22mg", "Iron": "1mg", "Thiamin": "0mg", "Niacin": "1mg", "Vitamin B6": "0mg", "Magnesium": "35mg", "Folate": "7mcg"}, "Nutrition": {"Calories": "298", "Total Fat": "26.2g", "Saturated Fat": "5.0g", "Cholesterol": "15mg", "Sodium": "48mg", "Potassium": "125mg", "Total Carbohydrates": "16.5g", "Dietary Fiber": "2.7g", "Protein": "3.1g", "Sugars": "14g", "Vitamin A": "193IU", "Vitamin C": "0mg", "Calcium": "22mg", "Iron": "1mg", "Thiamin": "0mg", "Niacin": "1mg", "Vitamin B6": "0mg", "Magnesium": "35mg", "Folate": "7mcg"}, "Ingredients": ["1/8 egg whites", "10 g white sugar", "1/8 pinch salt", "0.2 ml vanilla extract", "30 g pecan halves", "7 g butter"]}, "18082/norwegian-lefse/": {"General": {"Title": "Norwegian Lefse", "Reference": "18082/norwegian-lefse/", "Popularity": "123", "Rating": "4.45454549789429", "Region": "scandinavian", "Calories": "368", "Total Fat": "6.6g", "Saturated Fat": "4.0g", "Cholesterol": "16mg", "Sodium": "523mg", "Potassium": "918mg", "Total Carbohydrates": "71.2g", "Dietary Fiber": "5.5g", "Protein": "6.9g", "Sugars": "3g", "Vitamin A": "197IU", "Vitamin C": "20mg", "Calcium": "27mg", "Iron": "2mg", "Thiamin": "0mg", "Niacin": "6mg", "Vitamin B6": "1mg", "Magnesium": "59mg", "Folate": "63mcg"}, "Nutrition": {"Calories": "368", "Total Fat": "6.6g", "Saturated Fat": "4.0g", "Cholesterol": "16mg", "Sodium": "523mg", "Potassium": "918mg", "Total Carbohydrates": "71.2g", "Dietary Fiber": "5.5g", "Protein": "6.9g", "Sugars": "3g", "Vitamin A": "197IU", "Vitamin C": "20mg", "Calcium": "27mg", "Iron": "2mg", "Thiamin": "0mg", "Niacin": "6mg", "Vitamin B6": "1mg", "Magnesium": "59mg", "Folate": "63mcg"}, "Ingredients": ["305 g potatoes, peeled", "8 g butter", "5 ml heavy cream", "1 g salt", "0.8 g white sugar", "20 g all-purpose flour"]}, "64780/danish-almond-puff/": {"General": {"Title": "Danish Almond Puff", "Reference": "64780/danish-almond-puff/", "Popularity": "46", "Rating": "4.60465097427368", "Region": "scandinavian", "Calories": "424", "Total Fat": "25.9g", "Saturated Fat": "15.0g", "Cholesterol": "131mg", "Sodium": "193mg", "Potassium": "78mg", "Total Carbohydrates": "42g", "Dietary Fiber": "0.8g", "Protein": "5.9g", "Sugars": "18g", "Vitamin A": "804IU", "Vitamin C": "0mg", "Calcium": "25mg", "Iron": "2mg", "Thiamin": "0mg", "Niacin": "3mg", "Vitamin B6": "0mg", "Magnesium": "10mg", "Folate": "67mcg"}, "Nutrition": {"Calories": "424", "Total Fat": "25.9g", "Saturated Fat": "15.0g", "Cholesterol": "131mg", "Sodium": "193mg", "Potassium": "78mg", "Total Carbohydrates": "42g", "Dietary Fiber": "0.8g", "Protein": "5.9g", "Sugars": "18g", "Vitamin A": "804IU", "Vitamin C": "0mg", "Calcium": "25mg", "Iron": "2mg", "Thiamin": "0mg", "Niacin": "3mg", "Vitamin B6": "0mg", "Magnesium": "10mg", "Folate": "67mcg"}, "Ingredients": ["15 g all-purpose flour", "15 g butter, softened", "4 ml water", "15 g butter", "30 ml water", "0.6 ml almond extract", "3/8 eggs, beaten", "15 g all-purpose flour", "15 g confectioners' sugar", "0.6 ml almond extract", "2 ml milk, or as needed", "candy sprinkles (optional)"]}, "79136/danish-christmas-red-cabbage/": {"General": {"Title": "Danish Christmas Red Cabbage", "Reference": "79136/danish-christmas-red-cabbage/", "Popularity": "99", "Rating": "4.52112674713135", "Region": "scandinavian", "Calories": "144", "Total Fat": "0.1g", "Saturated Fat": "0.0g", "Cholesterol": "0mg", "Sodium": "402mg", "Potassium": "116mg", "Total Carbohydrates": "36.8g", "Dietary Fiber": "1g", "Protein": "0.7g", "Sugars": "35g", "Vitamin A": "527IU", "Vitamin C": "27mg", "Calcium": "24mg", "Iron": "0mg", "Thiamin": "0mg", "Niacin": "0mg", "Vitamin B6": "0mg", "Magnesium": "8mg", "Folate": "9mcg"}, "Nutrition": {"Calories": "144", "Total Fat": "0.1g", "Saturated Fat": "0.0g", "Cholesterol": "0mg", "Sodium": "402mg", "Potassium": "116mg", "Total Carbohydrates": "36.8g", "Dietary Fiber": "1g", "Protein": "0.7g", "Sugars": "35g", "Vitamin A": "527IU", "Vitamin C": "27mg", "Calcium": "24mg", "Iron": "0mg", "Thiamin": "0mg", "Niacin": "0mg", "Vitamin B6": "0mg", "Magnesium": "8mg", "Folate": "9mcg"}, "Ingredients": ["1/8 small head red cabbage, cored and shredded", "35 g white sugar", "40 ml white vinegar", "1 g salt", "60 ml water"]}, "203229/moms-buttermilk-pancakes/": {"General": {"Title": "Mom's Buttermilk Pancakes", "Reference": "203229/moms-buttermilk-pancakes/", "Popularity": "1k", "Rating": "4.26680660247803", "Region": "scandinavian", "Calories": "210", "Total Fat": "7.9g", "Saturated Fat": "4.0g", "Cholesterol": "65mg", "Sodium": "1027mg", "Potassium": "156mg", "Total Carbohydrates": "27.2g", "Dietary Fiber": "0.8g", "Protein": "7.1g", "Sugars": "3g", "Vitamin A": "256IU", "Vitamin C": "1mg", "Calcium": "93mg", "Iron": "2mg", "Thiamin": "0mg", "Niacin": "3mg", "Vitamin B6": "0mg", "Magnesium": "16mg", "Folate": "67mcg"}, "Nutrition": {"Calories": "210", "Total Fat": "7.9g", "Saturated Fat": "4.0g", "Cholesterol": "65mg", "Sodium": "1027mg", "Potassium": "156mg", "Total Carbohydrates": "27.2g", "Dietary Fiber": "0.8g", "Protein": "7.1g", "Sugars": "3g", "Vitamin A": "256IU", "Vitamin C": "1mg", "Calcium": "93mg", "Iron": "2mg", "Thiamin": "0mg", "Niacin": "3mg", "Vitamin B6": "0mg", "Magnesium": "16mg", "Folate": "67mcg"}, "Ingredients": ["30 g flour", "2 g salt", "1 g baking soda", "1/4 egg", "65 ml buttermilk", "7 g butter, melted"]}, "216564/swedish-meatballs-svenska-kottbullar/": {"General": {"Title": "Swedish Meatballs (Svenska Kottbullar)", "Reference": "216564/swedish-meatballs-svenska-kottbullar/", "Popularity": "1k", "Rating": "4.63853216171265", "Region": "scandinavian", "Calories": "309", "Total Fat": "21.3g", "Saturated Fat": "11.0g", "Cholesterol": "108mg", "Sodium": "794mg", "Potassium": "290mg", "Total Carbohydrates": "11.9g", "Dietary Fiber": "0.6g", "Protein": "16.9g", "Sugars": "3g", "Vitamin A": "392IU", "Vitamin C": "1mg", "Calcium": "65mg", "Iron": "2mg", "Thiamin": "0mg", "Niacin": "7mg", "Vitamin B6": "0mg", "Magnesium": "21mg", "Folate": "31mcg"}, "Nutrition": {"Calories": "309", "Total Fat": "21.3g", "Saturated Fat": "11.0g", "Cholesterol": "108mg", "Sodium": "794mg", "Potassium": "290mg", "Total Carbohydrates": "11.9g", "Dietary Fiber": "0.6g", "Protein": "16.9g", "Sugars": "3g", "Vitamin A": "392IU", "Vitamin C": "1mg", "Calcium": "65mg", "Iron": "2mg", "Thiamin": "0mg", "Niacin": "7mg", "Vitamin B6": "0mg", "Magnesium": "21mg", "Folate": "31mcg"}, "Ingredients": ["3/8 slice day-old white bread, crumbled", "20 ml heavy cream", "0.8 g butter", "1/8 small onion, minced", "50 g ground beef", "25 g finely ground pork", "1/8 egg", "2 g brown sugar (optional)", "1 g salt", "0.1 g ground black pepper", "0.1 g ground nutmeg", "0.1 g ground allspice", "0 g ground ginger (optional)", "2 g butter", "10 ml chicken broth", "4 g all-purpose flour, or as needed", "80 ml beef broth, or as needed", "1/8 (8 ounce) container sour cream"]}, "15449/swedish-meatballs-i/": {"General": {"Title": "Swedish Meatballs I", "Reference": "15449/swedish-meatballs-i/", "Popularity": "455", "Rating": "4.05835008621216", "Region": "scandinavian", "Calories": "662", "Total Fat": "47.8g", "Saturated Fat": "19.0g", "Cholesterol": "178mg", "Sodium": "1193mg", "Potassium": "712mg", "Total Carbohydrates": "26.3g", "Dietary Fiber": "0.8g", "Protein": "31.2g", "Sugars": "12g", "Vitamin A": "550IU", "Vitamin C": "4mg", "Calcium": "306mg", "Iron": "4mg", "Thiamin": "0mg", "Niacin": "13mg", "Vitamin B6": "0mg", "Magnesium": "59mg", "Folate": "33mcg"}, "Nutrition": {"Calories": "662", "Total Fat": "47.8g", "Saturated Fat": "19.0g", "Cholesterol": "178mg", "Sodium": "1193mg", "Potassium": "712mg", "Total Carbohydrates": "26.3g", "Dietary Fiber": "0.8g", "Protein": "31.2g", "Sugars": "12g", "Vitamin A": "550IU", "Vitamin C": "4mg", "Calcium": "306mg", "Iron": "4mg", "Thiamin": "0mg", "Niacin": "13mg", "Vitamin B6": "0mg", "Magnesium": "59mg", "Folate": "33mcg"}, "Ingredients": ["1/4 egg", "15 ml milk", "115 g ground beef", "6 g dry cream of wheat cereal", "10 g minced onion", "1/4 (10.75 ounce) can condensed cream of chicken soup", "1/4 (10.75 ounce) can condensed cream of mushroom soup", "1/4 (12 fluid ounce) can evaporated milk", "0.9 g chopped fresh parsley"]}, "79518/hasselback-potatoes/": {"General": {"Title": "Hasselback Potatoes", "Reference": "79518/hasselback-potatoes/", "Popularity": "795", "Rating": "4.24549531936646", "Region": "scandinavian", "Calories": "247", "Total Fat": "7.1g", "Saturated Fat": "4.0g", "Cholesterol": "19mg", "Sodium": "171mg", "Potassium": "965mg", "Total Carbohydrates": "41.1g", "Dietary Fiber": "5.1g", "Protein": "6.1g", "Sugars": "2g", "Vitamin A": "201IU", "Vitamin C": "45mg", "Calcium": "72mg", "Iron": "2mg", "Thiamin": "0mg", "Niacin": "4mg", "Vitamin B6": "1mg", "Magnesium": "55mg", "Folate": "39mcg"}, "Nutrition": {"Calories": "247", "Total Fat": "7.1g", "Saturated Fat": "4.0g", "Cholesterol": "19mg", "Sodium": "171mg", "Potassium": "965mg", "Total Carbohydrates": "41.1g", "Dietary Fiber": "5.1g", "Protein": "6.1g", "Sugars": "2g", "Vitamin A": "201IU", "Vitamin C": "45mg", "Calcium": "72mg", "Iron": "2mg", "Thiamin": "0mg", "Niacin": "4mg", "Vitamin B6": "1mg", "Magnesium": "55mg", "Folate": "39mcg"}, "Ingredients": ["1 (8 ounce) baking potatoes", "7 g butter, melted", "salt and pepper to taste", "4 g finely grated fresh Romano cheese", "2 g seasoned dry bread crumbs"]}, "231169/chef-johns-swedish-meatballs/": {"General": {"Title": "Chef John's Swedish Meatballs", "Reference": "231169/chef-johns-swedish-meatballs/", "Popularity": "890", "Rating": "4.62593507766724", "Region": "scandinavian", "Calories": "479", "Total Fat": "35.8g", "Saturated Fat": "17.0g", "Cholesterol": "194mg", "Sodium": "1206mg", "Potassium": "429mg", "Total Carbohydrates": "10.1g", "Dietary Fiber": "0.7g", "Protein": "28.2g", "Sugars": "2g", "Vitamin A": "648IU", "Vitamin C": "1mg", "Calcium": "76mg", "Iron": "3mg", "Thiamin": "0mg", "Niacin": "10mg", "Vitamin B6": "0mg", "Magnesium": "32mg", "Folate": "32mcg"}, "Nutrition": {"Calories": "479", "Total Fat": "35.8g", "Saturated Fat": "17.0g", "Cholesterol": "194mg", "Sodium": "1206mg", "Potassium": "429mg", "Total Carbohydrates": "10.1g", "Dietary Fiber": "0.7g", "Protein": "28.2g", "Sugars": "2g", "Vitamin A": "648IU", "Vitamin C": "1mg", "Calcium": "76mg", "Iron": "3mg", "Thiamin": "0mg", "Niacin": "10mg", "Vitamin B6": "0mg", "Magnesium": "32mg", "Folate": "32mcg"}, "Ingredients": ["Meatballs:", "5 g butter", "1/8 yellow onion, finely chopped", "2 g fine salt", "10 ml milk", "3/8 large eggs", "6 g plain bread crumbs", "0.3 g freshly ground black pepper", "0.1 g ground nutmeg", "0.1 g ground allspice", "1/8 pinch cayenne pepper, or to taste", "75 g ground beef chuck", "75 g ground pork", "Gravy:", "5 g butter", "4 g all-purpose flour", "130 ml beef broth", "20 ml heavy cream", "0.3 g white sugar", "0.2 ml Worcestershire sauce", "salt and freshly ground black pepper to taste", "cooking spray"]}, "12783/torsk/": {"General": {"Title": "Torsk", "Reference": "12783/torsk/", "Popularity": "360", "Rating": "4.36885261535645", "Region": "scandinavian", "Calories": "670", "Total Fat": "47.1g", "Saturated Fat": "29.0g", "Cholesterol": "183mg", "Sodium": "2764mg", "Potassium": "579mg", "Total Carbohydrates": "33.4g", "Dietary Fiber": "0g", "Protein": "29.8g", "Sugars": "33g", "Vitamin A": "1462IU", "Vitamin C": "4mg", "Calcium": "34mg", "Iron": "0mg", "Thiamin": "0mg", "Niacin": "8mg", "Vitamin B6": "1mg", "Magnesium": "39mg", "Folate": "10mcg"}, "Nutrition": {"Calories": "670", "Total Fat": "47.1g", "Saturated Fat": "29.0g", "Cholesterol": "183mg", "Sodium": "2764mg", "Potassium": "579mg", "Total Carbohydrates": "33.4g", "Dietary Fiber": "0g", "Protein": "29.8g", "Sugars": "33g", "Vitamin A": "1462IU", "Vitamin C": "4mg", "Calcium": "34mg", "Iron": "0mg", "Thiamin": "0mg", "Niacin": "8mg", "Vitamin B6": "1mg", "Magnesium": "39mg", "Folate": "10mcg"}, "Ingredients": ["1 (6 ounce) fillet cod", "235 ml water", "35 g white sugar", "6 g salt", "55 g butter, melted", "1/8 dash paprika"]}, "53763/the-amazing-swedish-meatball/": {"General": {"Title": "The Amazing Swedish Meatball", "Reference": "53763/the-amazing-swedish-meatball/", "Popularity": "265", "Rating": "3.45175433158875", "Region": "scandinavian", "Calories": "560", "Total Fat": "42.7g", "Saturated Fat": "16.0g", "Cholesterol": "134mg", "Sodium": "2175mg", "Potassium": "453mg", "Total Carbohydrates": "18.6g", "Dietary Fiber": "1.4g", "Protein": "24.6g", "Sugars": "3g", "Vitamin A": "496IU", "Vitamin C": "3mg", "Calcium": "116mg", "Iron": "3mg", "Thiamin": "0mg", "Niacin": "11mg", "Vitamin B6": "0mg", "Magnesium": "37mg", "Folate": "43mcg"}, "Nutrition": {"Calories": "560", "Total Fat": "42.7g", "Saturated Fat": "16.0g", "Cholesterol": "134mg", "Sodium": "2175mg", "Potassium": "453mg", "Total Carbohydrates": "18.6g", "Dietary Fiber": "1.4g", "Protein": "24.6g", "Sugars": "3g", "Vitamin A": "496IU", "Vitamin C": "3mg", "Calcium": "116mg", "Iron": "3mg", "Thiamin": "0mg", "Niacin": "11mg", "Vitamin B6": "0mg", "Magnesium": "37mg", "Folate": "43mcg"}, "Ingredients": ["75 g ground beef", "40 g ground pork", "15 g chopped onion", "15 g bread crumbs", "1/8 egg", "20 ml milk", "0.2 g dried parsley", "3 ml Worcestershire sauce", "2 g salt", "0.4 g pepper", "10 ml vegetable oil", "5 g all-purpose flour", "0.4 g paprika", "3 g salt", "0.4 g pepper", "80 ml boiling water", "30 g sour cream"]}, "218894/easy-swedish-meatball-sauce/": {"General": {"Title": "Easy Swedish Meatball Sauce ", "Reference": "218894/easy-swedish-meatball-sauce/", "Popularity": "565", "Rating": "4.23245620727539", "Region": "scandinavian", "Calories": "393", "Total Fat": "31.5g", "Saturated Fat": "17.0g", "Cholesterol": "140mg", "Sodium": "358mg", "Potassium": "299mg", "Total Carbohydrates": "12.2g", "Dietary Fiber": "0.8g", "Protein": "15g", "Sugars": "1g", "Vitamin A": "1080IU", "Vitamin C": "5mg", "Calcium": "77mg", "Iron": "2mg", "Thiamin": "0mg", "Niacin": "4mg", "Vitamin B6": "0mg", "Magnesium": "24mg", "Folate": "23mcg"}, "Nutrition": {"Calories": "393", "Total Fat": "31.5g", "Saturated Fat": "17.0g", "Cholesterol": "140mg", "Sodium": "358mg", "Potassium": "299mg", "Total Carbohydrates": "12.2g", "Dietary Fiber": "0.8g", "Protein": "15g", "Sugars": "1g", "Vitamin A": "1080IU", "Vitamin C": "5mg", "Calcium": "77mg", "Iron": "2mg", "Thiamin": "0mg", "Niacin": "4mg", "Vitamin B6": "0mg", "Magnesium": "24mg", "Folate": "23mcg"}, "Ingredients": ["60 ml beef stock", "60 ml heavy cream", "6 g all-purpose flour", "4 ml soy sauce", "0.5 g ground black pepper", "0.1 g dried rosemary", "1/8 (20 ounce) package frozen cooked meatballs, thawed"]}, "54628/easy-swedish-apple-pie/": {"General": {"Title": "Easy Swedish Apple Pie", "Reference": "54628/easy-swedish-apple-pie/", "Popularity": "272", "Rating": "4.59471368789673", "Region": "scandinavian", "Calories": "359", "Total Fat": "18g", "Saturated Fat": "11.0g", "Cholesterol": "69mg", "Sodium": "133mg", "Potassium": "126mg", "Total Carbohydrates": "49.3g", "Dietary Fiber": "2.2g", "Protein": "2.8g", "Sugars": "35g", "Vitamin A": "572IU", "Vitamin C": "4mg", "Calcium": "18mg", "Iron": "1mg", "Thiamin": "0mg", "Niacin": "2mg", "Vitamin B6": "0mg", "Magnesium": "8mg", "Folate": "32mcg"}, "Nutrition": {"Calories": "359", "Total Fat": "18g", "Saturated Fat": "11.0g", "Cholesterol": "69mg", "Sodium": "133mg", "Potassium": "126mg", "Total Carbohydrates": "49.3g", "Dietary Fiber": "2.2g", "Protein": "2.8g", "Sugars": "35g", "Vitamin A": "572IU", "Vitamin C": "4mg", "Calcium": "18mg", "Iron": "1mg", "Thiamin": "0mg", "Niacin": "2mg", "Vitamin B6": "0mg", "Magnesium": "8mg", "Folate": "32mcg"}, "Ingredients": ["85 g Granny Smith apples - peeled, cored and sliced", "2 g sugar", "25 g sugar", "15 g flour", "0.3 g cinnamon", "20 g melted butter", "1/8 egg"]}, "83723/norwegian-pancakes-pannekaken/": {"General": {"Title": "Norwegian Pancakes - Pannekaken", "Reference": "83723/norwegian-pancakes-pannekaken/", "Popularity": "250", "Rating": "4.58571434020996", "Region": "scandinavian", "Calories": "145", "Total Fat": "3.9g", "Saturated Fat": "2.0g", "Cholesterol": "98mg", "Sodium": "157mg", "Potassium": "147mg", "Total Carbohydrates": "19.6g", "Dietary Fiber": "0.6g", "Protein": "7.3g", "Sugars": "4g", "Vitamin A": "237IU", "Vitamin C": "0mg", "Calcium": "88mg", "Iron": "1mg", "Thiamin": "0mg", "Niacin": "3mg", "Vitamin B6": "0mg", "Magnesium": "14mg", "Folate": "53mcg"}, "Nutrition": {"Calories": "145", "Total Fat": "3.9g", "Saturated Fat": "2.0g", "Cholesterol": "98mg", "Sodium": "157mg", "Potassium": "147mg", "Total Carbohydrates": "19.6g", "Dietary Fiber": "0.6g", "Protein": "7.3g", "Sugars": "4g", "Vitamin A": "237IU", "Vitamin C": "0mg", "Calcium": "88mg", "Iron": "1mg", "Thiamin": "0mg", "Niacin": "3mg", "Vitamin B6": "0mg", "Magnesium": "14mg", "Folate": "53mcg"}, "Ingredients": ["1/2 eggs", "60 ml milk", "20 g all-purpose flour", "0.2 g salt", "0.7 g sugar"]}, "52581/easy-swedish-pancakes/": {"General": {"Title": "Easy Swedish Pancakes", "Reference": "52581/easy-swedish-pancakes/", "Popularity": "297", "Rating": "4.07537698745728", "Region": "scandinavian", "Calories": "252", "Total Fat": "13.3g", "Saturated Fat": "7.0g", "Cholesterol": "211mg", "Sodium": "161mg", "Potassium": "268mg", "Total Carbohydrates": "21.1g", "Dietary Fiber": "0.4g", "Protein": "12g", "Sugars": "9g", "Vitamin A": "652IU", "Vitamin C": "0mg", "Calcium": "173mg", "Iron": "2mg", "Thiamin": "0mg", "Niacin": "4mg", "Vitamin B6": "0mg", "Magnesium": "23mg", "Folate": "58mcg"}, "Nutrition": {"Calories": "252", "Total Fat": "13.3g", "Saturated Fat": "7.0g", "Cholesterol": "211mg", "Sodium": "161mg", "Potassium": "268mg", "Total Carbohydrates": "21.1g", "Dietary Fiber": "0.4g", "Protein": "12g", "Sugars": "9g", "Vitamin A": "652IU", "Vitamin C": "0mg", "Calcium": "173mg", "Iron": "2mg", "Thiamin": "0mg", "Niacin": "4mg", "Vitamin B6": "0mg", "Magnesium": "23mg", "Folate": "58mcg"}, "Ingredients": ["1 eggs", "120 ml milk", "15 g all-purpose flour", "3 g sugar", "1/4 pinch salt", "7 g melted butter"]}}