,Title,Reference,Popularity,Rating,Region,Calories,Total Fat,Saturated Fat,Cholesterol,Sodium,Potassium,Total Carbohydrates,Dietary Fiber,Protein,Sugars,Vitamin A,Vitamin C,Calcium,Iron,Thiamin,Niacin,Vitamin B6,Magnesium,Folate
Brazilian Chicken with Coconut Milk,Brazilian Chicken with Coconut Milk,58647/brazilian-chicken-with-coconut-milk/,571,4.27737236022949,south-american,345,19.9g,7.0g,72mg,234mg,624mg,11.5g,2.8g,29.3g,4g,2301IU,38mg,62mg,3mg,0mg,18mg,1mg,52mg,49mcg
Argentine Meat Empanadas,Argentine Meat Empanadas,12512/argentine-meat-empanadas/,131,4.16964292526245,south-american,498,36.8g,10.0g,73mg,326mg,213mg,27.7g,1.5g,14.7g,4g,455IU,2mg,28mg,3mg,0mg,7mg,0mg,22mg,51mcg
"Silpancho from Cochabamba, Bolivia","Silpancho from Cochabamba, Bolivia",255744/silpancho-from-cochabamba-bolivia/,9,4.75,south-american,928,23.7g,6.0g,235mg,558mg,1615mg,133.8g,9.6g,43.1g,10g,733IU,73mg,207mg,10mg,1mg,21mg,1mg,125mg,284mcg
Brazilian Cheese Rolls (Pao de Queijo),Brazilian Cheese Rolls (Pao de Queijo),221430/brazilian-cheese-rolls-pao-de-queijo/,76,4.5,south-american,199,12g,4.0g,36mg,386mg,34mg,17.2g,0g,5.8g,0g,124IU,0mg,166mg,0mg,0mg,1mg,0mg,8mg,5mcg
Chef John's Chimichurri Sauce,Chef John's Chimichurri Sauce,236375/chef-johns-chimichurri-sauce/,330,4.82539701461792,south-american,255,27.3g,4.0g,0mg,304mg,153mg,3g,0.8g,1g,0g,1812IU,25mg,52mg,1mg,0mg,0mg,0mg,14mg,27mcg
Bolivian Saltenas,Bolivian Saltenas,216872/bolivian-saltenas/,43,4.03030300140381,south-american,482,20.3g,10.0g,108mg,551mg,480mg,59g,4g,16.6g,12g,1347IU,17mg,48mg,4mg,0mg,9mg,0mg,39mg,119mcg
Peruvian Arroz con Pollo,Peruvian Arroz con Pollo,204963/peruvian-arroz-con-pollo/,96,4.46875,south-american,739,29.7g,7.0g,136mg,198mg,723mg,65.2g,3.5g,45.7g,6g,3664IU,39mg,78mg,5mg,1mg,21mg,1mg,77mg,155mcg
Colombian Stewed Flank,Colombian Stewed Flank,143611/colombian-stewed-flank/,47,4.35135126113892,south-american,236,15.6g,4.0g,36mg,770mg,466mg,9.2g,2.1g,15.4g,5g,659IU,14mg,45mg,3mg,0mg,6mg,0mg,32mg,23mcg
Suspiro Limeno,Suspiro Limeno,142175/suspiro-limeno/,16,4.16666650772095,south-american,401,11.9g,7.0g,109mg,171mg,461mg,62.4g,0.1g,11.6g,62g,401IU,3mg,359mg,0mg,0mg,3mg,0mg,34mg,21mcg
Quinoa and Black Beans,Quinoa and Black Beans,49552/quinoa-and-black-beans/,7k,4.64422559738159,south-american,153,1.7g,0.0g,0mg,517mg,333mg,27.8g,7.8g,7.7g,2g,362IU,5mg,41mg,2mg,0mg,2mg,0mg,35mg,61mcg
Mom's Stovetop Pork Ribs,Mom's Stovetop Pork Ribs,75811/moms-stovetop-pork-ribs/,670,4.55403089523315,south-american,461,32g,12.0g,125mg,1327mg,710mg,10.7g,3.4g,33.5g,1g,4031IU,74mg,157mg,6mg,0mg,14mg,1mg,64mg,85mcg
Brazilian Black Bean Stew,Brazilian Black Bean Stew,71808/brazilian-black-bean-stew/,508,4.65180444717407,south-american,508,15g,5.0g,31mg,1538mg,1476mg,70.7g,17.8g,22.8g,17g,23932IU,91mg,162mg,8mg,1mg,9mg,1mg,109mg,134mcg
Brazilian Lemonade,Brazilian Lemonade,54083/brazilian-lemonade/,442,4.71250009536743,south-american,152,1.3g,1.0g,5mg,28mg,90mg,36.2g,0.9g,1.4g,33g,55IU,10mg,61mg,0mg,0mg,0mg,0mg,9mg,4mcg
Brazilian White Rice,Brazilian White Rice,144308/brazilian-white-rice/,418,4.40749979019165,south-american,201,3.7g,1.0g,0mg,297mg,61mg,37.5g,0.7g,3.4g,0g,0IU,0mg,19mg,2mg,0mg,3mg,0mg,13mg,107mcg
Brazilian Fish Stew,Brazilian Fish Stew,190412/brazilian-fish-stew/,439,4.40054512023926,south-american,359,21.8g,14.0g,42mg,600mg,1079mg,15.6g,4.8g,27.4g,6g,2394IU,105mg,116mg,6mg,0mg,7mg,1mg,93mg,41mcg
Brigadeiro,Brigadeiro,24052/brigadeiro/,482,4.3641791343689,south-american,70,2.4g,2.0g,8mg,29mg,85mg,11.1g,0.3g,1.7g,11g,70IU,1mg,57mg,0mg,0mg,0mg,0mg,9mg,2mcg
Brazilian Cheese Bread (Pao de Queijo),Brazilian Cheese Bread (Pao de Queijo),98554/brazilian-cheese-bread-pao-de-queijo/,557,4.37599992752075,south-american,385,22.6g,5.0g,71mg,555mg,67mg,39.9g,0g,6.3g,1g,146IU,0mg,131mg,1mg,0mg,1mg,0mg,9mg,9mcg
Chimichurri Sauce,Chimichurri Sauce,68003/chimichurri-sauce/,317,4.54460096359253,south-american,133,14.2g,2.0g,0mg,201mg,53mg,1.3g,0.5g,0.3g,0g,487IU,7mg,23mg,1mg,0mg,0mg,0mg,6mg,10mcg
Fried Empanadas,Fried Empanadas,71805/fried-empanadas/,230,4.5144510269165,south-american,528,46.2g,7.0g,33mg,169mg,138mg,21.4g,1.1g,8g,2g,324IU,1mg,14mg,2mg,0mg,4mg,0mg,13mg,48mcg
Quinoa Pudding,Quinoa Pudding,19587/quinoa-pudding/,200,3.90532541275024,south-american,202,1.9g,0.0g,0mg,8mg,345mg,42.6g,2.7g,4.4g,9g,8IU,3mg,31mg,2mg,0mg,1mg,0mg,64mg,53mcg
