{"58647/brazilian-chicken-with-coconut-milk/": {"General": {"Title": "Brazilian Chicken with Coconut Milk", "Reference": "58647/brazilian-chicken-with-coconut-milk/", "Popularity": "571", "Rating": "4.27737236022949", "Region": "south-american", "Calories": "345", "Total Fat": "19.9g", "Saturated Fat": "7.0g", "Cholesterol": "72mg", "Sodium": "234mg", "Potassium": "624mg", "Total Carbohydrates": "11.5g", "Dietary Fiber": "2.8g", "Protein": "29.3g", "Sugars": "4g", "Vitamin A": "2301IU", "Vitamin C": "38mg", "Calcium": "62mg", "Iron": "3mg", "Thiamin": "0mg", "Niacin": "18mg", "Vitamin B6": "1mg", "Magnesium": "52mg", "Folate": "49mcg"}, "Nutrition": {"Calories": "345", "Total Fat": "19.9g", "Saturated Fat": "7.0g", "Cholesterol": "72mg", "Sodium": "234mg", "Potassium": "624mg", "Total Carbohydrates": "11.5g", "Dietary Fiber": "2.8g", "Protein": "29.3g", "Sugars": "4g", "Vitamin A": "2301IU", "Vitamin C": "38mg", "Calcium": "62mg", "Iron": "3mg", "Thiamin": "0mg", "Niacin": "18mg", "Vitamin B6": "1mg", "Magnesium": "52mg", "Folate": "49mcg"}, "Ingredients": ["0.5 g ground cumin", "0.4 g ground cayenne pepper", "0.6 g ground turmeric", "0.4 g ground coriander", "1 skinless, boneless chicken breast halves", "salt and pepper to taste", "8 ml olive oil", "1/4 onion, chopped", "1 g minced fresh ginger", "1/2 jalapeno peppers, seeded and chopped", "1/2 clove garlic, minced", "3/4 tomatoes, seeded and chopped", "1/4 (14 ounce) can light coconut milk", "1/4 bunch chopped fresh parsley"]}, "12512/argentine-meat-empanadas/": {"General": {"Title": "Argentine Meat Empanadas", "Reference": "12512/argentine-meat-empanadas/", "Popularity": "131", "Rating": "4.16964292526245", "Region": "south-american", "Calories": "498", "Total Fat": "36.8g", "Saturated Fat": "10.0g", "Cholesterol": "73mg", "Sodium": "326mg", "Potassium": "213mg", "Total Carbohydrates": "27.7g", "Dietary Fiber": "1.5g", "Protein": "14.7g", "Sugars": "4g", "Vitamin A": "455IU", "Vitamin C": "2mg", "Calcium": "28mg", "Iron": "3mg", "Thiamin": "0mg", "Niacin": "7mg", "Vitamin B6": "0mg", "Magnesium": "22mg", "Folate": "51mcg"}, "Nutrition": {"Calories": "498", "Total Fat": "36.8g", "Saturated Fat": "10.0g", "Cholesterol": "73mg", "Sodium": "326mg", "Potassium": "213mg", "Total Carbohydrates": "27.7g", "Dietary Fiber": "1.5g", "Protein": "14.7g", "Sugars": "4g", "Vitamin A": "455IU", "Vitamin C": "2mg", "Calcium": "28mg", "Iron": "3mg", "Thiamin": "0mg", "Niacin": "7mg", "Vitamin B6": "0mg", "Magnesium": "22mg", "Folate": "51mcg"}, "Ingredients": ["10 g shortening", "1/4 onions, chopped", "45 g lean ground beef", "0.5 g Hungarian sweet paprika", "0.2 g hot paprika", "0.2 g crushed red pepper flakes", "0.2 g ground cumin", "2 ml distilled white vinegar", "4 g raisins", "7 g pitted green olives, chopped", "1/4 hard-cooked eggs, chopped", "salt to taste", "1/8 (17.5 ounce) package frozen puff pastry sheets, thawed"]}, "255744/silpancho-from-cochabamba-bolivia/": {"General": {"Title": "Silpancho from Cochabamba, Bolivia", "Reference": "255744/silpancho-from-cochabamba-bolivia/", "Popularity": "9", "Rating": "4.75", "Region": "south-american", "Calories": "928", "Total Fat": "23.7g", "Saturated Fat": "6.0g", "Cholesterol": "235mg", "Sodium": "558mg", "Potassium": "1615mg", "Total Carbohydrates": "133.8g", "Dietary Fiber": "9.6g", "Protein": "43.1g", "Sugars": "10g", "Vitamin A": "733IU", "Vitamin C": "73mg", "Calcium": "207mg", "Iron": "10mg", "Thiamin": "1mg", "Niacin": "21mg", "Vitamin B6": "1mg", "Magnesium": "125mg", "Folate": "284mcg"}, "Nutrition": {"Calories": "928", "Total Fat": "23.7g", "Saturated Fat": "6.0g", "Cholesterol": "235mg", "Sodium": "558mg", "Potassium": "1615mg", "Total Carbohydrates": "133.8g", "Dietary Fiber": "9.6g", "Protein": "43.1g", "Sugars": "10g", "Vitamin A": "733IU", "Vitamin C": "73mg", "Calcium": "207mg", "Iron": "10mg", "Thiamin": "1mg", "Niacin": "21mg", "Vitamin B6": "1mg", "Magnesium": "125mg", "Folate": "284mcg"}, "Ingredients": ["160 ml water", "60 g white rice", "1 potatoes, peeled", "20 ml vegetable oil, divided", "55 g bread crumbs", "115 g beef top sirloin, thinly sliced", "salt to taste", "1 eggs", "1/2 onions, diced", "3/8 tomatoes, diced", "3/8 red chile peppers (locoto), chopped", "8 ml olive oil, or to taste"]}, "221430/brazilian-cheese-rolls-pao-de-queijo/": {"General": {"Title": "Brazilian Cheese Rolls (Pao de Queijo)", "Reference": "221430/brazilian-cheese-rolls-pao-de-queijo/", "Popularity": "76", "Rating": "4.5", "Region": "south-american", "Calories": "199", "Total Fat": "12g", "Saturated Fat": "4.0g", "Cholesterol": "36mg", "Sodium": "386mg", "Potassium": "34mg", "Total Carbohydrates": "17.2g", "Dietary Fiber": "0g", "Protein": "5.8g", "Sugars": "0g", "Vitamin A": "124IU", "Vitamin C": "0mg", "Calcium": "166mg", "Iron": "0mg", "Thiamin": "0mg", "Niacin": "1mg", "Vitamin B6": "0mg", "Magnesium": "8mg", "Folate": "5mcg"}, "Nutrition": {"Calories": "199", "Total Fat": "12g", "Saturated Fat": "4.0g", "Cholesterol": "36mg", "Sodium": "386mg", "Potassium": "34mg", "Total Carbohydrates": "17.2g", "Dietary Fiber": "0g", "Protein": "5.8g", "Sugars": "0g", "Vitamin A": "124IU", "Vitamin C": "0mg", "Calcium": "166mg", "Iron": "0mg", "Thiamin": "0mg", "Niacin": "1mg", "Vitamin B6": "0mg", "Magnesium": "8mg", "Folate": "5mcg"}, "Ingredients": ["20 g tapioca starch", "0.4 g salt (optional)", "8 ml vegetable oil", "6 ml water", "6 ml milk", "1/8 eggs", "10 g shredded Parmesan cheese"]}, "236375/chef-johns-chimichurri-sauce/": {"General": {"Title": "Chef John's Chimichurri Sauce", "Reference": "236375/chef-johns-chimichurri-sauce/", "Popularity": "330", "Rating": "4.82539701461792", "Region": "south-american", "Calories": "255", "Total Fat": "27.3g", "Saturated Fat": "4.0g", "Cholesterol": "0mg", "Sodium": "304mg", "Potassium": "153mg", "Total Carbohydrates": "3g", "Dietary Fiber": "0.8g", "Protein": "1g", "Sugars": "0g", "Vitamin A": "1812IU", "Vitamin C": "25mg", "Calcium": "52mg", "Iron": "1mg", "Thiamin": "0mg", "Niacin": "0mg", "Vitamin B6": "0mg", "Magnesium": "14mg", "Folate": "27mcg"}, "Nutrition": {"Calories": "255", "Total Fat": "27.3g", "Saturated Fat": "4.0g", "Cholesterol": "0mg", "Sodium": "304mg", "Potassium": "153mg", "Total Carbohydrates": "3g", "Dietary Fiber": "0.8g", "Protein": "1g", "Sugars": "0g", "Vitamin A": "1812IU", "Vitamin C": "25mg", "Calcium": "52mg", "Iron": "1mg", "Thiamin": "0mg", "Niacin": "0mg", "Vitamin B6": "0mg", "Magnesium": "14mg", "Folate": "27mcg"}, "Ingredients": ["30 ml olive oil", "1 clove garlic, chopped, or more to taste", "10 ml white wine vinegar, or more to taste", "0.8 g salt, or to taste", "0.1 g ground cumin", "0.2 g red pepper flakes", "0.1 g freshly ground black pepper", "6 g fresh cilantro leaves", "6 g fresh oregano leaves", "1/4 bunch flat-leaf Italian parsley, stems removed"]}, "216872/bolivian-saltenas/": {"General": {"Title": "Bolivian Saltenas", "Reference": "216872/bolivian-saltenas/", "Popularity": "43", "Rating": "4.03030300140381", "Region": "south-american", "Calories": "482", "Total Fat": "20.3g", "Saturated Fat": "10.0g", "Cholesterol": "108mg", "Sodium": "551mg", "Potassium": "480mg", "Total Carbohydrates": "59g", "Dietary Fiber": "4g", "Protein": "16.6g", "Sugars": "12g", "Vitamin A": "1347IU", "Vitamin C": "17mg", "Calcium": "48mg", "Iron": "4mg", "Thiamin": "0mg", "Niacin": "9mg", "Vitamin B6": "0mg", "Magnesium": "39mg", "Folate": "119mcg"}, "Nutrition": {"Calories": "482", "Total Fat": "20.3g", "Saturated Fat": "10.0g", "Cholesterol": "108mg", "Sodium": "551mg", "Potassium": "480mg", "Total Carbohydrates": "59g", "Dietary Fiber": "4g", "Protein": "16.6g", "Sugars": "12g", "Vitamin A": "1347IU", "Vitamin C": "17mg", "Calcium": "48mg", "Iron": "4mg", "Thiamin": "0mg", "Niacin": "9mg", "Vitamin B6": "0mg", "Magnesium": "39mg", "Folate": "119mcg"}, "Ingredients": ["For the Filling:", "1/8 (.25 ounce) package unflavored gelatin", "1/4 potatoes, peeled", "1 ml olive oil", "1/8 onion, chopped", "45 g ground beef", "1/8 (10 ounce) package frozen petite peas, thawed", "1/8 spring onion, sliced", "2 g fresh parsley, chopped", "1 g white sugar", "0.3 g paprika", "0 g ground cumin", "0.6 g salt", "0 g black pepper", "3 ml jalapeno sauce (optional)", "7 ml cold water", "1/4 hard-cooked eggs, peeled and chopped", "1/8 (2.25 ounce) can sliced black olives, drained", "9 g raisins, soaked in water and drained", "For the Dough:", "45 g all-purpose flour", "3 g white sugar", "0.4 g salt", "15 g butter, cubed", "20 ml hot water", "1/8 eggs, beaten", "0.6 ml water", "0.4 g paprika"]}, "204963/peruvian-arroz-con-pollo/": {"General": {"Title": "Peruvian Arroz con Pollo", "Reference": "204963/peruvian-arroz-con-pollo/", "Popularity": "96", "Rating": "4.46875", "Region": "south-american", "Calories": "739", "Total Fat": "29.7g", "Saturated Fat": "7.0g", "Cholesterol": "136mg", "Sodium": "198mg", "Potassium": "723mg", "Total Carbohydrates": "65.2g", "Dietary Fiber": "3.5g", "Protein": "45.7g", "Sugars": "6g", "Vitamin A": "3664IU", "Vitamin C": "39mg", "Calcium": "78mg", "Iron": "5mg", "Thiamin": "1mg", "Niacin": "21mg", "Vitamin B6": "1mg", "Magnesium": "77mg", "Folate": "155mcg"}, "Nutrition": {"Calories": "739", "Total Fat": "29.7g", "Saturated Fat": "7.0g", "Cholesterol": "136mg", "Sodium": "198mg", "Potassium": "723mg", "Total Carbohydrates": "65.2g", "Dietary Fiber": "3.5g", "Protein": "45.7g", "Sugars": "6g", "Vitamin A": "3664IU", "Vitamin C": "39mg", "Calcium": "78mg", "Iron": "5mg", "Thiamin": "1mg", "Niacin": "21mg", "Vitamin B6": "1mg", "Magnesium": "77mg", "Folate": "155mcg"}, "Ingredients": ["10 ml vegetable oil, divided", "1 chicken thighs, skinned and patted dry", "1 chicken drumsticks with skin, patted dry", "salt and black pepper to taste", "1/4 bunch fresh cilantro, leaves picked from stems", "1 clove garlic, peeled and coarsely chopped", "1/8 aji (Peruvian) pepper, seeded and deveined", "3 ml Worcestershire sauce", "20 ml orange juice", "60 g uncooked white rice", "3/8 onions, chopped", "20 ml white wine", "140 ml chicken broth", "0.4 g freshly ground black pepper", "1/8 large carrot, peeled and diced", "1/8 bell pepper, any color, sliced into rings", "20 g frozen peas"]}, "143611/colombian-stewed-flank/": {"General": {"Title": "Colombian Stewed Flank", "Reference": "143611/colombian-stewed-flank/", "Popularity": "47", "Rating": "4.35135126113892", "Region": "south-american", "Calories": "236", "Total Fat": "15.6g", "Saturated Fat": "4.0g", "Cholesterol": "36mg", "Sodium": "770mg", "Potassium": "466mg", "Total Carbohydrates": "9.2g", "Dietary Fiber": "2.1g", "Protein": "15.4g", "Sugars": "5g", "Vitamin A": "659IU", "Vitamin C": "14mg", "Calcium": "45mg", "Iron": "3mg", "Thiamin": "0mg", "Niacin": "6mg", "Vitamin B6": "0mg", "Magnesium": "32mg", "Folate": "23mcg"}, "Nutrition": {"Calories": "236", "Total Fat": "15.6g", "Saturated Fat": "4.0g", "Cholesterol": "36mg", "Sodium": "770mg", "Potassium": "466mg", "Total Carbohydrates": "9.2g", "Dietary Fiber": "2.1g", "Protein": "15.4g", "Sugars": "5g", "Vitamin A": "659IU", "Vitamin C": "14mg", "Calcium": "45mg", "Iron": "3mg", "Thiamin": "0mg", "Niacin": "6mg", "Vitamin B6": "0mg", "Magnesium": "32mg", "Folate": "23mcg"}, "Ingredients": ["8 ml corn oil", "115 g flank steak", "1/4 large Spanish onion, thinly sliced", "1 large clove garlic, chopped", "1-1/4 Roma tomatoes, chopped", "0.8 g salt", "1 g black pepper, or to taste", "0.8 g ground cumin", "150 ml water", "1/2 cube beef bouillon, crumbled"]}, "142175/suspiro-limeno/": {"General": {"Title": "Suspiro Limeno", "Reference": "142175/suspiro-limeno/", "Popularity": "16", "Rating": "4.16666650772095", "Region": "south-american", "Calories": "401", "Total Fat": "11.9g", "Saturated Fat": "7.0g", "Cholesterol": "109mg", "Sodium": "171mg", "Potassium": "461mg", "Total Carbohydrates": "62.4g", "Dietary Fiber": "0.1g", "Protein": "11.6g", "Sugars": "62g", "Vitamin A": "401IU", "Vitamin C": "3mg", "Calcium": "359mg", "Iron": "0mg", "Thiamin": "0mg", "Niacin": "3mg", "Vitamin B6": "0mg", "Magnesium": "34mg", "Folate": "21mcg"}, "Nutrition": {"Calories": "401", "Total Fat": "11.9g", "Saturated Fat": "7.0g", "Cholesterol": "109mg", "Sodium": "171mg", "Potassium": "461mg", "Total Carbohydrates": "62.4g", "Dietary Fiber": "0.1g", "Protein": "11.6g", "Sugars": "62g", "Vitamin A": "401IU", "Vitamin C": "3mg", "Calcium": "359mg", "Iron": "0mg", "Thiamin": "0mg", "Niacin": "3mg", "Vitamin B6": "0mg", "Magnesium": "34mg", "Folate": "21mcg"}, "Ingredients": ["1/8 (14 ounce) can sweetened condensed milk", "1/8 (12 fluid ounce) can evaporated milk", "3 ml vanilla extract", "3/8 beaten egg yolks", "3/8 beaten egg white", "20 g confectioners' sugar", "0.1 g ground cinnamon (optional)"]}, "49552/quinoa-and-black-beans/": {"General": {"Title": "Quinoa and Black Beans", "Reference": "49552/quinoa-and-black-beans/", "Popularity": "7k", "Rating": "4.64422559738159", "Region": "south-american", "Calories": "153", "Total Fat": "1.7g", "Saturated Fat": "0.0g", "Cholesterol": "0mg", "Sodium": "517mg", "Potassium": "333mg", "Total Carbohydrates": "27.8g", "Dietary Fiber": "7.8g", "Protein": "7.7g", "Sugars": "2g", "Vitamin A": "362IU", "Vitamin C": "5mg", "Calcium": "41mg", "Iron": "2mg", "Thiamin": "0mg", "Niacin": "2mg", "Vitamin B6": "0mg", "Magnesium": "35mg", "Folate": "61mcg"}, "Nutrition": {"Calories": "153", "Total Fat": "1.7g", "Saturated Fat": "0.0g", "Cholesterol": "0mg", "Sodium": "517mg", "Potassium": "333mg", "Total Carbohydrates": "27.8g", "Dietary Fiber": "7.8g", "Protein": "7.7g", "Sugars": "2g", "Vitamin A": "362IU", "Vitamin C": "5mg", "Calcium": "41mg", "Iron": "2mg", "Thiamin": "0mg", "Niacin": "2mg", "Vitamin B6": "0mg", "Magnesium": "35mg", "Folate": "61mcg"}, "Ingredients": ["0.5 ml vegetable oil", "1/8 onion, chopped", "1/4 clove garlic, chopped", "15 g quinoa", "35 ml vegetable broth", "0.2 g ground cumin", "0 g cayenne pepper", "salt and ground black pepper to taste", "15 g frozen corn kernels", "1/4 (15 ounce) can black beans, rinsed and drained", "2 g chopped fresh cilantro"]}, "75811/moms-stovetop-pork-ribs/": {"General": {"Title": "Mom's Stovetop Pork Ribs", "Reference": "75811/moms-stovetop-pork-ribs/", "Popularity": "670", "Rating": "4.55403089523315", "Region": "south-american", "Calories": "461", "Total Fat": "32g", "Saturated Fat": "12.0g", "Cholesterol": "125mg", "Sodium": "1327mg", "Potassium": "710mg", "Total Carbohydrates": "10.7g", "Dietary Fiber": "3.4g", "Protein": "33.5g", "Sugars": "1g", "Vitamin A": "4031IU", "Vitamin C": "74mg", "Calcium": "157mg", "Iron": "6mg", "Thiamin": "0mg", "Niacin": "14mg", "Vitamin B6": "1mg", "Magnesium": "64mg", "Folate": "85mcg"}, "Nutrition": {"Calories": "461", "Total Fat": "32g", "Saturated Fat": "12.0g", "Cholesterol": "125mg", "Sodium": "1327mg", "Potassium": "710mg", "Total Carbohydrates": "10.7g", "Dietary Fiber": "3.4g", "Protein": "33.5g", "Sugars": "1g", "Vitamin A": "4031IU", "Vitamin C": "74mg", "Calcium": "157mg", "Iron": "6mg", "Thiamin": "0mg", "Niacin": "14mg", "Vitamin B6": "1mg", "Magnesium": "64mg", "Folate": "85mcg"}, "Ingredients": ["1-3/4 pork spareribs", "20 ml soy sauce", "1-3/4 cloves garlic, crushed", "0.5 g dried rosemary", "0.8 g dried oregano", "3/8 bay leaves", "1/8 lime, juiced", "1-3/4 sprigs fresh parsley", "ground black pepper to taste", "3/8 limes, cut into wedges"]}, "71808/brazilian-black-bean-stew/": {"General": {"Title": "Brazilian Black Bean Stew", "Reference": "71808/brazilian-black-bean-stew/", "Popularity": "508", "Rating": "4.65180444717407", "Region": "south-american", "Calories": "508", "Total Fat": "15g", "Saturated Fat": "5.0g", "Cholesterol": "31mg", "Sodium": "1538mg", "Potassium": "1476mg", "Total Carbohydrates": "70.7g", "Dietary Fiber": "17.8g", "Protein": "22.8g", "Sugars": "17g", "Vitamin A": "23932IU", "Vitamin C": "91mg", "Calcium": "162mg", "Iron": "8mg", "Thiamin": "1mg", "Niacin": "9mg", "Vitamin B6": "1mg", "Magnesium": "109mg", "Folate": "134mcg"}, "Nutrition": {"Calories": "508", "Total Fat": "15g", "Saturated Fat": "5.0g", "Cholesterol": "31mg", "Sodium": "1538mg", "Potassium": "1476mg", "Total Carbohydrates": "70.7g", "Dietary Fiber": "17.8g", "Protein": "22.8g", "Sugars": "17g", "Vitamin A": "23932IU", "Vitamin C": "91mg", "Calcium": "162mg", "Iron": "8mg", "Thiamin": "1mg", "Niacin": "9mg", "Vitamin B6": "1mg", "Magnesium": "109mg", "Folate": "134mcg"}, "Ingredients": ["3 ml canola oil", "20 g chorizo sausage, chopped", "25 g cooked ham, chopped", "1/8 medium onion, chopped", "3/8 clove garlic, minced", "3/8 (1 pound) sweet potatoes, peeled and diced", "1/8 large red bell pepper, diced", "3/8 (14.5 ounce) can diced tomatoes with juice", "1/8 small hot green chile pepper, diced", "60 ml water", "3/8 (16 ounce) can black beans, rinsed and drained", "1/8 mango - peeled, seeded and diced", "2 g chopped fresh cilantro", "0.2 g salt"]}, "54083/brazilian-lemonade/": {"General": {"Title": "Brazilian Lemonade", "Reference": "54083/brazilian-lemonade/", "Popularity": "442", "Rating": "4.71250009536743", "Region": "south-american", "Calories": "152", "Total Fat": "1.3g", "Saturated Fat": "1.0g", "Cholesterol": "5mg", "Sodium": "28mg", "Potassium": "90mg", "Total Carbohydrates": "36.2g", "Dietary Fiber": "0.9g", "Protein": "1.4g", "Sugars": "33g", "Vitamin A": "55IU", "Vitamin C": "10mg", "Calcium": "61mg", "Iron": "0mg", "Thiamin": "0mg", "Niacin": "0mg", "Vitamin B6": "0mg", "Magnesium": "9mg", "Folate": "4mcg"}, "Nutrition": {"Calories": "152", "Total Fat": "1.3g", "Saturated Fat": "1.0g", "Cholesterol": "5mg", "Sodium": "28mg", "Potassium": "90mg", "Total Carbohydrates": "36.2g", "Dietary Fiber": "0.9g", "Protein": "1.4g", "Sugars": "33g", "Vitamin A": "55IU", "Vitamin C": "10mg", "Calcium": "61mg", "Iron": "0mg", "Thiamin": "0mg", "Niacin": "0mg", "Vitamin B6": "0mg", "Magnesium": "9mg", "Folate": "4mcg"}, "Ingredients": ["1/2 limes", "25 g sugar", "10 ml sweetened condensed milk", "180 ml water", "ice"]}, "144308/brazilian-white-rice/": {"General": {"Title": "Brazilian White Rice", "Reference": "144308/brazilian-white-rice/", "Popularity": "418", "Rating": "4.40749979019165", "Region": "south-american", "Calories": "201", "Total Fat": "3.7g", "Saturated Fat": "1.0g", "Cholesterol": "0mg", "Sodium": "297mg", "Potassium": "61mg", "Total Carbohydrates": "37.5g", "Dietary Fiber": "0.7g", "Protein": "3.4g", "Sugars": "0g", "Vitamin A": "0IU", "Vitamin C": "0mg", "Calcium": "19mg", "Iron": "2mg", "Thiamin": "0mg", "Niacin": "3mg", "Vitamin B6": "0mg", "Magnesium": "13mg", "Folate": "107mcg"}, "Nutrition": {"Calories": "201", "Total Fat": "3.7g", "Saturated Fat": "1.0g", "Cholesterol": "0mg", "Sodium": "297mg", "Potassium": "61mg", "Total Carbohydrates": "37.5g", "Dietary Fiber": "0.7g", "Protein": "3.4g", "Sugars": "0g", "Vitamin A": "0IU", "Vitamin C": "0mg", "Calcium": "19mg", "Iron": "2mg", "Thiamin": "0mg", "Niacin": "3mg", "Vitamin B6": "0mg", "Magnesium": "13mg", "Folate": "107mcg"}, "Ingredients": ["45 g long-grain white rice", "3 g minced onion", "1/4 clove garlic, minced", "4 ml vegetable oil", "0.8 g salt", "120 ml hot water"]}, "190412/brazilian-fish-stew/": {"General": {"Title": "Brazilian Fish Stew", "Reference": "190412/brazilian-fish-stew/", "Popularity": "439", "Rating": "4.40054512023926", "Region": "south-american", "Calories": "359", "Total Fat": "21.8g", "Saturated Fat": "14.0g", "Cholesterol": "42mg", "Sodium": "600mg", "Potassium": "1079mg", "Total Carbohydrates": "15.6g", "Dietary Fiber": "4.8g", "Protein": "27.4g", "Sugars": "6g", "Vitamin A": "2394IU", "Vitamin C": "105mg", "Calcium": "116mg", "Iron": "6mg", "Thiamin": "0mg", "Niacin": "7mg", "Vitamin B6": "1mg", "Magnesium": "93mg", "Folate": "41mcg"}, "Nutrition": {"Calories": "359", "Total Fat": "21.8g", "Saturated Fat": "14.0g", "Cholesterol": "42mg", "Sodium": "600mg", "Potassium": "1079mg", "Total Carbohydrates": "15.6g", "Dietary Fiber": "4.8g", "Protein": "27.4g", "Sugars": "6g", "Vitamin A": "2394IU", "Vitamin C": "105mg", "Calcium": "116mg", "Iron": "6mg", "Thiamin": "0mg", "Niacin": "7mg", "Vitamin B6": "1mg", "Magnesium": "93mg", "Folate": "41mcg"}, "Ingredients": ["8 ml lime juice", "1 g ground cumin", "1 g paprika", "0.9 g minced garlic", "1 g salt", "0.4 g ground black pepper", "115 g tilapia fillets, cut into chunks", "5 ml olive oil", "3/8 onions, chopped", "5/8 large bell peppers, sliced", "1/8 (16 ounce) can diced tomatoes, drained", "1/8 (16 ounce) can coconut milk", "1/8 bunch fresh cilantro, chopped (optional)"]}, "24052/brigadeiro/": {"General": {"Title": "Brigadeiro", "Reference": "24052/brigadeiro/", "Popularity": "482", "Rating": "4.3641791343689", "Region": "south-american", "Calories": "70", "Total Fat": "2.4g", "Saturated Fat": "2.0g", "Cholesterol": "8mg", "Sodium": "29mg", "Potassium": "85mg", "Total Carbohydrates": "11.1g", "Dietary Fiber": "0.3g", "Protein": "1.7g", "Sugars": "11g", "Vitamin A": "70IU", "Vitamin C": "1mg", "Calcium": "57mg", "Iron": "0mg", "Thiamin": "0mg", "Niacin": "0mg", "Vitamin B6": "0mg", "Magnesium": "9mg", "Folate": "2mcg"}, "Nutrition": {"Calories": "70", "Total Fat": "2.4g", "Saturated Fat": "2.0g", "Cholesterol": "8mg", "Sodium": "29mg", "Potassium": "85mg", "Total Carbohydrates": "11.1g", "Dietary Fiber": "0.3g", "Protein": "1.7g", "Sugars": "11g", "Vitamin A": "70IU", "Vitamin C": "1mg", "Calcium": "57mg", "Iron": "0mg", "Thiamin": "0mg", "Niacin": "0mg", "Vitamin B6": "0mg", "Magnesium": "9mg", "Folate": "2mcg"}, "Ingredients": ["0.8 g unsweetened cocoa", "0.7 g butter", "1/8 (14 ounce) can sweetened condensed milk"]}, "98554/brazilian-cheese-bread-pao-de-queijo/": {"General": {"Title": "Brazilian Cheese Bread (Pao de Queijo)", "Reference": "98554/brazilian-cheese-bread-pao-de-queijo/", "Popularity": "557", "Rating": "4.37599992752075", "Region": "south-american", "Calories": "385", "Total Fat": "22.6g", "Saturated Fat": "5.0g", "Cholesterol": "71mg", "Sodium": "555mg", "Potassium": "67mg", "Total Carbohydrates": "39.9g", "Dietary Fiber": "0g", "Protein": "6.3g", "Sugars": "1g", "Vitamin A": "146IU", "Vitamin C": "0mg", "Calcium": "131mg", "Iron": "1mg", "Thiamin": "0mg", "Niacin": "1mg", "Vitamin B6": "0mg", "Magnesium": "9mg", "Folate": "9mcg"}, "Nutrition": {"Calories": "385", "Total Fat": "22.6g", "Saturated Fat": "5.0g", "Cholesterol": "71mg", "Sodium": "555mg", "Potassium": "67mg", "Total Carbohydrates": "39.9g", "Dietary Fiber": "0g", "Protein": "6.3g", "Sugars": "1g", "Vitamin A": "146IU", "Vitamin C": "0mg", "Calcium": "131mg", "Iron": "1mg", "Thiamin": "0mg", "Niacin": "1mg", "Vitamin B6": "0mg", "Magnesium": "9mg", "Folate": "9mcg"}, "Ingredients": ["20 ml olive oil or butter", "15 ml water", "15 ml milk or soy milk", "1 g salt", "45 g tapioca flour", "0.9 g minced garlic", "9 g freshly grated Parmesan cheese", "3/8 beaten eggs"]}, "68003/chimichurri-sauce/": {"General": {"Title": "Chimichurri Sauce", "Reference": "68003/chimichurri-sauce/", "Popularity": "317", "Rating": "4.54460096359253", "Region": "south-american", "Calories": "133", "Total Fat": "14.2g", "Saturated Fat": "2.0g", "Cholesterol": "0mg", "Sodium": "201mg", "Potassium": "53mg", "Total Carbohydrates": "1.3g", "Dietary Fiber": "0.5g", "Protein": "0.3g", "Sugars": "0g", "Vitamin A": "487IU", "Vitamin C": "7mg", "Calcium": "23mg", "Iron": "1mg", "Thiamin": "0mg", "Niacin": "0mg", "Vitamin B6": "0mg", "Magnesium": "6mg", "Folate": "10mcg"}, "Nutrition": {"Calories": "133", "Total Fat": "14.2g", "Saturated Fat": "2.0g", "Cholesterol": "0mg", "Sodium": "201mg", "Potassium": "53mg", "Total Carbohydrates": "1.3g", "Dietary Fiber": "0.5g", "Protein": "0.3g", "Sugars": "0g", "Vitamin A": "487IU", "Vitamin C": "7mg", "Calcium": "23mg", "Iron": "1mg", "Thiamin": "0mg", "Niacin": "0mg", "Vitamin B6": "0mg", "Magnesium": "6mg", "Folate": "10mcg"}, "Ingredients": ["5 g fresh parsley", "15 ml extra virgin olive oil", "4 ml red wine vinegar", "0.8 g dried oregano", "0.4 g ground cumin", "0.5 g salt", "0.3 g minced garlic", "0.6 ml pepper sauce (such as Frank's Red Hot(R))"]}, "71805/fried-empanadas/": {"General": {"Title": "Fried Empanadas", "Reference": "71805/fried-empanadas/", "Popularity": "230", "Rating": "4.5144510269165", "Region": "south-american", "Calories": "528", "Total Fat": "46.2g", "Saturated Fat": "7.0g", "Cholesterol": "33mg", "Sodium": "169mg", "Potassium": "138mg", "Total Carbohydrates": "21.4g", "Dietary Fiber": "1.1g", "Protein": "8g", "Sugars": "2g", "Vitamin A": "324IU", "Vitamin C": "1mg", "Calcium": "14mg", "Iron": "2mg", "Thiamin": "0mg", "Niacin": "4mg", "Vitamin B6": "0mg", "Magnesium": "13mg", "Folate": "48mcg"}, "Nutrition": {"Calories": "528", "Total Fat": "46.2g", "Saturated Fat": "7.0g", "Cholesterol": "33mg", "Sodium": "169mg", "Potassium": "138mg", "Total Carbohydrates": "21.4g", "Dietary Fiber": "1.1g", "Protein": "8g", "Sugars": "2g", "Vitamin A": "324IU", "Vitamin C": "1mg", "Calcium": "14mg", "Iron": "2mg", "Thiamin": "0mg", "Niacin": "4mg", "Vitamin B6": "0mg", "Magnesium": "13mg", "Folate": "48mcg"}, "Ingredients": ["25 g all-purpose flour", "0.4 g salt", "4 g shortening", "10 ml water, or as needed", "1 ml olive oil", "1/8 small onion, chopped", "30 g ground beef", "1/8 pinch salt", "0.6 g paprika", "0.2 g cumin", "0 g ground black pepper", "3 g raisins", "0.6 ml white vinegar", "1/8 hard-cooked eggs, peeled and chopped", "40 ml oil for frying, or as needed"]}, "19587/quinoa-pudding/": {"General": {"Title": "Quinoa Pudding", "Reference": "19587/quinoa-pudding/", "Popularity": "200", "Rating": "3.90532541275024", "Region": "south-american", "Calories": "202", "Total Fat": "1.9g", "Saturated Fat": "0.0g", "Cholesterol": "0mg", "Sodium": "8mg", "Potassium": "345mg", "Total Carbohydrates": "42.6g", "Dietary Fiber": "2.7g", "Protein": "4.4g", "Sugars": "9g", "Vitamin A": "8IU", "Vitamin C": "3mg", "Calcium": "31mg", "Iron": "2mg", "Thiamin": "0mg", "Niacin": "1mg", "Vitamin B6": "0mg", "Magnesium": "64mg", "Folate": "53mcg"}, "Nutrition": {"Calories": "202", "Total Fat": "1.9g", "Saturated Fat": "0.0g", "Cholesterol": "0mg", "Sodium": "8mg", "Potassium": "345mg", "Total Carbohydrates": "42.6g", "Dietary Fiber": "2.7g", "Protein": "4.4g", "Sugars": "9g", "Vitamin A": "8IU", "Vitamin C": "3mg", "Calcium": "31mg", "Iron": "2mg", "Thiamin": "0mg", "Niacin": "1mg", "Vitamin B6": "0mg", "Magnesium": "64mg", "Folate": "53mcg"}, "Ingredients": ["30 g quinoa", "80 ml water", "80 ml apple juice", "25 g raisins", "5 ml lemon juice", "0.4 g ground cinnamon, or to taste", "salt to taste", "2 ml vanilla extract"]}}