{"206115/southern-spain-style-gazpacho/": {"General": {"Title": "Southern Spain-Style Gazpacho", "Reference": "206115/southern-spain-style-gazpacho/", "Popularity": "45", "Rating": "4.39285707473755", "Region": "spanish", "Calories": "329", "Total Fat": "28.3g", "Saturated Fat": "4.0g", "Cholesterol": "0mg", "Sodium": "830mg", "Potassium": "624mg", "Total Carbohydrates": "18.2g", "Dietary Fiber": "3.6g", "Protein": "3.5g", "Sugars": "7g", "Vitamin A": "1971IU", "Vitamin C": "47mg", "Calcium": "53mg", "Iron": "1mg", "Thiamin": "0mg", "Niacin": "3mg", "Vitamin B6": "0mg", "Magnesium": "33mg", "Folate": "55mcg"}, "Nutrition": {"Calories": "329", "Total Fat": "28.3g", "Saturated Fat": "4.0g", "Cholesterol": "0mg", "Sodium": "830mg", "Potassium": "624mg", "Total Carbohydrates": "18.2g", "Dietary Fiber": "3.6g", "Protein": "3.5g", "Sugars": "7g", "Vitamin A": "1971IU", "Vitamin C": "47mg", "Calcium": "53mg", "Iron": "1mg", "Thiamin": "0mg", "Niacin": "3mg", "Vitamin B6": "0mg", "Magnesium": "33mg", "Folate": "55mcg"}, "Ingredients": ["1/4 green bell pepper, seeded", "1/8 cucumber, peeled and sliced", "1/2 clove garlic, chopped", "30 ml olive oil", "1/2 day-old crusty bread rolls, cut into thick slices", "1-1/2 tomatoes, peeled and quartered", "2 g kosher salt", "1/4 pinch cayenne pepper", "0.6 ml balsamic vinegar", "0.3 ml olive oil"]}, "213226/tortilla-espanola/": {"General": {"Title": "Tortilla Espanola", "Reference": "213226/tortilla-espanola/", "Popularity": "77", "Rating": "4.44999980926514", "Region": "spanish", "Calories": "340", "Total Fat": "15.7g", "Saturated Fat": "4.0g", "Cholesterol": "279mg", "Sodium": "126mg", "Potassium": "1018mg", "Total Carbohydrates": "37.3g", "Dietary Fiber": "5.2g", "Protein": "14g", "Sugars": "4g", "Vitamin A": "1713IU", "Vitamin C": "59mg", "Calcium": "92mg", "Iron": "4mg", "Thiamin": "0mg", "Niacin": "5mg", "Vitamin B6": "1mg", "Magnesium": "63mg", "Folate": "95mcg"}, "Nutrition": {"Calories": "340", "Total Fat": "15.7g", "Saturated Fat": "4.0g", "Cholesterol": "279mg", "Sodium": "126mg", "Potassium": "1018mg", "Total Carbohydrates": "37.3g", "Dietary Fiber": "5.2g", "Protein": "14g", "Sugars": "4g", "Vitamin A": "1713IU", "Vitamin C": "59mg", "Calcium": "92mg", "Iron": "4mg", "Thiamin": "0mg", "Niacin": "5mg", "Vitamin B6": "1mg", "Magnesium": "63mg", "Folate": "95mcg"}, "Ingredients": ["4 ml olive oil, or more if needed", "1/2 large potatoes, peeled and thinly sliced", "salt and pepper to taste", "0.1 g smoked paprika, or to taste", "1/4 sweet Spanish onion, thinly sliced", "1-1/2 eggs", "1 ml olive oil", "1/4 bunch fresh parsley, coarsely chopped", "4 ml olive oil"]}, "73337/authentic-paella-valenciana/": {"General": {"Title": "Authentic Paella Valenciana", "Reference": "73337/authentic-paella-valenciana/", "Popularity": "59", "Rating": "4.07499980926514", "Region": "spanish", "Calories": "783", "Total Fat": "31.3g", "Saturated Fat": "9.0g", "Cholesterol": "82mg", "Sodium": "328mg", "Potassium": "401mg", "Total Carbohydrates": "87.3g", "Dietary Fiber": "4.5g", "Protein": "34.2g", "Sugars": "2g", "Vitamin A": "759IU", "Vitamin C": "8mg", "Calcium": "85mg", "Iron": "7mg", "Thiamin": "1mg", "Niacin": "16mg", "Vitamin B6": "1mg", "Magnesium": "48mg", "Folate": "230mcg"}, "Nutrition": {"Calories": "783", "Total Fat": "31.3g", "Saturated Fat": "9.0g", "Cholesterol": "82mg", "Sodium": "328mg", "Potassium": "401mg", "Total Carbohydrates": "87.3g", "Dietary Fiber": "4.5g", "Protein": "34.2g", "Sugars": "2g", "Vitamin A": "759IU", "Vitamin C": "8mg", "Calcium": "85mg", "Iron": "7mg", "Thiamin": "1mg", "Niacin": "16mg", "Vitamin B6": "1mg", "Magnesium": "48mg", "Folate": "230mcg"}, "Ingredients": ["2 ml olive oil", "1/8 (4 pound) whole chicken, cut into 6 pieces", "1/8 (2 pound) rabbit, cleaned and cut into pieces", "1/8 head garlic, cloves separated and peeled", "1/8 tomato, finely chopped", "1/8 (15.5 ounce) can butter beans", "1/8 (10 ounce) package frozen green peas", "1/8 (10 ounce) package frozen green beans", "salt to taste", "0.3 g mild paprika, or to taste", "1/8 pinch saffron threads", "dried thyme to taste (optional)", "dried rosemary to taste (optional)", "90 g uncooked white rice, or as needed"]}, "230569/chef-johns-patatas-bravas/": {"General": {"Title": "Chef John's Patatas Bravas", "Reference": "230569/chef-johns-patatas-bravas/", "Popularity": "89", "Rating": "4.59183692932129", "Region": "spanish", "Calories": "678", "Total Fat": "55.3g", "Saturated Fat": "8.0g", "Cholesterol": "21mg", "Sodium": "3885mg", "Potassium": "1039mg", "Total Carbohydrates": "43.3g", "Dietary Fiber": "5.8g", "Protein": "5.6g", "Sugars": "3g", "Vitamin A": "962IU", "Vitamin C": "47mg", "Calcium": "60mg", "Iron": "3mg", "Thiamin": "0mg", "Niacin": "4mg", "Vitamin B6": "1mg", "Magnesium": "64mg", "Folate": "41mcg"}, "Nutrition": {"Calories": "678", "Total Fat": "55.3g", "Saturated Fat": "8.0g", "Cholesterol": "21mg", "Sodium": "3885mg", "Potassium": "1039mg", "Total Carbohydrates": "43.3g", "Dietary Fiber": "5.8g", "Protein": "5.6g", "Sugars": "3g", "Vitamin A": "962IU", "Vitamin C": "47mg", "Calcium": "60mg", "Iron": "3mg", "Thiamin": "0mg", "Niacin": "4mg", "Vitamin B6": "1mg", "Magnesium": "64mg", "Folate": "41mcg"}, "Ingredients": ["Dipping Sauce:", "1/4 clove garlic, minced, or more to taste", "0.3 g smoked paprika", "1/4 pinch salt", "60 ml mayonnaise", "4 ml sherry vinegar, or more to taste", "1 g tomato paste", "0.2 g ground chipotle peppers", "1/4 pinch cayenne pepper, or more to taste", "Spice Blend:", "5 g salt", "0.3 g ground black pepper", "0.3 g paprika", "0.3 g ground chipotle peppers", "470 ml cold water", "5 g salt", "0.6 g smoked paprika", "0.5 g ground cumin", "1/2 bay leaves", "225 g russet potatoes, peeled and cut into 1-inch cubes", "120 ml vegetable oil for frying"]}, "223054/pontevedra-style-spanish-chicken/": {"General": {"Title": "Pontevedra-Style Spanish Chicken", "Reference": "223054/pontevedra-style-spanish-chicken/", "Popularity": "39", "Rating": "4.53333330154419", "Region": "spanish", "Calories": "1042", "Total Fat": "97.4g", "Saturated Fat": "22.0g", "Cholesterol": "154mg", "Sodium": "223mg", "Potassium": "460mg", "Total Carbohydrates": "5.6g", "Dietary Fiber": "1.1g", "Protein": "38.4g", "Sugars": "0g", "Vitamin A": "3305IU", "Vitamin C": "6mg", "Calcium": "49mg", "Iron": "3mg", "Thiamin": "0mg", "Niacin": "20mg", "Vitamin B6": "1mg", "Magnesium": "43mg", "Folate": "13mcg"}, "Nutrition": {"Calories": "1042", "Total Fat": "97.4g", "Saturated Fat": "22.0g", "Cholesterol": "154mg", "Sodium": "223mg", "Potassium": "460mg", "Total Carbohydrates": "5.6g", "Dietary Fiber": "1.1g", "Protein": "38.4g", "Sugars": "0g", "Vitamin A": "3305IU", "Vitamin C": "6mg", "Calcium": "49mg", "Iron": "3mg", "Thiamin": "0mg", "Niacin": "20mg", "Vitamin B6": "1mg", "Magnesium": "43mg", "Folate": "13mcg"}, "Ingredients": ["1/8 (3 to 3 1/2 pound) whole chicken, cut into pieces", "80 ml olive oil", "20 g butter, melted", "1/8 head roasted garlic, minced", "5 g sweet Pimenton de la Vera (Spanish smoked paprika)", "salt and freshly ground black pepper to taste"]}, "229484/spanish-style-albondigas-in-a-sunny-mediterranean-sauce/": {"General": {"Title": "Spanish Style Albondigas in a Sunny Mediterranean Sauce", "Reference": "229484/spanish-style-albondigas-in-a-sunny-mediterranean-sauce/", "Popularity": "9", "Rating": "4.44444465637207", "Region": "spanish", "Calories": "615", "Total Fat": "40.1g", "Saturated Fat": "11.0g", "Cholesterol": "87mg", "Sodium": "760mg", "Potassium": "874mg", "Total Carbohydrates": "26.4g", "Dietary Fiber": "3.8g", "Protein": "26.4g", "Sugars": "8g", "Vitamin A": "1327IU", "Vitamin C": "30mg", "Calcium": "159mg", "Iron": "6mg", "Thiamin": "0mg", "Niacin": "13mg", "Vitamin B6": "1mg", "Magnesium": "63mg", "Folate": "62mcg"}, "Nutrition": {"Calories": "615", "Total Fat": "40.1g", "Saturated Fat": "11.0g", "Cholesterol": "87mg", "Sodium": "760mg", "Potassium": "874mg", "Total Carbohydrates": "26.4g", "Dietary Fiber": "3.8g", "Protein": "26.4g", "Sugars": "8g", "Vitamin A": "1327IU", "Vitamin C": "30mg", "Calcium": "159mg", "Iron": "6mg", "Thiamin": "0mg", "Niacin": "13mg", "Vitamin B6": "1mg", "Magnesium": "63mg", "Folate": "62mcg"}, "Ingredients": ["75 g ground beef", "40 g ground pork", "3 g minced green onion", "3 g minced fresh oregano", "0.9 g minced fresh flat-leaf parsley", "1/4 clove garlic, minced", "1/2 dash Worcestershire sauce, or to taste", "salt and ground black pepper to taste", "25 g fresh white bread crumbs", "8 ml extra-virgin olive oil", "25 g pancetta, chopped", "8 g minced onion", "1/4 clove garlic, minced", "4 g minced carrot", "4 g minced celery", "5 g minced red bell pepper", "0.3 g dried basil", "0.6 g dried oregano", "0.1 g ground coriander", "1/2 grind ground black pepper", "60 ml white wine", "8 g tomato puree", "1/4 (28 ounce) can Italian plum tomatoes, chopped", "8 ml extra-virgin olive oil, or as needed"]}, "217274/broiled-spanish-mackerel/": {"General": {"Title": "Broiled Spanish Mackerel", "Reference": "217274/broiled-spanish-mackerel/", "Popularity": "41", "Rating": "4.66666650772095", "Region": "spanish", "Calories": "259", "Total Fat": "20.9g", "Saturated Fat": "4.0g", "Cholesterol": "50mg", "Sodium": "56mg", "Potassium": "310mg", "Total Carbohydrates": "3g", "Dietary Fiber": "1.3g", "Protein": "16.2g", "Sugars": "0g", "Vitamin A": "228IU", "Vitamin C": "21mg", "Calcium": "27mg", "Iron": "1mg", "Thiamin": "0mg", "Niacin": "8mg", "Vitamin B6": "0mg", "Magnesium": "68mg", "Folate": "3mcg"}, "Nutrition": {"Calories": "259", "Total Fat": "20.9g", "Saturated Fat": "4.0g", "Cholesterol": "50mg", "Sodium": "56mg", "Potassium": "310mg", "Total Carbohydrates": "3g", "Dietary Fiber": "1.3g", "Protein": "16.2g", "Sugars": "0g", "Vitamin A": "228IU", "Vitamin C": "21mg", "Calcium": "27mg", "Iron": "1mg", "Thiamin": "0mg", "Niacin": "8mg", "Vitamin B6": "0mg", "Magnesium": "68mg", "Folate": "3mcg"}, "Ingredients": ["1 (3 ounce) fillet Spanish mackerel fillets", "10 ml olive oil", "0.2 g paprika", "salt and ground black pepper to taste", "2 slices lemon"]}, "246337/papas-alins-or-patatas-alinadas-andalusian-potatoes/": {"General": {"Title": "Papas Alins or Patatas Alinadas (Andalusian Potatoes)", "Reference": "246337/papas-alins-or-patatas-alinadas-andalusian-potatoes/", "Popularity": "2", "Rating": "4", "Region": "spanish", "Calories": "262", "Total Fat": "9.6g", "Saturated Fat": "1.0g", "Cholesterol": "0mg", "Sodium": "396mg", "Potassium": "697mg", "Total Carbohydrates": "36.6g", "Dietary Fiber": "3.8g", "Protein": "3.3g", "Sugars": "2g", "Vitamin A": "458IU", "Vitamin C": "34mg", "Calcium": "33mg", "Iron": "2mg", "Thiamin": "0mg", "Niacin": "3mg", "Vitamin B6": "0mg", "Magnesium": "37mg", "Folate": "33mcg"}, "Nutrition": {"Calories": "262", "Total Fat": "9.6g", "Saturated Fat": "1.0g", "Cholesterol": "0mg", "Sodium": "396mg", "Potassium": "697mg", "Total Carbohydrates": "36.6g", "Dietary Fiber": "3.8g", "Protein": "3.3g", "Sugars": "2g", "Vitamin A": "458IU", "Vitamin C": "34mg", "Calcium": "33mg", "Iron": "2mg", "Thiamin": "0mg", "Niacin": "3mg", "Vitamin B6": "0mg", "Magnesium": "37mg", "Folate": "33mcg"}, "Ingredients": ["10 ml extra-virgin olive oil", "1/8 yellow onion, thinly sliced", "1/8 clove garlic, minced", "60 ml dry sherry", "1/8 bay leaf", "5/8 potatoes, peeled and sliced 1/2-inch thick", "4 g chopped green onions", "3 g minced fresh parsley", "0.4 g paprika", "salt and ground black pepper to taste"]}, "76693/spanish-cod/": {"General": {"Title": "Spanish Cod", "Reference": "76693/spanish-cod/", "Popularity": "212", "Rating": "4.49079751968384", "Region": "spanish", "Calories": "170", "Total Fat": "6.6g", "Saturated Fat": "2.0g", "Cholesterol": "46mg", "Sodium": "597mg", "Potassium": "659mg", "Total Carbohydrates": "6.5g", "Dietary Fiber": "1.6g", "Protein": "21.3g", "Sugars": "2g", "Vitamin A": "1038IU", "Vitamin C": "17mg", "Calcium": "32mg", "Iron": "1mg", "Thiamin": "0mg", "Niacin": "7mg", "Vitamin B6": "0mg", "Magnesium": "41mg", "Folate": "19mcg"}, "Nutrition": {"Calories": "170", "Total Fat": "6.6g", "Saturated Fat": "2.0g", "Cholesterol": "46mg", "Sodium": "597mg", "Potassium": "659mg", "Total Carbohydrates": "6.5g", "Dietary Fiber": "1.6g", "Protein": "21.3g", "Sugars": "2g", "Vitamin A": "1038IU", "Vitamin C": "17mg", "Calcium": "32mg", "Iron": "1mg", "Thiamin": "0mg", "Niacin": "7mg", "Vitamin B6": "0mg", "Magnesium": "41mg", "Folate": "19mcg"}, "Ingredients": ["2 g butter", "3 ml olive oil", "7 g finely chopped onion", "3 g chopped fresh garlic", "40 ml tomato sauce", "2-1/2 cherry tomatoes, halved", "10 g chopped green olives", "7 g deli marinated Italian vegetable salad, drained and coarsely chopped", "1/8 dash black pepper", "1/8 dash cayenne pepper", "1/8 dash paprika", "1 (4 ounce) fillet cod fillets"]}, "20979/spanish-flan/": {"General": {"Title": "Spanish Flan ", "Reference": "20979/spanish-flan/", "Popularity": "1k", "Rating": "4.39197540283203", "Region": "spanish", "Calories": "349", "Total Fat": "9.7g", "Saturated Fat": "5.0g", "Cholesterol": "100mg", "Sodium": "139mg", "Potassium": "353mg", "Total Carbohydrates": "56.7g", "Dietary Fiber": "0g", "Protein": "9.5g", "Sugars": "57g", "Vitamin A": "332IU", "Vitamin C": "2mg", "Calcium": "273mg", "Iron": "1mg", "Thiamin": "0mg", "Niacin": "2mg", "Vitamin B6": "0mg", "Magnesium": "27mg", "Folate": "18mcg"}, "Nutrition": {"Calories": "349", "Total Fat": "9.7g", "Saturated Fat": "5.0g", "Cholesterol": "100mg", "Sodium": "139mg", "Potassium": "353mg", "Total Carbohydrates": "56.7g", "Dietary Fiber": "0g", "Protein": "9.5g", "Sugars": "57g", "Vitamin A": "332IU", "Vitamin C": "2mg", "Calcium": "273mg", "Iron": "1mg", "Thiamin": "0mg", "Niacin": "2mg", "Vitamin B6": "0mg", "Magnesium": "27mg", "Folate": "18mcg"}, "Ingredients": ["25 g white sugar", "3/8 eggs", "1/8 (14 ounce) can sweetened condensed milk", "1/8 (12 fluid ounce) can evaporated milk", "2 ml vanilla extract"]}, "84137/easy-paella/": {"General": {"Title": "Easy Paella", "Reference": "84137/easy-paella/", "Popularity": "950", "Rating": "4.61142873764038", "Region": "spanish", "Calories": "736", "Total Fat": "35.1g", "Saturated Fat": "10.0g", "Cholesterol": "202mg", "Sodium": "1204mg", "Potassium": "778mg", "Total Carbohydrates": "45.7g", "Dietary Fiber": "2.9g", "Protein": "55.7g", "Sugars": "2g", "Vitamin A": "1544IU", "Vitamin C": "31mg", "Calcium": "73mg", "Iron": "6mg", "Thiamin": "1mg", "Niacin": "28mg", "Vitamin B6": "1mg", "Magnesium": "84mg", "Folate": "141mcg"}, "Nutrition": {"Calories": "736", "Total Fat": "35.1g", "Saturated Fat": "10.0g", "Cholesterol": "202mg", "Sodium": "1204mg", "Potassium": "778mg", "Total Carbohydrates": "45.7g", "Dietary Fiber": "2.9g", "Protein": "55.7g", "Sugars": "2g", "Vitamin A": "1544IU", "Vitamin C": "31mg", "Calcium": "73mg", "Iron": "6mg", "Thiamin": "1mg", "Niacin": "28mg", "Vitamin B6": "1mg", "Magnesium": "84mg", "Folate": "141mcg"}, "Ingredients": ["4 ml olive oil", "0.9 g paprika", "0.4 g dried oregano", "salt and black pepper to taste", "115 g skinless, boneless chicken breasts, cut into 2 inch pieces", "4 ml olive oil, divided", "3/8 clove garlic, crushed", "0.4 g crushed red pepper flakes", "50 g uncooked short-grain white rice", "1/8 pinch saffron threads", "1/8 bay leaf", "1/8 bunch Italian flat leaf parsley, chopped", "120 ml chicken stock", "1/4 lemons, zested", "4 ml olive oil", "1/8 Spanish onion, chopped", "1/8 red bell pepper, coarsely chopped", "55 g chorizo sausage, casings removed and crumbled", "55 g shrimp, peeled and deveined"]}, "10685/empanadas/": {"General": {"Title": "Empanadas", "Reference": "10685/empanadas/", "Popularity": "566", "Rating": "4.5701150894165", "Region": "spanish", "Calories": "226", "Total Fat": "10.3g", "Saturated Fat": "6.0g", "Cholesterol": "28mg", "Sodium": "84mg", "Potassium": "43mg", "Total Carbohydrates": "32.1g", "Dietary Fiber": "0.7g", "Protein": "1.8g", "Sugars": "18g", "Vitamin A": "335IU", "Vitamin C": "2mg", "Calcium": "17mg", "Iron": "1mg", "Thiamin": "0mg", "Niacin": "1mg", "Vitamin B6": "0mg", "Magnesium": "4mg", "Folate": "29mcg"}, "Nutrition": {"Calories": "226", "Total Fat": "10.3g", "Saturated Fat": "6.0g", "Cholesterol": "28mg", "Sodium": "84mg", "Potassium": "43mg", "Total Carbohydrates": "32.1g", "Dietary Fiber": "0.7g", "Protein": "1.8g", "Sugars": "18g", "Vitamin A": "335IU", "Vitamin C": "2mg", "Calcium": "17mg", "Iron": "1mg", "Thiamin": "0mg", "Niacin": "1mg", "Vitamin B6": "0mg", "Magnesium": "4mg", "Folate": "29mcg"}, "Ingredients": ["9 g butter, softened", "1/8 (3 ounce) package cream cheese", "10 g sifted all-purpose flour", "25 g fruit preserves", "6 g white sugar", "0.2 g ground cinnamon"]}, "161535/espinacas-con-garbanzos-spinach-with-garbanzo-beans/": {"General": {"Title": "Espinacas con Garbanzos (Spinach with Garbanzo Beans)", "Reference": "161535/espinacas-con-garbanzos-spinach-with-garbanzo-beans/", "Popularity": "449", "Rating": "4.43939399719238", "Region": "spanish", "Calories": "169", "Total Fat": "4.9g", "Saturated Fat": "1.0g", "Cholesterol": "0mg", "Sodium": "600mg", "Potassium": "450mg", "Total Carbohydrates": "26g", "Dietary Fiber": "6.4g", "Protein": "7.3g", "Sugars": "2g", "Vitamin A": "8350IU", "Vitamin C": "10mg", "Calcium": "133mg", "Iron": "3mg", "Thiamin": "0mg", "Niacin": "2mg", "Vitamin B6": "1mg", "Magnesium": "83mg", "Folate": "166mcg"}, "Nutrition": {"Calories": "169", "Total Fat": "4.9g", "Saturated Fat": "1.0g", "Cholesterol": "0mg", "Sodium": "600mg", "Potassium": "450mg", "Total Carbohydrates": "26g", "Dietary Fiber": "6.4g", "Protein": "7.3g", "Sugars": "2g", "Vitamin A": "8350IU", "Vitamin C": "10mg", "Calcium": "133mg", "Iron": "3mg", "Thiamin": "0mg", "Niacin": "2mg", "Vitamin B6": "1mg", "Magnesium": "83mg", "Folate": "166mcg"}, "Ingredients": ["4 ml extra-virgin olive oil", "1 clove garlic, minced", "1/8 onion, diced", "1/4 (10 ounce) box frozen chopped spinach, thawed and drained well", "1/4 (12 ounce) can garbanzo beans, drained", "0.3 g cumin", "0.8 g salt"]}, "19770/gazpacho/": {"General": {"Title": "Gazpacho", "Reference": "19770/gazpacho/", "Popularity": "341", "Rating": "4.34387350082397", "Region": "spanish", "Calories": "39", "Total Fat": "0.2g", "Saturated Fat": "0.0g", "Cholesterol": "0mg", "Sodium": "305mg", "Potassium": "411mg", "Total Carbohydrates": "9.2g", "Dietary Fiber": "1.6g", "Protein": "1.6g", "Sugars": "6g", "Vitamin A": "973IU", "Vitamin C": "38mg", "Calcium": "30mg", "Iron": "1mg", "Thiamin": "0mg", "Niacin": "1mg", "Vitamin B6": "0mg", "Magnesium": "22mg", "Folate": "36mcg"}, "Nutrition": {"Calories": "39", "Total Fat": "0.2g", "Saturated Fat": "0.0g", "Cholesterol": "0mg", "Sodium": "305mg", "Potassium": "411mg", "Total Carbohydrates": "9.2g", "Dietary Fiber": "1.6g", "Protein": "1.6g", "Sugars": "6g", "Vitamin A": "973IU", "Vitamin C": "38mg", "Calcium": "30mg", "Iron": "1mg", "Thiamin": "0mg", "Niacin": "1mg", "Vitamin B6": "0mg", "Magnesium": "22mg", "Folate": "36mcg"}, "Ingredients": ["95 ml tomato juice", "1/8 onion, minced", "1/8 green bell pepper, minced", "1/8 cucumber, chopped", "35 g chopped tomatoes", "1/4 green onions, chopped", "1/8 clove garlic, minced", "5 ml fresh lemon juice", "3 ml red wine vinegar", "0.2 g dried tarragon", "0.1 g dried basil", "2 g chopped fresh parsley", "0.4 g white sugar", "salt and pepper to taste"]}, "139620/avocado-and-tuna-tapas/": {"General": {"Title": "Avocado and Tuna Tapas", "Reference": "139620/avocado-and-tuna-tapas/", "Popularity": "556", "Rating": "4.66964292526245", "Region": "spanish", "Calories": "294", "Total Fat": "18.2g", "Saturated Fat": "3.0g", "Cholesterol": "27mg", "Sodium": "154mg", "Potassium": "755mg", "Total Carbohydrates": "11g", "Dietary Fiber": "7.4g", "Protein": "23.9g", "Sugars": "2g", "Vitamin A": "782IU", "Vitamin C": "31mg", "Calcium": "33mg", "Iron": "2mg", "Thiamin": "0mg", "Niacin": "18mg", "Vitamin B6": "1mg", "Magnesium": "56mg", "Folate": "99mcg"}, "Nutrition": {"Calories": "294", "Total Fat": "18.2g", "Saturated Fat": "3.0g", "Cholesterol": "27mg", "Sodium": "154mg", "Potassium": "755mg", "Total Carbohydrates": "11g", "Dietary Fiber": "7.4g", "Protein": "23.9g", "Sugars": "2g", "Vitamin A": "782IU", "Vitamin C": "31mg", "Calcium": "33mg", "Iron": "2mg", "Thiamin": "0mg", "Niacin": "18mg", "Vitamin B6": "1mg", "Magnesium": "56mg", "Folate": "99mcg"}, "Ingredients": ["1/4 (12 ounce) can solid white tuna packed in water, drained", "4 ml mayonnaise", "3/4 green onions, thinly sliced, plus additional for garnish", "1/8 red bell pepper, chopped", "1/4 dash balsamic vinegar", "black pepper to taste", "1/4 pinch garlic salt, or to taste", "1/2 ripe avocados, halved and pitted"]}, "20198/spanish-potato-omelet/": {"General": {"Title": "Spanish Potato Omelet", "Reference": "20198/spanish-potato-omelet/", "Popularity": "998", "Rating": "4.46842098236084", "Region": "spanish", "Calories": "252", "Total Fat": "21.5g", "Saturated Fat": "4.0g", "Cholesterol": "124mg", "Sodium": "54mg", "Potassium": "293mg", "Total Carbohydrates": "10.7g", "Dietary Fiber": "1.6g", "Protein": "5.4g", "Sugars": "2g", "Vitamin A": "555IU", "Vitamin C": "10mg", "Calcium": "35mg", "Iron": "1mg", "Thiamin": "0mg", "Niacin": "2mg", "Vitamin B6": "0mg", "Magnesium": "18mg", "Folate": "31mcg"}, "Nutrition": {"Calories": "252", "Total Fat": "21.5g", "Saturated Fat": "4.0g", "Cholesterol": "124mg", "Sodium": "54mg", "Potassium": "293mg", "Total Carbohydrates": "10.7g", "Dietary Fiber": "1.6g", "Protein": "5.4g", "Sugars": "2g", "Vitamin A": "555IU", "Vitamin C": "10mg", "Calcium": "35mg", "Iron": "1mg", "Thiamin": "0mg", "Niacin": "2mg", "Vitamin B6": "0mg", "Magnesium": "18mg", "Folate": "31mcg"}, "Ingredients": ["20 ml olive oil", "40 g potatoes, thinly sliced", "salt and pepper to taste", "1/8 large onion, thinly sliced", "5/8 eggs", "salt and pepper to taste", "3/8 tomatoes - peeled, seeded, and coarsely chopped", "3/8 green onions, chopped"]}, "12728/paella-i/": {"General": {"Title": "Paella I", "Reference": "12728/paella-i/", "Popularity": "240", "Rating": "4.47126436233521", "Region": "spanish", "Calories": "524", "Total Fat": "18.2g", "Saturated Fat": "4.0g", "Cholesterol": "106mg", "Sodium": "1162mg", "Potassium": "575mg", "Total Carbohydrates": "56.6g", "Dietary Fiber": "3.3g", "Protein": "28.8g", "Sugars": "5g", "Vitamin A": "1562IU", "Vitamin C": "56mg", "Calcium": "64mg", "Iron": "7mg", "Thiamin": "0mg", "Niacin": "12mg", "Vitamin B6": "1mg", "Magnesium": "45mg", "Folate": "38mcg"}, "Nutrition": {"Calories": "524", "Total Fat": "18.2g", "Saturated Fat": "4.0g", "Cholesterol": "106mg", "Sodium": "1162mg", "Potassium": "575mg", "Total Carbohydrates": "56.6g", "Dietary Fiber": "3.3g", "Protein": "28.8g", "Sugars": "5g", "Vitamin A": "1562IU", "Vitamin C": "56mg", "Calcium": "64mg", "Iron": "7mg", "Thiamin": "0mg", "Niacin": "12mg", "Vitamin B6": "1mg", "Magnesium": "45mg", "Folate": "38mcg"}, "Ingredients": ["10 ml olive oil", "1/8 onion, chopped", "3/8 clove garlic, minced", "1/8 red bell pepper, chopped", "20 g Spanish chorizo (cured spiced pork sausage), casing discarded and sausage cut into 1/4-inch dice", "3/8 skinless, boneless chicken breast halves - cut into 1 inch cubes", "1/8 (12 ounce) package uncooked Arborio rice", "200 ml chicken broth", "20 ml white wine", "1/8 sprig fresh thyme", "1/8 pinch saffron", "salt to taste", "ground black pepper to taste", "3/8 squid, cleaned and cut into 1 inch pieces", "3/8 tomatoes, seeded and chopped", "15 g frozen green peas", "2 large shrimp, peeled and deveined", "75 g mussels, cleaned and debearded", "3 g chopped Italian flat leaf parsley", "1-1/4 slices lemon, for garnish"]}}