{"256566/refined-sugar-free-mango-sticky-rice/": {"General": {"Title": "Refined Sugar Free-Mango Sticky Rice", "Reference": "256566/refined-sugar-free-mango-sticky-rice/", "Popularity": "0", "Rating": "0", "Region": "thai", "Calories": "332", "Total Fat": "16.8g", "Saturated Fat": "14.0g", "Cholesterol": "0mg", "Sodium": "159mg", "Potassium": "398mg", "Total Carbohydrates": "45.7g", "Dietary Fiber": "4g", "Protein": "4g", "Sugars": "20g", "Vitamin A": "575IU", "Vitamin C": "22mg", "Calcium": "29mg", "Iron": "4mg", "Thiamin": "0mg", "Niacin": "2mg", "Vitamin B6": "0mg", "Magnesium": "53mg", "Folate": "25mcg"}, "Nutrition": {"Calories": "332", "Total Fat": "16.8g", "Saturated Fat": "14.0g", "Cholesterol": "0mg", "Sodium": "159mg", "Potassium": "398mg", "Total Carbohydrates": "45.7g", "Dietary Fiber": "4g", "Protein": "4g", "Sugars": "20g", "Vitamin A": "575IU", "Vitamin C": "22mg", "Calcium": "29mg", "Iron": "4mg", "Thiamin": "0mg", "Niacin": "2mg", "Vitamin B6": "0mg", "Magnesium": "53mg", "Folate": "25mcg"}, "Ingredients": ["25 g Thai glutinous rice", "80 ml coconut milk", "15 g dates, pitted and chopped", "0.4 g Himalayan salt", "0.7 g cornstarch", "1/2 ripe mangoes, sliced", "0.7 g toasted sesame seeds"]}, "257375/khao-man-gai-thai-chicken-and-rice-healthy-version/": {"General": {"Title": "Khao Man Gai Thai Chicken and Rice (Healthy Version)", "Reference": "257375/khao-man-gai-thai-chicken-and-rice-healthy-version/", "Popularity": "0", "Rating": "0", "Region": "thai", "Calories": "807", "Total Fat": "12.4g", "Saturated Fat": "2.0g", "Cholesterol": "59mg", "Sodium": "3154mg", "Potassium": "937mg", "Total Carbohydrates": "137.6g", "Dietary Fiber": "4.8g", "Protein": "37.6g", "Sugars": "26g", "Vitamin A": "1951IU", "Vitamin C": "340mg", "Calcium": "99mg", "Iron": "5mg", "Thiamin": "0mg", "Niacin": "14mg", "Vitamin B6": "1mg", "Magnesium": "82mg", "Folate": "45mcg"}, "Nutrition": {"Calories": "807", "Total Fat": "12.4g", "Saturated Fat": "2.0g", "Cholesterol": "59mg", "Sodium": "3154mg", "Potassium": "937mg", "Total Carbohydrates": "137.6g", "Dietary Fiber": "4.8g", "Protein": "37.6g", "Sugars": "26g", "Vitamin A": "1951IU", "Vitamin C": "340mg", "Calcium": "99mg", "Iron": "5mg", "Thiamin": "0mg", "Niacin": "14mg", "Vitamin B6": "1mg", "Magnesium": "82mg", "Folate": "45mcg"}, "Ingredients": ["1 skinless, boneless chicken breasts", "Rice:", "115 g uncooked jasmine rice", "9 ml vegetable oil", "9 g sliced ginger", "3 g crushed garlic", "3 g white sugar", "0.3 g salt", "25 ml water, or as needed", "1 pandan leaves", "140 ml chicken stock", "Sauce:", "20 g chopped ginger", "15 g coarsely chopped garlic", "3 Thai bird chile peppers", "15 g white sugar", "10 ml dark soy sauce", "10 ml soy sauce", "10 ml lime juice", "10 ml distilled white vinegar", "10 ml salted soybean paste", "2 sprigs fresh cilantro", "1 g chicken bouillon granules (optional)", "1 g salt"]}, "245888/goong-tod-kratiem-prik-thai-prawns-fried-with-garlic-and-white-pepper/": {"General": {"Title": "Goong Tod Kratiem Prik Thai (Prawns Fried with Garlic and White Pepper)", "Reference": "245888/goong-tod-kratiem-prik-thai-prawns-fried-with-garlic-and-white-pepper/", "Popularity": "2", "Rating": "4.5", "Region": "thai", "Calories": "377", "Total Fat": "24.7g", "Saturated Fat": "4.0g", "Cholesterol": "157mg", "Sodium": "1118mg", "Potassium": "258mg", "Total Carbohydrates": "19.5g", "Dietary Fiber": "1g", "Protein": "20.5g", "Sugars": "4g", "Vitamin A": "169IU", "Vitamin C": "3mg", "Calcium": "75mg", "Iron": "1mg", "Thiamin": "0mg", "Niacin": "8mg", "Vitamin B6": "0mg", "Magnesium": "52mg", "Folate": "21mcg"}, "Nutrition": {"Calories": "377", "Total Fat": "24.7g", "Saturated Fat": "4.0g", "Cholesterol": "157mg", "Sodium": "1118mg", "Potassium": "258mg", "Total Carbohydrates": "19.5g", "Dietary Fiber": "1g", "Protein": "20.5g", "Sugars": "4g", "Vitamin A": "169IU", "Vitamin C": "3mg", "Calcium": "75mg", "Iron": "1mg", "Thiamin": "0mg", "Niacin": "8mg", "Vitamin B6": "0mg", "Magnesium": "52mg", "Folate": "21mcg"}, "Ingredients": ["2 cloves garlic, chopped, or more to taste", "4 g tapioca flour", "8 ml fish sauce", "8 ml light soy sauce", "3 g white sugar", "0.3 g ground white pepper", "15 ml vegetable oil, divided, or as needed", "115 g whole unpeeled prawns, divided"]}, "213923/yam-taeng-spicy-cucumber-salad/": {"General": {"Title": "Yam Taeng (Spicy Cucumber Salad)", "Reference": "213923/yam-taeng-spicy-cucumber-salad/", "Popularity": "2", "Rating": "5", "Region": "thai", "Calories": "347", "Total Fat": "4.5g", "Saturated Fat": "1.0g", "Cholesterol": "8mg", "Sodium": "625mg", "Potassium": "1253mg", "Total Carbohydrates": "57.9g", "Dietary Fiber": "10.2g", "Protein": "22.5g", "Sugars": "4g", "Vitamin A": "365IU", "Vitamin C": "28mg", "Calcium": "141mg", "Iron": "7mg", "Thiamin": "1mg", "Niacin": "7mg", "Vitamin B6": "0mg", "Magnesium": "304mg", "Folate": "537mcg"}, "Nutrition": {"Calories": "347", "Total Fat": "4.5g", "Saturated Fat": "1.0g", "Cholesterol": "8mg", "Sodium": "625mg", "Potassium": "1253mg", "Total Carbohydrates": "57.9g", "Dietary Fiber": "10.2g", "Protein": "22.5g", "Sugars": "4g", "Vitamin A": "365IU", "Vitamin C": "28mg", "Calcium": "141mg", "Iron": "7mg", "Thiamin": "1mg", "Niacin": "7mg", "Vitamin B6": "0mg", "Magnesium": "304mg", "Folate": "537mcg"}, "Ingredients": ["3/4 cucumbers - peeled, seeded, and grated", "2 g crushed dried shrimp", "75 g long beans, sliced thin and mashed", "1-1/4 cherry tomatoes, halved", "1-1/4 Thai chilies, sliced thin", "3 g palm sugar", "8 ml fish sauce", "juice of 1 lime, or more to taste", "6 g roasted peanuts, chopped"]}, "220443/pad-kee-mow-drunkards-noodles/": {"General": {"Title": "Pad Kee Mow (Drunkard's Noodles)", "Reference": "220443/pad-kee-mow-drunkards-noodles/", "Popularity": "51", "Rating": "4.48717927932739", "Region": "thai", "Calories": "301", "Total Fat": "8.3g", "Saturated Fat": "1.0g", "Cholesterol": "20mg", "Sodium": "1204mg", "Potassium": "338mg", "Total Carbohydrates": "44.9g", "Dietary Fiber": "2.5g", "Protein": "11.8g", "Sugars": "5g", "Vitamin A": "2347IU", "Vitamin C": "38mg", "Calcium": "74mg", "Iron": "3mg", "Thiamin": "0mg", "Niacin": "6mg", "Vitamin B6": "0mg", "Magnesium": "49mg", "Folate": "41mcg"}, "Nutrition": {"Calories": "301", "Total Fat": "8.3g", "Saturated Fat": "1.0g", "Cholesterol": "20mg", "Sodium": "1204mg", "Potassium": "338mg", "Total Carbohydrates": "44.9g", "Dietary Fiber": "2.5g", "Protein": "11.8g", "Sugars": "5g", "Vitamin A": "2347IU", "Vitamin C": "38mg", "Calcium": "74mg", "Iron": "3mg", "Thiamin": "0mg", "Niacin": "6mg", "Vitamin B6": "0mg", "Magnesium": "49mg", "Folate": "41mcg"}, "Ingredients": ["10 ml rice vinegar", "10 ml fish sauce", "1/8 small lime, juiced", "2 g palm sugar", "2 g red pepper flakes, or more to taste", "0.4 g ground black pepper", "3/8 skinless, boneless chicken breast halves, thinly sliced", "1/8 (16 ounce) package fresh rice noodles", "warm water, as needed", "8 ml vegetable oil", "5/8 clove garlic, finely chopped", "1/8 yellow onion, sliced", "5 g oyster sauce", "5 ml soy sauce", "1/8 red bell pepper, sliced", "3/8 small tomatoes, seeded and sliced", "5/8 green onions, chopped", "15 g fresh Thai basil leaves"]}, "150313/thai-sweet-sticky-rice-with-mango-khao-neeo-mamuang/": {"General": {"Title": "Thai Sweet Sticky Rice With Mango (Khao Neeo Mamuang)", "Reference": "150313/thai-sweet-sticky-rice-with-mango-khao-neeo-mamuang/", "Popularity": "351", "Rating": "4.52016115188599", "Region": "thai", "Calories": "817", "Total Fat": "26g", "Saturated Fat": "22.0g", "Cholesterol": "0mg", "Sodium": "458mg", "Potassium": "561mg", "Total Carbohydrates": "144.3g", "Dietary Fiber": "6.4g", "Protein": "8.4g", "Sugars": "76g", "Vitamin A": "1188IU", "Vitamin C": "44mg", "Calcium": "65mg", "Iron": "7mg", "Thiamin": "1mg", "Niacin": "6mg", "Vitamin B6": "0mg", "Magnesium": "92mg", "Folate": "213mcg"}, "Nutrition": {"Calories": "817", "Total Fat": "26g", "Saturated Fat": "22.0g", "Cholesterol": "0mg", "Sodium": "458mg", "Potassium": "561mg", "Total Carbohydrates": "144.3g", "Dietary Fiber": "6.4g", "Protein": "8.4g", "Sugars": "76g", "Vitamin A": "1188IU", "Vitamin C": "44mg", "Calcium": "65mg", "Iron": "7mg", "Thiamin": "1mg", "Niacin": "6mg", "Vitamin B6": "0mg", "Magnesium": "92mg", "Folate": "213mcg"}, "Ingredients": ["75 g uncooked short-grain white rice", "120 ml water", "90 ml coconut milk", "50 g white sugar", "0.8 g salt", "30 ml coconut milk", "3 g white sugar", "0.4 g salt", "2 g tapioca starch", "3/4 mangos, peeled and sliced", "2 g toasted sesame seeds"]}, "239964/thai-carrot-salad/": {"General": {"Title": "Thai Carrot Salad", "Reference": "239964/thai-carrot-salad/", "Popularity": "17", "Rating": "4.80000019073486", "Region": "thai", "Calories": "183", "Total Fat": "5.4g", "Saturated Fat": "1.0g", "Cholesterol": "0mg", "Sodium": "332mg", "Potassium": "288mg", "Total Carbohydrates": "34.3g", "Dietary Fiber": "2.7g", "Protein": "3.5g", "Sugars": "28g", "Vitamin A": "9951IU", "Vitamin C": "6mg", "Calcium": "32mg", "Iron": "1mg", "Thiamin": "0mg", "Niacin": "2mg", "Vitamin B6": "0mg", "Magnesium": "32mg", "Folate": "27mcg"}, "Nutrition": {"Calories": "183", "Total Fat": "5.4g", "Saturated Fat": "1.0g", "Cholesterol": "0mg", "Sodium": "332mg", "Potassium": "288mg", "Total Carbohydrates": "34.3g", "Dietary Fiber": "2.7g", "Protein": "3.5g", "Sugars": "28g", "Vitamin A": "9951IU", "Vitamin C": "6mg", "Calcium": "32mg", "Iron": "1mg", "Thiamin": "0mg", "Niacin": "2mg", "Vitamin B6": "0mg", "Magnesium": "32mg", "Folate": "27mcg"}, "Ingredients": ["55 g carrots, coarsely grated", "25 g white sugar", "15 ml water", "15 ml rice vinegar", "2 g minced garlic", "4 ml Thai fish sauce", "1 g Thai red curry paste", "4 ml lime juice", "1 g red pepper flakes (optional)", "9 g finely chopped unsalted peanuts"]}, "90294/thai-chicken-satay/": {"General": {"Title": "Thai Chicken Satay", "Reference": "90294/thai-chicken-satay/", "Popularity": "72", "Rating": "4.33333349227905", "Region": "thai", "Calories": "391", "Total Fat": "25g", "Saturated Fat": "9.0g", "Cholesterol": "66mg", "Sodium": "315mg", "Potassium": "607mg", "Total Carbohydrates": "9.3g", "Dietary Fiber": "3g", "Protein": "35.4g", "Sugars": "0g", "Vitamin A": "81IU", "Vitamin C": "9mg", "Calcium": "41mg", "Iron": "3mg", "Thiamin": "0mg", "Niacin": "23mg", "Vitamin B6": "1mg", "Magnesium": "103mg", "Folate": "38mcg"}, "Nutrition": {"Calories": "391", "Total Fat": "25g", "Saturated Fat": "9.0g", "Cholesterol": "66mg", "Sodium": "315mg", "Potassium": "607mg", "Total Carbohydrates": "9.3g", "Dietary Fiber": "3g", "Protein": "35.4g", "Sugars": "0g", "Vitamin A": "81IU", "Vitamin C": "9mg", "Calcium": "41mg", "Iron": "3mg", "Thiamin": "0mg", "Niacin": "23mg", "Vitamin B6": "1mg", "Magnesium": "103mg", "Folate": "38mcg"}, "Ingredients": ["30 ml canned coconut milk", "0.8 g ground coriander", "0.5 g yellow curry powder", "1 ml fish sauce", "0.6 ml chili oil", "115 g skinless, boneless chicken breast halves - cut into strips", "0.7 g chopped fresh cilantro", "2 g chopped unsalted peanuts", "3 wooden skewers, soaked in water for 15 minutes", "60 ml prepared Thai peanut sauce"]}, "239501/thai-red-curry-paste/": {"General": {"Title": "Thai Red Curry Paste", "Reference": "239501/thai-red-curry-paste/", "Popularity": "7", "Rating": "4", "Region": "thai", "Calories": "103", "Total Fat": "4.3g", "Saturated Fat": "1.0g", "Cholesterol": "2mg", "Sodium": "593mg", "Potassium": "271mg", "Total Carbohydrates": "15g", "Dietary Fiber": "3.9g", "Protein": "2.6g", "Sugars": "5g", "Vitamin A": "896IU", "Vitamin C": "12mg", "Calcium": "60mg", "Iron": "2mg", "Thiamin": "0mg", "Niacin": "1mg", "Vitamin B6": "0mg", "Magnesium": "23mg", "Folate": "25mcg"}, "Nutrition": {"Calories": "103", "Total Fat": "4.3g", "Saturated Fat": "1.0g", "Cholesterol": "2mg", "Sodium": "593mg", "Potassium": "271mg", "Total Carbohydrates": "15g", "Dietary Fiber": "3.9g", "Protein": "2.6g", "Sugars": "5g", "Vitamin A": "896IU", "Vitamin C": "12mg", "Calcium": "60mg", "Iron": "2mg", "Thiamin": "0mg", "Niacin": "1mg", "Vitamin B6": "0mg", "Magnesium": "23mg", "Folate": "25mcg"}, "Ingredients": ["1-1/4 dried red chile peppers, or to taste", "1/2 onions, cut into chunks", "1 g chopped fresh cilantro", "4 ml vegetable oil, or more as needed", "2 g chopped garlic", "2 g ground coriander", "1 g lemon zest", "1 g ground cumin", "3 g shrimp paste", "1 g paprika", "0.4 g whole black peppercorns", "0.4 g lemon grass powder", "0.6 g ground turmeric", "2 g salt"]}, "68532/curried-coconut-chicken/": {"General": {"Title": "Curried Coconut Chicken", "Reference": "68532/curried-coconut-chicken/", "Popularity": "5k", "Rating": "4.49371671676636", "Region": "thai", "Calories": "375", "Total Fat": "20.9g", "Saturated Fat": "14.0g", "Cholesterol": "78mg", "Sodium": "807mg", "Potassium": "647mg", "Total Carbohydrates": "16.7g", "Dietary Fiber": "2.8g", "Protein": "32.2g", "Sugars": "11g", "Vitamin A": "287IU", "Vitamin C": "10mg", "Calcium": "67mg", "Iron": "5mg", "Thiamin": "0mg", "Niacin": "16mg", "Vitamin B6": "0mg", "Magnesium": "75mg", "Folate": "25mcg"}, "Nutrition": {"Calories": "375", "Total Fat": "20.9g", "Saturated Fat": "14.0g", "Cholesterol": "78mg", "Sodium": "807mg", "Potassium": "647mg", "Total Carbohydrates": "16.7g", "Dietary Fiber": "2.8g", "Protein": "32.2g", "Sugars": "11g", "Vitamin A": "287IU", "Vitamin C": "10mg", "Calcium": "67mg", "Iron": "5mg", "Thiamin": "0mg", "Niacin": "16mg", "Vitamin B6": "0mg", "Magnesium": "75mg", "Folate": "25mcg"}, "Ingredients": ["150 g boneless skinless chicken breasts, cut into 1/2-inch chunks", "1 g salt and pepper, or to taste", "4 ml vegetable oil", "2 g curry powder", "1/8 onion, thinly sliced", "3/8 clove garlic, crushed", "1/8 (14 ounce) can coconut milk", "1/8 (14.5 ounce) can stewed, diced tomatoes", "1/8 (8 ounce) can tomato sauce", "6 g sugar"]}, "11835/peanut-butter-noodles/": {"General": {"Title": "Peanut Butter Noodles", "Reference": "11835/peanut-butter-noodles/", "Popularity": "1k", "Rating": "4.46728992462158", "Region": "thai", "Calories": "330", "Total Fat": "12g", "Saturated Fat": "2.0g", "Cholesterol": "0mg", "Sodium": "1188mg", "Potassium": "275mg", "Total Carbohydrates": "46.8g", "Dietary Fiber": "1.9g", "Protein": "10.7g", "Sugars": "9g", "Vitamin A": "63IU", "Vitamin C": "2mg", "Calcium": "31mg", "Iron": "1mg", "Thiamin": "0mg", "Niacin": "5mg", "Vitamin B6": "0mg", "Magnesium": "43mg", "Folate": "29mcg"}, "Nutrition": {"Calories": "330", "Total Fat": "12g", "Saturated Fat": "2.0g", "Cholesterol": "0mg", "Sodium": "1188mg", "Potassium": "275mg", "Total Carbohydrates": "46.8g", "Dietary Fiber": "1.9g", "Protein": "10.7g", "Sugars": "9g", "Vitamin A": "63IU", "Vitamin C": "2mg", "Calcium": "31mg", "Iron": "1mg", "Thiamin": "0mg", "Niacin": "5mg", "Vitamin B6": "0mg", "Magnesium": "43mg", "Folate": "29mcg"}, "Ingredients": ["30 ml chicken broth", "2 g minced fresh ginger root", "10 ml soy sauce", "10 g peanut butter", "6 ml honey", "3 g hot chile paste (optional)", "3/4 clove garlic, minced", "55 g Udon noodles", "6 g chopped green onions", "9 g chopped peanuts"]}, "146035/the-best-thai-coconut-soup/": {"General": {"Title": "The Best Thai Coconut Soup", "Reference": "146035/the-best-thai-coconut-soup/", "Popularity": "2k", "Rating": "4.6136155128479", "Region": "thai", "Calories": "368", "Total Fat": "32.9g", "Saturated Fat": "28.0g", "Cholesterol": "86mg", "Sodium": "579mg", "Potassium": "451mg", "Total Carbohydrates": "8.9g", "Dietary Fiber": "2g", "Protein": "13.2g", "Sugars": "2g", "Vitamin A": "199IU", "Vitamin C": "5mg", "Calcium": "50mg", "Iron": "7mg", "Thiamin": "0mg", "Niacin": "5mg", "Vitamin B6": "0mg", "Magnesium": "94mg", "Folate": "28mcg"}, "Nutrition": {"Calories": "368", "Total Fat": "32.9g", "Saturated Fat": "28.0g", "Cholesterol": "86mg", "Sodium": "579mg", "Potassium": "451mg", "Total Carbohydrates": "8.9g", "Dietary Fiber": "2g", "Protein": "13.2g", "Sugars": "2g", "Vitamin A": "199IU", "Vitamin C": "5mg", "Calcium": "50mg", "Iron": "7mg", "Thiamin": "0mg", "Niacin": "5mg", "Vitamin B6": "0mg", "Magnesium": "94mg", "Folate": "28mcg"}, "Ingredients": ["2 ml vegetable oil", "1 g grated fresh ginger", "1/8 stalk lemon grass, minced", "1 g red curry paste", "120 ml chicken broth", "6 ml fish sauce", "2 g light brown sugar", "3/8 (13.5 ounce) can coconut milk", "30 g fresh shiitake mushrooms, sliced", "55 g medium shrimp - peeled and deveined", "4 ml fresh lime juice", "salt to taste", "1 g chopped fresh cilantro"]}, "42968/pad-thai/": {"General": {"Title": "Pad Thai", "Reference": "42968/pad-thai/", "Popularity": "1k", "Rating": "3.92959761619568", "Region": "thai", "Calories": "524", "Total Fat": "20.7g", "Saturated Fat": "6.0g", "Cholesterol": "178mg", "Sodium": "594mg", "Potassium": "394mg", "Total Carbohydrates": "58.5g", "Dietary Fiber": "2.9g", "Protein": "26.4g", "Sugars": "8g", "Vitamin A": "460IU", "Vitamin C": "19mg", "Calcium": "62mg", "Iron": "2mg", "Thiamin": "0mg", "Niacin": "15mg", "Vitamin B6": "1mg", "Magnesium": "60mg", "Folate": "52mcg"}, "Nutrition": {"Calories": "524", "Total Fat": "20.7g", "Saturated Fat": "6.0g", "Cholesterol": "178mg", "Sodium": "594mg", "Potassium": "394mg", "Total Carbohydrates": "58.5g", "Dietary Fiber": "2.9g", "Protein": "26.4g", "Sugars": "8g", "Vitamin A": "460IU", "Vitamin C": "19mg", "Calcium": "62mg", "Iron": "2mg", "Thiamin": "0mg", "Niacin": "15mg", "Vitamin B6": "1mg", "Magnesium": "60mg", "Folate": "52mcg"}, "Ingredients": ["1/8 (12 ounce) package rice noodles", "5 g butter", "75 g boneless, skinless chicken breast halves, cut into bite-sized pieces", "10 ml vegetable oil", "5/8 eggs", "3 ml white wine vinegar", "5 ml fish sauce", "6 g white sugar", "0.2 g crushed red pepper", "20 g bean sprouts", "6 g crushed peanuts", "1/2 green onions, chopped", "1/8 lemon, cut into wedges"]}, "17511/chicken-satay/": {"General": {"Title": "Chicken Satay", "Reference": "17511/chicken-satay/", "Popularity": "575", "Rating": "4.23602485656738", "Region": "thai", "Calories": "162", "Total Fat": "3g", "Saturated Fat": "1.0g", "Cholesterol": "68mg", "Sodium": "694mg", "Potassium": "374mg", "Total Carbohydrates": "4.1g", "Dietary Fiber": "0.7g", "Protein": "28.8g", "Sugars": "2g", "Vitamin A": "44IU", "Vitamin C": "6mg", "Calcium": "24mg", "Iron": "1mg", "Thiamin": "0mg", "Niacin": "19mg", "Vitamin B6": "1mg", "Magnesium": "45mg", "Folate": "11mcg"}, "Nutrition": {"Calories": "162", "Total Fat": "3g", "Saturated Fat": "1.0g", "Cholesterol": "68mg", "Sodium": "694mg", "Potassium": "374mg", "Total Carbohydrates": "4.1g", "Dietary Fiber": "0.7g", "Protein": "28.8g", "Sugars": "2g", "Vitamin A": "44IU", "Vitamin C": "6mg", "Calcium": "24mg", "Iron": "1mg", "Thiamin": "0mg", "Niacin": "19mg", "Vitamin B6": "1mg", "Magnesium": "45mg", "Folate": "11mcg"}, "Ingredients": ["3 g creamy peanut butter", "10 ml soy sauce", "10 ml lemon or lime juice", "1 g brown sugar", "1 g curry powder", "1/8 clove garlic, chopped", "0.4 ml hot pepper sauce", "1/2 skinless, boneless chicken breast halves - cubed"]}, "257938/spicy-thai-basil-chicken-pad-krapow-gai/": {"General": {"Title": "Spicy Thai Basil Chicken (Pad Krapow Gai)", "Reference": "257938/spicy-thai-basil-chicken-pad-krapow-gai/", "Popularity": "1k", "Rating": "4.77094030380249", "Region": "thai", "Calories": "715", "Total Fat": "30g", "Saturated Fat": "7.0g", "Cholesterol": "156mg", "Sodium": "1182mg", "Potassium": "670mg", "Total Carbohydrates": "58.6g", "Dietary Fiber": "1.4g", "Protein": "49.8g", "Sugars": "6g", "Vitamin A": "1568IU", "Vitamin C": "31mg", "Calcium": "99mg", "Iron": "5mg", "Thiamin": "0mg", "Niacin": "23mg", "Vitamin B6": "1mg", "Magnesium": "92mg", "Folate": "133mcg"}, "Nutrition": {"Calories": "715", "Total Fat": "30g", "Saturated Fat": "7.0g", "Cholesterol": "156mg", "Sodium": "1182mg", "Potassium": "670mg", "Total Carbohydrates": "58.6g", "Dietary Fiber": "1.4g", "Protein": "49.8g", "Sugars": "6g", "Vitamin A": "1568IU", "Vitamin C": "31mg", "Calcium": "99mg", "Iron": "5mg", "Thiamin": "0mg", "Niacin": "23mg", "Vitamin B6": "1mg", "Magnesium": "92mg", "Folate": "133mcg"}, "Ingredients": ["40 ml chicken broth", "2 g oyster sauce", "8 ml soy sauce, or as needed", "5 ml fish sauce", "2 g white sugar", "2 g brown sugar", "15 ml vegetable oil", "225 g skinless, boneless chicken thighs, coarsely chopped", "20 g sliced shallots", "2 cloves garlic, minced", "10 g minced Thai chilies, Serrano, or other hot pepper", "20 g very thinly sliced fresh basil leaves", "160 g hot cooked rice"]}, "141833/thai-green-curry-chicken/": {"General": {"Title": "Thai Green Curry Chicken", "Reference": "141833/thai-green-curry-chicken/", "Popularity": "792", "Rating": "4.5296368598938", "Region": "thai", "Calories": "472", "Total Fat": "40.9g", "Saturated Fat": "24.0g", "Cholesterol": "57mg", "Sodium": "935mg", "Potassium": "475mg", "Total Carbohydrates": "14.6g", "Dietary Fiber": "1.8g", "Protein": "27.1g", "Sugars": "7g", "Vitamin A": "526IU", "Vitamin C": "5mg", "Calcium": "47mg", "Iron": "5mg", "Thiamin": "0mg", "Niacin": "8mg", "Vitamin B6": "0mg", "Magnesium": "83mg", "Folate": "33mcg"}, "Nutrition": {"Calories": "472", "Total Fat": "40.9g", "Saturated Fat": "24.0g", "Cholesterol": "57mg", "Sodium": "935mg", "Potassium": "475mg", "Total Carbohydrates": "14.6g", "Dietary Fiber": "1.8g", "Protein": "27.1g", "Sugars": "7g", "Vitamin A": "526IU", "Vitamin C": "5mg", "Calcium": "47mg", "Iron": "5mg", "Thiamin": "0mg", "Niacin": "8mg", "Vitamin B6": "0mg", "Magnesium": "83mg", "Folate": "33mcg"}, "Ingredients": ["115 g skinless, boneless chicken breast halves - cut into 1 inch cubes", "4 ml dark soy sauce", "2 g all-purpose flour", "8 ml cooking oil", "8 g green curry paste", "1/2 green onions with tops, chopped", "3/4 clove garlic, peeled and chopped", "0.5 g fresh ginger, peeled and finely chopped", "120 ml coconut milk", "4 ml fish sauce", "4 ml dark soy sauce", "6 g white sugar", "6 g cilantro leaves, for garnish"]}, "169593/thai-cucumber-salad/": {"General": {"Title": "Thai Cucumber Salad", "Reference": "169593/thai-cucumber-salad/", "Popularity": "696", "Rating": "4.62768030166626", "Region": "thai", "Calories": "238", "Total Fat": "9.4g", "Saturated Fat": "1.0g", "Cholesterol": "0mg", "Sodium": "1751mg", "Potassium": "461mg", "Total Carbohydrates": "37.1g", "Dietary Fiber": "2.8g", "Protein": "5.8g", "Sugars": "30g", "Vitamin A": "471IU", "Vitamin C": "10mg", "Calcium": "48mg", "Iron": "1mg", "Thiamin": "0mg", "Niacin": "4mg", "Vitamin B6": "0mg", "Magnesium": "62mg", "Folate": "46mcg"}, "Nutrition": {"Calories": "238", "Total Fat": "9.4g", "Saturated Fat": "1.0g", "Cholesterol": "0mg", "Sodium": "1751mg", "Potassium": "461mg", "Total Carbohydrates": "37.1g", "Dietary Fiber": "2.8g", "Protein": "5.8g", "Sugars": "30g", "Vitamin A": "471IU", "Vitamin C": "10mg", "Calcium": "48mg", "Iron": "1mg", "Thiamin": "0mg", "Niacin": "4mg", "Vitamin B6": "0mg", "Magnesium": "62mg", "Folate": "46mcg"}, "Ingredients": ["3/4 large cucumbers, peeled, halved lengthwise, seeded, and cut into 1/4-inch slices", "5 g salt", "25 g white sugar", "30 ml rice wine vinegar", "1/2 jalapeno peppers, seeded and chopped", "3 g chopped cilantro", "20 g chopped peanuts"]}, "86005/thai-pineapple-chicken-curry/": {"General": {"Title": "Thai Pineapple Chicken Curry", "Reference": "86005/thai-pineapple-chicken-curry/", "Popularity": "458", "Rating": "4.50851058959961", "Region": "thai", "Calories": "623", "Total Fat": "34.5g", "Saturated Fat": "25.0g", "Cholesterol": "20mg", "Sodium": "781mg", "Potassium": "546mg", "Total Carbohydrates": "77.5g", "Dietary Fiber": "3.5g", "Protein": "20.3g", "Sugars": "16g", "Vitamin A": "374IU", "Vitamin C": "27mg", "Calcium": "65mg", "Iron": "7mg", "Thiamin": "0mg", "Niacin": "10mg", "Vitamin B6": "0mg", "Magnesium": "112mg", "Folate": "143mcg"}, "Nutrition": {"Calories": "623", "Total Fat": "34.5g", "Saturated Fat": "25.0g", "Cholesterol": "20mg", "Sodium": "781mg", "Potassium": "546mg", "Total Carbohydrates": "77.5g", "Dietary Fiber": "3.5g", "Protein": "20.3g", "Sugars": "16g", "Vitamin A": "374IU", "Vitamin C": "27mg", "Calcium": "65mg", "Iron": "7mg", "Thiamin": "0mg", "Niacin": "10mg", "Vitamin B6": "0mg", "Magnesium": "112mg", "Folate": "143mcg"}, "Ingredients": ["65 g uncooked jasmine rice", "160 ml water", "10 g red curry paste", "3/8 (13.5 ounce) can coconut milk", "3/8 skinless, boneless chicken breast halves - cut into thin strips", "8 ml fish sauce", "8 g white sugar", "35 g sliced bamboo shoots, drained", "1/8 red bell pepper, julienned", "1/8 green bell pepper, julienned", "1/8 small onion, chopped", "45 g pineapple chunks, drained"]}, "85815/thai-red-chicken-curry/": {"General": {"Title": "Thai Red Chicken Curry", "Reference": "85815/thai-red-chicken-curry/", "Popularity": "620", "Rating": "3.83259916305542", "Region": "thai", "Calories": "271", "Total Fat": "15.8g", "Saturated Fat": "6.0g", "Cholesterol": "59mg", "Sodium": "147mg", "Potassium": "383mg", "Total Carbohydrates": "11.2g", "Dietary Fiber": "1.9g", "Protein": "25.4g", "Sugars": "4g", "Vitamin A": "3653IU", "Vitamin C": "47mg", "Calcium": "29mg", "Iron": "1mg", "Thiamin": "0mg", "Niacin": "12mg", "Vitamin B6": "0mg", "Magnesium": "32mg", "Folate": "34mcg"}, "Nutrition": {"Calories": "271", "Total Fat": "15.8g", "Saturated Fat": "6.0g", "Cholesterol": "59mg", "Sodium": "147mg", "Potassium": "383mg", "Total Carbohydrates": "11.2g", "Dietary Fiber": "1.9g", "Protein": "25.4g", "Sugars": "4g", "Vitamin A": "3653IU", "Vitamin C": "47mg", "Calcium": "29mg", "Iron": "1mg", "Thiamin": "0mg", "Niacin": "12mg", "Vitamin B6": "0mg", "Magnesium": "32mg", "Folate": "34mcg"}, "Ingredients": ["3 ml olive oil", "115 g skinless, boneless chicken breast halves - cut into thin strips", "4 g Thai red curry paste", "30 g sliced halved zucchini", "1/4 red bell pepper, seeded and sliced into strips", "15 g sliced carrots", "1/4 onion, quartered then halved", "2 g cornstarch", "1/4 (14 ounce) can light coconut milk", "1 g chopped fresh cilantro"]}, "35892/thai-chicken-with-basil-stir-fry/": {"General": {"Title": "Thai Chicken with Basil Stir Fry", "Reference": "35892/thai-chicken-with-basil-stir-fry/", "Popularity": "833", "Rating": "4.36602878570557", "Region": "thai", "Calories": "506", "Total Fat": "12.1g", "Saturated Fat": "7.0g", "Cholesterol": "78mg", "Sodium": "804mg", "Potassium": "462mg", "Total Carbohydrates": "60g", "Dietary Fiber": "2.2g", "Protein": "36.9g", "Sugars": "2g", "Vitamin A": "855IU", "Vitamin C": "7mg", "Calcium": "81mg", "Iron": "5mg", "Thiamin": "0mg", "Niacin": "19mg", "Vitamin B6": "1mg", "Magnesium": "84mg", "Folate": "141mcg"}, "Nutrition": {"Calories": "506", "Total Fat": "12.1g", "Saturated Fat": "7.0g", "Cholesterol": "78mg", "Sodium": "804mg", "Potassium": "462mg", "Total Carbohydrates": "60g", "Dietary Fiber": "2.2g", "Protein": "36.9g", "Sugars": "2g", "Vitamin A": "855IU", "Vitamin C": "7mg", "Calcium": "81mg", "Iron": "5mg", "Thiamin": "0mg", "Niacin": "19mg", "Vitamin B6": "1mg", "Magnesium": "84mg", "Folate": "141mcg"}, "Ingredients": ["65 g uncooked jasmine rice", "160 ml water", "30 ml coconut milk", "8 ml soy sauce", "8 ml rice wine vinegar", "4 ml fish sauce", "0.4 g red pepper flakes", "3 ml olive oil", "1/8 medium onion, sliced", "2 g fresh ginger root, minced", "1/2 clove garlic, minced", "150 g skinless, boneless chicken breast halves - cut into 1/2 inch strips", "1/2 shiitake mushrooms, sliced", "7/8 green onions, chopped", "10 g chopped fresh basil leaves"]}}