,Title,Reference,Popularity,Rating,Region,Calories,Total Fat,Saturated Fat,Cholesterol,Sodium,Potassium,Total Carbohydrates,Dietary Fiber,Protein,Sugars,Vitamin A,Vitamin C,Calcium,Iron,Thiamin,Niacin,Vitamin B6,Magnesium,Folate
Refined Sugar Free-Mango Sticky Rice,Refined Sugar Free-Mango Sticky Rice,256566/refined-sugar-free-mango-sticky-rice/,0,0,thai,332,16.8g,14.0g,0mg,159mg,398mg,45.7g,4g,4g,20g,575IU,22mg,29mg,4mg,0mg,2mg,0mg,53mg,25mcg
Khao Man Gai Thai Chicken and Rice (Healthy Version),Khao Man Gai Thai Chicken and Rice (Healthy Version),257375/khao-man-gai-thai-chicken-and-rice-healthy-version/,0,0,thai,807,12.4g,2.0g,59mg,3154mg,937mg,137.6g,4.8g,37.6g,26g,1951IU,340mg,99mg,5mg,0mg,14mg,1mg,82mg,45mcg
Goong Tod Kratiem Prik Thai (Prawns Fried with Garlic and White Pepper),Goong Tod Kratiem Prik Thai (Prawns Fried with Garlic and White Pepper),245888/goong-tod-kratiem-prik-thai-prawns-fried-with-garlic-and-white-pepper/,2,4.5,thai,377,24.7g,4.0g,157mg,1118mg,258mg,19.5g,1g,20.5g,4g,169IU,3mg,75mg,1mg,0mg,8mg,0mg,52mg,21mcg
Yam Taeng (Spicy Cucumber Salad),Yam Taeng (Spicy Cucumber Salad),213923/yam-taeng-spicy-cucumber-salad/,2,5,thai,347,4.5g,1.0g,8mg,625mg,1253mg,57.9g,10.2g,22.5g,4g,365IU,28mg,141mg,7mg,1mg,7mg,0mg,304mg,537mcg
Pad Kee Mow (Drunkard's Noodles),Pad Kee Mow (Drunkard's Noodles),220443/pad-kee-mow-drunkards-noodles/,51,4.48717927932739,thai,301,8.3g,1.0g,20mg,1204mg,338mg,44.9g,2.5g,11.8g,5g,2347IU,38mg,74mg,3mg,0mg,6mg,0mg,49mg,41mcg
Thai Sweet Sticky Rice With Mango (Khao Neeo Mamuang),Thai Sweet Sticky Rice With Mango (Khao Neeo Mamuang),150313/thai-sweet-sticky-rice-with-mango-khao-neeo-mamuang/,351,4.52016115188599,thai,817,26g,22.0g,0mg,458mg,561mg,144.3g,6.4g,8.4g,76g,1188IU,44mg,65mg,7mg,1mg,6mg,0mg,92mg,213mcg
Thai Carrot Salad,Thai Carrot Salad,239964/thai-carrot-salad/,17,4.80000019073486,thai,183,5.4g,1.0g,0mg,332mg,288mg,34.3g,2.7g,3.5g,28g,9951IU,6mg,32mg,1mg,0mg,2mg,0mg,32mg,27mcg
Thai Chicken Satay,Thai Chicken Satay,90294/thai-chicken-satay/,72,4.33333349227905,thai,391,25g,9.0g,66mg,315mg,607mg,9.3g,3g,35.4g,0g,81IU,9mg,41mg,3mg,0mg,23mg,1mg,103mg,38mcg
Thai Red Curry Paste,Thai Red Curry Paste,239501/thai-red-curry-paste/,7,4,thai,103,4.3g,1.0g,2mg,593mg,271mg,15g,3.9g,2.6g,5g,896IU,12mg,60mg,2mg,0mg,1mg,0mg,23mg,25mcg
Curried Coconut Chicken,Curried Coconut Chicken,68532/curried-coconut-chicken/,5k,4.49371671676636,thai,375,20.9g,14.0g,78mg,807mg,647mg,16.7g,2.8g,32.2g,11g,287IU,10mg,67mg,5mg,0mg,16mg,0mg,75mg,25mcg
Peanut Butter Noodles,Peanut Butter Noodles,11835/peanut-butter-noodles/,1k,4.46728992462158,thai,330,12g,2.0g,0mg,1188mg,275mg,46.8g,1.9g,10.7g,9g,63IU,2mg,31mg,1mg,0mg,5mg,0mg,43mg,29mcg
The Best Thai Coconut Soup,The Best Thai Coconut Soup,146035/the-best-thai-coconut-soup/,2k,4.6136155128479,thai,368,32.9g,28.0g,86mg,579mg,451mg,8.9g,2g,13.2g,2g,199IU,5mg,50mg,7mg,0mg,5mg,0mg,94mg,28mcg
Pad Thai,Pad Thai,42968/pad-thai/,1k,3.92959761619568,thai,524,20.7g,6.0g,178mg,594mg,394mg,58.5g,2.9g,26.4g,8g,460IU,19mg,62mg,2mg,0mg,15mg,1mg,60mg,52mcg
Chicken Satay,Chicken Satay,17511/chicken-satay/,575,4.23602485656738,thai,162,3g,1.0g,68mg,694mg,374mg,4.1g,0.7g,28.8g,2g,44IU,6mg,24mg,1mg,0mg,19mg,1mg,45mg,11mcg
Spicy Thai Basil Chicken (Pad Krapow Gai),Spicy Thai Basil Chicken (Pad Krapow Gai),257938/spicy-thai-basil-chicken-pad-krapow-gai/,1k,4.77094030380249,thai,715,30g,7.0g,156mg,1182mg,670mg,58.6g,1.4g,49.8g,6g,1568IU,31mg,99mg,5mg,0mg,23mg,1mg,92mg,133mcg
Thai Green Curry Chicken,Thai Green Curry Chicken,141833/thai-green-curry-chicken/,792,4.5296368598938,thai,472,40.9g,24.0g,57mg,935mg,475mg,14.6g,1.8g,27.1g,7g,526IU,5mg,47mg,5mg,0mg,8mg,0mg,83mg,33mcg
Thai Cucumber Salad,Thai Cucumber Salad,169593/thai-cucumber-salad/,696,4.62768030166626,thai,238,9.4g,1.0g,0mg,1751mg,461mg,37.1g,2.8g,5.8g,30g,471IU,10mg,48mg,1mg,0mg,4mg,0mg,62mg,46mcg
Thai Pineapple Chicken Curry,Thai Pineapple Chicken Curry,86005/thai-pineapple-chicken-curry/,458,4.50851058959961,thai,623,34.5g,25.0g,20mg,781mg,546mg,77.5g,3.5g,20.3g,16g,374IU,27mg,65mg,7mg,0mg,10mg,0mg,112mg,143mcg
Thai Red Chicken Curry,Thai Red Chicken Curry,85815/thai-red-chicken-curry/,620,3.83259916305542,thai,271,15.8g,6.0g,59mg,147mg,383mg,11.2g,1.9g,25.4g,4g,3653IU,47mg,29mg,1mg,0mg,12mg,0mg,32mg,34mcg
Thai Chicken with Basil Stir Fry,Thai Chicken with Basil Stir Fry,35892/thai-chicken-with-basil-stir-fry/,833,4.36602878570557,thai,506,12.1g,7.0g,78mg,804mg,462mg,60g,2.2g,36.9g,2g,855IU,7mg,81mg,5mg,0mg,19mg,1mg,84mg,141mcg
