{"9239/yorkshire-pudding/": {"General": {"Title": "Yorkshire Pudding", "Reference": "9239/yorkshire-pudding/", "Popularity": "375", "Rating": "4.53038692474365", "Region": "uk-and-ireland", "Calories": "157", "Total Fat": "3.3g", "Saturated Fat": "1.0g", "Cholesterol": "89mg", "Sodium": "261mg", "Potassium": "121mg", "Total Carbohydrates": "19.1g", "Dietary Fiber": "0.6g", "Protein": "11.8g", "Sugars": "1g", "Vitamin A": "135IU", "Vitamin C": "0mg", "Calcium": "44mg", "Iron": "2mg", "Thiamin": "0mg", "Niacin": "3mg", "Vitamin B6": "0mg", "Magnesium": "16mg", "Folate": "54mcg"}, "Nutrition": {"Calories": "157", "Total Fat": "3.3g", "Saturated Fat": "1.0g", "Cholesterol": "89mg", "Sodium": "261mg", "Potassium": "121mg", "Total Carbohydrates": "19.1g", "Dietary Fiber": "0.6g", "Protein": "11.8g", "Sugars": "1g", "Vitamin A": "135IU", "Vitamin C": "0mg", "Calcium": "44mg", "Iron": "2mg", "Thiamin": "0mg", "Niacin": "3mg", "Vitamin B6": "0mg", "Magnesium": "16mg", "Folate": "54mcg"}, "Ingredients": ["25 g all-purpose flour", "0.6 g salt", "20 ml milk, room temperature", "3/8 eggs, room temperature", "20 ml water", "15 ml beef drippings"]}, "100378/irish-bacon-and-cabbage-soup/": {"General": {"Title": "Irish Bacon And Cabbage Soup", "Reference": "100378/irish-bacon-and-cabbage-soup/", "Popularity": "210", "Rating": "4.53125", "Region": "uk-and-ireland", "Calories": "276", "Total Fat": "8.1g", "Saturated Fat": "3.0g", "Cholesterol": "21mg", "Sodium": "825mg", "Potassium": "1096mg", "Total Carbohydrates": "38.4g", "Dietary Fiber": "6g", "Protein": "12.3g", "Sugars": "5g", "Vitamin A": "1239IU", "Vitamin C": "55mg", "Calcium": "73mg", "Iron": "4mg", "Thiamin": "0mg", "Niacin": "6mg", "Vitamin B6": "1mg", "Magnesium": "58mg", "Folate": "58mcg"}, "Nutrition": {"Calories": "276", "Total Fat": "8.1g", "Saturated Fat": "3.0g", "Cholesterol": "21mg", "Sodium": "825mg", "Potassium": "1096mg", "Total Carbohydrates": "38.4g", "Dietary Fiber": "6g", "Protein": "12.3g", "Sugars": "5g", "Vitamin A": "1239IU", "Vitamin C": "55mg", "Calcium": "73mg", "Iron": "4mg", "Thiamin": "0mg", "Niacin": "6mg", "Vitamin B6": "1mg", "Magnesium": "58mg", "Folate": "58mcg"}, "Ingredients": ["55 g Irish bacon, diced", "1/2 large potatoes, peeled and cubed", "1/4 (15 ounce) can diced tomatoes with juice", "60 ml chicken stock, or as needed", "Salt and black pepper to taste", "35 g thinly sliced dark green Savoy cabbage leaves"]}, "100526/fergs-ulster-fry-up/": {"General": {"Title": "Ferg's Ulster Fry-up", "Reference": "100526/fergs-ulster-fry-up/", "Popularity": "20", "Rating": "4.69999980926514", "Region": "uk-and-ireland", "Calories": "643", "Total Fat": "47.7g", "Saturated Fat": "11.0g", "Cholesterol": "227mg", "Sodium": "957mg", "Potassium": "401mg", "Total Carbohydrates": "32.4g", "Dietary Fiber": "1.9g", "Protein": "21g", "Sugars": "3g", "Vitamin A": "695IU", "Vitamin C": "6mg", "Calcium": "89mg", "Iron": "5mg", "Thiamin": "0mg", "Niacin": "7mg", "Vitamin B6": "0mg", "Magnesium": "33mg", "Folate": "54mcg"}, "Nutrition": {"Calories": "643", "Total Fat": "47.7g", "Saturated Fat": "11.0g", "Cholesterol": "227mg", "Sodium": "957mg", "Potassium": "401mg", "Total Carbohydrates": "32.4g", "Dietary Fiber": "1.9g", "Protein": "21g", "Sugars": "3g", "Vitamin A": "695IU", "Vitamin C": "6mg", "Calcium": "89mg", "Iron": "5mg", "Thiamin": "0mg", "Niacin": "7mg", "Vitamin B6": "0mg", "Magnesium": "33mg", "Folate": "54mcg"}, "Ingredients": ["1 thick slice Irish bacon", "1 sausages", "1/2 soda bread farl, sliced in half horizontally", "1 potato bread farls", "8 ml vegetable oil, or as needed", "1 slice black pudding", "1/2 tomato, halved", "1 eggs"]}, "52024/mushy-peas-ii/": {"General": {"Title": "Mushy Peas II", "Reference": "52024/mushy-peas-ii/", "Popularity": "10", "Rating": "3.46153855323792", "Region": "uk-and-ireland", "Calories": "216", "Total Fat": "13g", "Saturated Fat": "5.0g", "Cholesterol": "15mg", "Sodium": "397mg", "Potassium": "328mg", "Total Carbohydrates": "19.7g", "Dietary Fiber": "6.2g", "Protein": "7g", "Sugars": "7g", "Vitamin A": "3076IU", "Vitamin C": "31mg", "Calcium": "68mg", "Iron": "5mg", "Thiamin": "0mg", "Niacin": "3mg", "Vitamin B6": "0mg", "Magnesium": "43mg", "Folate": "97mcg"}, "Nutrition": {"Calories": "216", "Total Fat": "13g", "Saturated Fat": "5.0g", "Cholesterol": "15mg", "Sodium": "397mg", "Potassium": "328mg", "Total Carbohydrates": "19.7g", "Dietary Fiber": "6.2g", "Protein": "7g", "Sugars": "7g", "Vitamin A": "3076IU", "Vitamin C": "31mg", "Calcium": "68mg", "Iron": "5mg", "Thiamin": "0mg", "Niacin": "3mg", "Vitamin B6": "0mg", "Magnesium": "43mg", "Folate": "97mcg"}, "Ingredients": ["8 ml olive oil", "1/4 bunch green onions, chopped", "0.1 g chopped fresh mint", "115 g frozen green peas, thawed", "7 g butter", "0.7 g sea salt and ground black pepper to taste"]}, "16899/beef-wellington/": {"General": {"Title": "Beef Wellington", "Reference": "16899/beef-wellington/", "Popularity": "509", "Rating": "4.52528095245361", "Region": "uk-and-ireland", "Calories": "744", "Total Fat": "57.2g", "Saturated Fat": "21.0g", "Cholesterol": "131mg", "Sodium": "434mg", "Potassium": "385mg", "Total Carbohydrates": "29.6g", "Dietary Fiber": "1.2g", "Protein": "26.2g", "Sugars": "1g", "Vitamin A": "533IU", "Vitamin C": "1mg", "Calcium": "30mg", "Iron": "5mg", "Thiamin": "0mg", "Niacin": "11mg", "Vitamin B6": "0mg", "Magnesium": "32mg", "Folate": "65mcg"}, "Nutrition": {"Calories": "744", "Total Fat": "57.2g", "Saturated Fat": "21.0g", "Cholesterol": "131mg", "Sodium": "434mg", "Potassium": "385mg", "Total Carbohydrates": "29.6g", "Dietary Fiber": "1.2g", "Protein": "26.2g", "Sugars": "1g", "Vitamin A": "533IU", "Vitamin C": "1mg", "Calcium": "30mg", "Iron": "5mg", "Thiamin": "0mg", "Niacin": "11mg", "Vitamin B6": "0mg", "Magnesium": "32mg", "Folate": "65mcg"}, "Ingredients": ["140 g beef tenderloin", "4 g butter, softened", "4 g butter", "1/8 onion, chopped", "4 g sliced fresh mushrooms", "7 g liver pate", "4 g butter, softened", "salt and pepper to taste", "1/8 (17.5 ounce) package frozen puff pastry, thawed", "1/8 egg yolk, beaten", "1/8 (10.5 ounce) can beef broth", "4 ml red wine"]}, "48770/cawl-traditional-welsh-broth/": {"General": {"Title": "Cawl (Traditional Welsh Broth)", "Reference": "48770/cawl-traditional-welsh-broth/", "Popularity": "16", "Rating": "4.34999990463257", "Region": "uk-and-ireland", "Calories": "154", "Total Fat": "3.1g", "Saturated Fat": "1.0g", "Cholesterol": "12mg", "Sodium": "248mg", "Potassium": "709mg", "Total Carbohydrates": "23.8g", "Dietary Fiber": "5g", "Protein": "9g", "Sugars": "7g", "Vitamin A": "2404IU", "Vitamin C": "48mg", "Calcium": "76mg", "Iron": "2mg", "Thiamin": "0mg", "Niacin": "5mg", "Vitamin B6": "1mg", "Magnesium": "44mg", "Folate": "62mcg"}, "Nutrition": {"Calories": "154", "Total Fat": "3.1g", "Saturated Fat": "1.0g", "Cholesterol": "12mg", "Sodium": "248mg", "Potassium": "709mg", "Total Carbohydrates": "23.8g", "Dietary Fiber": "5g", "Protein": "9g", "Sugars": "7g", "Vitamin A": "2404IU", "Vitamin C": "48mg", "Calcium": "76mg", "Iron": "2mg", "Thiamin": "0mg", "Niacin": "5mg", "Vitamin B6": "1mg", "Magnesium": "44mg", "Folate": "62mcg"}, "Ingredients": ["160 ml water", "30 g beef shank", "1/8 large onions, chopped", "1/8 large carrots, sliced", "1/8 rutabaga, diced", "salt and pepper to taste", "3/8 potatoes, peeled and quartered", "1/8 leeks, sliced", "1/8 small head cabbage, sliced", "0.6 g chopped fresh parsley"]}, "16360/cock-a-leekie-soup/": {"General": {"Title": "Cock a Leekie Soup", "Reference": "16360/cock-a-leekie-soup/", "Popularity": "63", "Rating": "4.47457647323608", "Region": "uk-and-ireland", "Calories": "243", "Total Fat": "6.5g", "Saturated Fat": "2.0g", "Cholesterol": "126mg", "Sodium": "503mg", "Potassium": "544mg", "Total Carbohydrates": "12.4g", "Dietary Fiber": "2.1g", "Protein": "32.4g", "Sugars": "3g", "Vitamin A": "1022IU", "Vitamin C": "8mg", "Calcium": "61mg", "Iron": "3mg", "Thiamin": "0mg", "Niacin": "17mg", "Vitamin B6": "1mg", "Magnesium": "62mg", "Folate": "55mcg"}, "Nutrition": {"Calories": "243", "Total Fat": "6.5g", "Saturated Fat": "2.0g", "Cholesterol": "126mg", "Sodium": "503mg", "Potassium": "544mg", "Total Carbohydrates": "12.4g", "Dietary Fiber": "2.1g", "Protein": "32.4g", "Sugars": "3g", "Vitamin A": "1022IU", "Vitamin C": "8mg", "Calcium": "61mg", "Iron": "3mg", "Thiamin": "0mg", "Niacin": "17mg", "Vitamin B6": "1mg", "Magnesium": "62mg", "Folate": "55mcg"}, "Ingredients": ["150 g chicken thighs, bone in, skin removed", "200 ml water", "1/8 onion, chopped", "5 g barley", "1/8 (10.5 ounce) can condensed chicken broth", "5/8 leeks, sliced", "1/8 stalk celery, thickly sliced", "1/8 sprig fresh thyme, chopped", "0.3 g chopped fresh parsley", "0.5 g salt", "0.1 g ground black pepper"]}, "81466/vegetarian-haggis/": {"General": {"Title": "Vegetarian Haggis", "Reference": "81466/vegetarian-haggis/", "Popularity": "34", "Rating": "4.11111116409302", "Region": "uk-and-ireland", "Calories": "163", "Total Fat": "5.6g", "Saturated Fat": "1.0g", "Cholesterol": "19mg", "Sodium": "176mg", "Potassium": "166mg", "Total Carbohydrates": "22.5g", "Dietary Fiber": "5.4g", "Protein": "6.6g", "Sugars": "2g", "Vitamin A": "984IU", "Vitamin C": "3mg", "Calcium": "24mg", "Iron": "2mg", "Thiamin": "0mg", "Niacin": "2mg", "Vitamin B6": "0mg", "Magnesium": "20mg", "Folate": "44mcg"}, "Nutrition": {"Calories": "163", "Total Fat": "5.6g", "Saturated Fat": "1.0g", "Cholesterol": "19mg", "Sodium": "176mg", "Potassium": "166mg", "Total Carbohydrates": "22.5g", "Dietary Fiber": "5.4g", "Protein": "6.6g", "Sugars": "2g", "Vitamin A": "984IU", "Vitamin C": "3mg", "Calcium": "24mg", "Iron": "2mg", "Thiamin": "0mg", "Niacin": "2mg", "Vitamin B6": "0mg", "Magnesium": "20mg", "Folate": "44mcg"}, "Ingredients": ["2 ml vegetable oil", "1/8 medium onion, finely chopped", "1/8 small carrot, finely chopped", "1/2 fresh mushrooms, finely chopped", "25 ml vegetable broth", "6 g dry red lentils", "3 g canned kidney beans - drained, rinsed, and mashed", "3 g ground peanuts", "1 g ground hazelnuts", "2 ml soy sauce", "2 ml lemon juice", "0.2 g dried thyme", "0.1 g dried rosemary", "1/8 pinch ground cayenne pepper", "0.3 g mixed spice", "1/8 egg, beaten", "20 g steel cut oats"]}, "18981/english-trifle-to-die-for/": {"General": {"Title": "English Trifle to Die For", "Reference": "18981/english-trifle-to-die-for/", "Popularity": "125", "Rating": "4.74489784240723", "Region": "uk-and-ireland", "Calories": "566", "Total Fat": "33.2g", "Saturated Fat": "18.0g", "Cholesterol": "179mg", "Sodium": "350mg", "Potassium": "188mg", "Total Carbohydrates": "63.6g", "Dietary Fiber": "3.3g", "Protein": "6.7g", "Sugars": "32g", "Vitamin A": "1219IU", "Vitamin C": "7mg", "Calcium": "141mg", "Iron": "1mg", "Thiamin": "0mg", "Niacin": "2mg", "Vitamin B6": "0mg", "Magnesium": "37mg", "Folate": "37mcg"}, "Nutrition": {"Calories": "566", "Total Fat": "33.2g", "Saturated Fat": "18.0g", "Cholesterol": "179mg", "Sodium": "350mg", "Potassium": "188mg", "Total Carbohydrates": "63.6g", "Dietary Fiber": "3.3g", "Protein": "6.7g", "Sugars": "32g", "Vitamin A": "1219IU", "Vitamin C": "7mg", "Calcium": "141mg", "Iron": "1mg", "Thiamin": "0mg", "Niacin": "2mg", "Vitamin B6": "0mg", "Magnesium": "37mg", "Folate": "37mcg"}, "Ingredients": ["1/8 (9 inch) sponge cake, cut in cubes", "40 g seedless raspberry jam", "30 g fresh raspberries", "35 ml heavy cream", "3/8 egg yolks", "5 g white sugar", "35 ml heavy cream", "7 g sliced almonds"]}, "16947/amazingly-easy-irish-soda-bread/": {"General": {"Title": "Amazingly Easy Irish Soda Bread", "Reference": "16947/amazingly-easy-irish-soda-bread/", "Popularity": "1k", "Rating": "4.47800588607788", "Region": "uk-and-ireland", "Calories": "172", "Total Fat": "7.5g", "Saturated Fat": "2.0g", "Cholesterol": "16mg", "Sodium": "269mg", "Potassium": "56mg", "Total Carbohydrates": "22.5g", "Dietary Fiber": "0.7g", "Protein": "3.5g", "Sugars": "3g", "Vitamin A": "290IU", "Vitamin C": "0mg", "Calcium": "53mg", "Iron": "1mg", "Thiamin": "0mg", "Niacin": "2mg", "Vitamin B6": "0mg", "Magnesium": "8mg", "Folate": "48mcg"}, "Nutrition": {"Calories": "172", "Total Fat": "7.5g", "Saturated Fat": "2.0g", "Cholesterol": "16mg", "Sodium": "269mg", "Potassium": "56mg", "Total Carbohydrates": "22.5g", "Dietary Fiber": "0.7g", "Protein": "3.5g", "Sugars": "3g", "Vitamin A": "290IU", "Vitamin C": "0mg", "Calcium": "53mg", "Iron": "1mg", "Thiamin": "0mg", "Niacin": "2mg", "Vitamin B6": "0mg", "Magnesium": "8mg", "Folate": "48mcg"}, "Ingredients": ["25 g all-purpose flour", "3 g white sugar", "0.2 g baking soda", "0.5 g baking powder", "0.2 g salt", "6 g margarine, softened", "10 ml buttermilk", "1/8 egg", "3 g butter, melted", "3 ml buttermilk"]}, "11843/irish-chicken-and-dumplings/": {"General": {"Title": "Irish Chicken and Dumplings", "Reference": "11843/irish-chicken-and-dumplings/", "Popularity": "1k", "Rating": "4.53888463973999", "Region": "uk-and-ireland", "Calories": "595", "Total Fat": "9.2g", "Saturated Fat": "3.0g", "Cholesterol": "58mg", "Sodium": "2402mg", "Potassium": "1376mg", "Total Carbohydrates": "94.4g", "Dietary Fiber": "7.8g", "Protein": "33.9g", "Sugars": "14g", "Vitamin A": "11398IU", "Vitamin C": "45mg", "Calcium": "162mg", "Iron": "6mg", "Thiamin": "0mg", "Niacin": "20mg", "Vitamin B6": "1mg", "Magnesium": "90mg", "Folate": "150mcg"}, "Nutrition": {"Calories": "595", "Total Fat": "9.2g", "Saturated Fat": "3.0g", "Cholesterol": "58mg", "Sodium": "2402mg", "Potassium": "1376mg", "Total Carbohydrates": "94.4g", "Dietary Fiber": "7.8g", "Protein": "33.9g", "Sugars": "14g", "Vitamin A": "11398IU", "Vitamin C": "45mg", "Calcium": "162mg", "Iron": "6mg", "Thiamin": "0mg", "Niacin": "20mg", "Vitamin B6": "1mg", "Magnesium": "90mg", "Folate": "150mcg"}, "Ingredients": ["3/8 (10.75 ounce) can condensed cream of chicken soup", "120 ml water", "20 g chopped celery", "3/8 onions, quartered", "1 g salt", "0.1 g poultry seasoning", "0.2 g ground black pepper", "5/8 skinless, boneless chicken breast halves", "7/8 carrots, sliced", "1/8 (10 ounce) package frozen green peas", "5/8 potatoes, quartered", "60 g baking mix", "55 ml milk"]}, "7095/irresistible-irish-soda-bread/": {"General": {"Title": "Irresistible Irish Soda Bread", "Reference": "7095/irresistible-irish-soda-bread/", "Popularity": "1k", "Rating": "4.56606864929199", "Region": "uk-and-ireland", "Calories": "192", "Total Fat": "4.9g", "Saturated Fat": "3.0g", "Cholesterol": "27mg", "Sodium": "497mg", "Potassium": "102mg", "Total Carbohydrates": "31.7g", "Dietary Fiber": "0.8g", "Protein": "5.1g", "Sugars": "8g", "Vitamin A": "149IU", "Vitamin C": "0mg", "Calcium": "123mg", "Iron": "2mg", "Thiamin": "0mg", "Niacin": "3mg", "Vitamin B6": "0mg", "Magnesium": "12mg", "Folate": "61mcg"}, "Nutrition": {"Calories": "192", "Total Fat": "4.9g", "Saturated Fat": "3.0g", "Cholesterol": "27mg", "Sodium": "497mg", "Potassium": "102mg", "Total Carbohydrates": "31.7g", "Dietary Fiber": "0.8g", "Protein": "5.1g", "Sugars": "8g", "Vitamin A": "149IU", "Vitamin C": "0mg", "Calcium": "123mg", "Iron": "2mg", "Thiamin": "0mg", "Niacin": "3mg", "Vitamin B6": "0mg", "Magnesium": "12mg", "Folate": "61mcg"}, "Ingredients": ["30 g all-purpose flour", "1 g baking powder", "6 g white sugar", "0.5 g salt", "0.4 g baking soda", "1/8 egg, lightly beaten", "40 ml buttermilk", "5 g butter, melted"]}, "46530/guinness-corned-beef/": {"General": {"Title": "Guinness(R) Corned Beef", "Reference": "46530/guinness-corned-beef/", "Popularity": "1k", "Rating": "4.41409683227539", "Region": "uk-and-ireland", "Calories": "277", "Total Fat": "16.9g", "Saturated Fat": "5.0g", "Cholesterol": "61mg", "Sodium": "1384mg", "Potassium": "355mg", "Total Carbohydrates": "13.6g", "Dietary Fiber": "0g", "Protein": "16.7g", "Sugars": "13g", "Vitamin A": "0IU", "Vitamin C": "31mg", "Calcium": "19mg", "Iron": "2mg", "Thiamin": "0mg", "Niacin": "7mg", "Vitamin B6": "0mg", "Magnesium": "17mg", "Folate": "6mcg"}, "Nutrition": {"Calories": "277", "Total Fat": "16.9g", "Saturated Fat": "5.0g", "Cholesterol": "61mg", "Sodium": "1384mg", "Potassium": "355mg", "Total Carbohydrates": "13.6g", "Dietary Fiber": "0g", "Protein": "16.7g", "Sugars": "13g", "Vitamin A": "0IU", "Vitamin C": "31mg", "Calcium": "19mg", "Iron": "2mg", "Thiamin": "0mg", "Niacin": "7mg", "Vitamin B6": "0mg", "Magnesium": "17mg", "Folate": "6mcg"}, "Ingredients": ["115 g corned beef brisket", "15 g brown sugar", "1/8 (12 fluid ounce) can or bottle Irish stout beer (e.g. Guinness(r))"]}, "18456/irish-soda-bread/": {"General": {"Title": "Irish Soda Bread", "Reference": "18456/irish-soda-bread/", "Popularity": "919", "Rating": "4.69093418121338", "Region": "uk-and-ireland", "Calories": "511", "Total Fat": "8.6g", "Saturated Fat": "5.0g", "Cholesterol": "67mg", "Sodium": "543mg", "Potassium": "389mg", "Total Carbohydrates": "99.5g", "Dietary Fiber": "3.2g", "Protein": "11.3g", "Sugars": "15g", "Vitamin A": "274IU", "Vitamin C": "1mg", "Calcium": "164mg", "Iron": "4mg", "Thiamin": "1mg", "Niacin": "6mg", "Vitamin B6": "0mg", "Magnesium": "35mg", "Folate": "126mcg"}, "Nutrition": {"Calories": "511", "Total Fat": "8.6g", "Saturated Fat": "5.0g", "Cholesterol": "67mg", "Sodium": "543mg", "Potassium": "389mg", "Total Carbohydrates": "99.5g", "Dietary Fiber": "3.2g", "Protein": "11.3g", "Sugars": "15g", "Vitamin A": "274IU", "Vitamin C": "1mg", "Calcium": "164mg", "Iron": "4mg", "Thiamin": "1mg", "Niacin": "6mg", "Vitamin B6": "0mg", "Magnesium": "35mg", "Folate": "126mcg"}, "Ingredients": ["10 g white sugar", "60 g all-purpose flour", "0.8 g baking powder", "0.6 g baking soda", "0.6 g salt", "60 g raisins", "0.8 g caraway seeds", "1/4 eggs, lightly beaten", "35 ml buttermilk", "30 g sour cream"]}, "234534/beef-and-guinness-stew/": {"General": {"Title": "Beef and Guinness(R) Stew", "Reference": "234534/beef-and-guinness-stew/", "Popularity": "1k", "Rating": "4.85261726379395", "Region": "uk-and-ireland", "Calories": "528", "Total Fat": "24.6g", "Saturated Fat": "10.0g", "Cholesterol": "96mg", "Sodium": "1605mg", "Potassium": "1015mg", "Total Carbohydrates": "42.1g", "Dietary Fiber": "5.1g", "Protein": "29.4g", "Sugars": "9g", "Vitamin A": "5365IU", "Vitamin C": "20mg", "Calcium": "91mg", "Iron": "4mg", "Thiamin": "0mg", "Niacin": "11mg", "Vitamin B6": "1mg", "Magnesium": "62mg", "Folate": "42mcg"}, "Nutrition": {"Calories": "528", "Total Fat": "24.6g", "Saturated Fat": "10.0g", "Cholesterol": "96mg", "Sodium": "1605mg", "Potassium": "1015mg", "Total Carbohydrates": "42.1g", "Dietary Fiber": "5.1g", "Protein": "29.4g", "Sugars": "9g", "Vitamin A": "5365IU", "Vitamin C": "20mg", "Calcium": "91mg", "Iron": "4mg", "Thiamin": "0mg", "Niacin": "11mg", "Vitamin B6": "1mg", "Magnesium": "62mg", "Folate": "42mcg"}, "Ingredients": ["5/8 slice bacon, cut into small pieces", "190 g boneless beef chuck, cut into 2-inch pieces", "1 g salt, or more to taste", "freshly ground black pepper to taste", "3/8 onions, coarsely chopped", "0.5 g salt", "5/8 clove garlic, minced", "1/8 (14.9 ounce) can dark beer (such as Guinness(R))", "10 g tomato paste", "5/8 sprig fresh thyme", "1/2 carrots, cut into 1-inch pieces", "3/8 stalk celery, cut into 1-inch pieces", "0.7 g white sugar", "0.2 g freshly ground black pepper, or to taste", "100 ml chicken stock, or as needed to cover", "140 g mashed potatoes (optional)"]}, "58642/dianes-colcannon/": {"General": {"Title": "Diane's Colcannon", "Reference": "58642/dianes-colcannon/", "Popularity": "844", "Rating": "4.75558662414551", "Region": "uk-and-ireland", "Calories": "250", "Total Fat": "12.6g", "Saturated Fat": "6.0g", "Cholesterol": "26mg", "Sodium": "217mg", "Potassium": "756mg", "Total Carbohydrates": "29.8g", "Dietary Fiber": "4.6g", "Protein": "5.8g", "Sugars": "4g", "Vitamin A": "258IU", "Vitamin C": "45mg", "Calcium": "59mg", "Iron": "1mg", "Thiamin": "0mg", "Niacin": "3mg", "Vitamin B6": "1mg", "Magnesium": "43mg", "Folate": "46mcg"}, "Nutrition": {"Calories": "250", "Total Fat": "12.6g", "Saturated Fat": "6.0g", "Cholesterol": "26mg", "Sodium": "217mg", "Potassium": "756mg", "Total Carbohydrates": "29.8g", "Dietary Fiber": "4.6g", "Protein": "5.8g", "Sugars": "4g", "Vitamin A": "258IU", "Vitamin C": "45mg", "Calcium": "59mg", "Iron": "1mg", "Thiamin": "0mg", "Niacin": "3mg", "Vitamin B6": "1mg", "Magnesium": "43mg", "Folate": "46mcg"}, "Ingredients": ["140 g potatoes, peeled and cubed", "1/2 slice bacon", "1/8 small head cabbage, chopped", "1/8 large onion, chopped", "15 ml milk", "salt and pepper to taste", "7 g butter, melted"]}, "231030/braised-corned-beef-brisket/": {"General": {"Title": "Braised Corned Beef Brisket", "Reference": "231030/braised-corned-beef-brisket/", "Popularity": "1k", "Rating": "4.80608987808228", "Region": "uk-and-ireland", "Calories": "455", "Total Fat": "33.7g", "Saturated Fat": "11.0g", "Cholesterol": "162mg", "Sodium": "1877mg", "Potassium": "307mg", "Total Carbohydrates": "5.4g", "Dietary Fiber": "0.7g", "Protein": "30.6g", "Sugars": "2g", "Vitamin A": "1IU", "Vitamin C": "4mg", "Calcium": "28mg", "Iron": "3mg", "Thiamin": "0mg", "Niacin": "8mg", "Vitamin B6": "0mg", "Magnesium": "24mg", "Folate": "17mcg"}, "Nutrition": {"Calories": "455", "Total Fat": "33.7g", "Saturated Fat": "11.0g", "Cholesterol": "162mg", "Sodium": "1877mg", "Potassium": "307mg", "Total Carbohydrates": "5.4g", "Dietary Fiber": "0.7g", "Protein": "30.6g", "Sugars": "2g", "Vitamin A": "1IU", "Vitamin C": "4mg", "Calcium": "28mg", "Iron": "3mg", "Thiamin": "0mg", "Niacin": "8mg", "Vitamin B6": "0mg", "Magnesium": "24mg", "Folate": "17mcg"}, "Ingredients": ["1/8 (5 pound) flat-cut corned beef brisket", "3 ml browning sauce (such as Kitchen Bouquet(R)), or as desired", "3 ml vegetable oil", "1/8 onion, sliced", "1 clove garlic, sliced", "5 ml water"]}, "11341/scottish-shortbread-iv/": {"General": {"Title": "Scottish Shortbread IV", "Reference": "11341/scottish-shortbread-iv/", "Popularity": "899", "Rating": "4.57190656661987", "Region": "uk-and-ireland", "Calories": "256", "Total Fat": "15.6g", "Saturated Fat": "10.0g", "Cholesterol": "41mg", "Sodium": "112mg", "Potassium": "42mg", "Total Carbohydrates": "26.9g", "Dietary Fiber": "0.6g", "Protein": "2.6g", "Sugars": "9g", "Vitamin A": "473IU", "Vitamin C": "0mg", "Calcium": "16mg", "Iron": "1mg", "Thiamin": "0mg", "Niacin": "2mg", "Vitamin B6": "0mg", "Magnesium": "6mg", "Folate": "44mcg"}, "Nutrition": {"Calories": "256", "Total Fat": "15.6g", "Saturated Fat": "10.0g", "Cholesterol": "41mg", "Sodium": "112mg", "Potassium": "42mg", "Total Carbohydrates": "26.9g", "Dietary Fiber": "0.6g", "Protein": "2.6g", "Sugars": "9g", "Vitamin A": "473IU", "Vitamin C": "0mg", "Calcium": "16mg", "Iron": "1mg", "Thiamin": "0mg", "Niacin": "2mg", "Vitamin B6": "0mg", "Magnesium": "6mg", "Folate": "44mcg"}, "Ingredients": ["20 g butter", "9 g packed brown sugar", "25 g all-purpose flour"]}, "16035/irish-lamb-stew/": {"General": {"Title": "Irish Lamb Stew", "Reference": "16035/irish-lamb-stew/", "Popularity": "823", "Rating": "4.59892082214355", "Region": "uk-and-ireland", "Calories": "672", "Total Fat": "39.3g", "Saturated Fat": "16.0g", "Cholesterol": "163mg", "Sodium": "1189mg", "Potassium": "936mg", "Total Carbohydrates": "26.3g", "Dietary Fiber": "4g", "Protein": "46.4g", "Sugars": "6g", "Vitamin A": "8245IU", "Vitamin C": "17mg", "Calcium": "82mg", "Iron": "5mg", "Thiamin": "0mg", "Niacin": "21mg", "Vitamin B6": "1mg", "Magnesium": "67mg", "Folate": "58mcg"}, "Nutrition": {"Calories": "672", "Total Fat": "39.3g", "Saturated Fat": "16.0g", "Cholesterol": "163mg", "Sodium": "1189mg", "Potassium": "936mg", "Total Carbohydrates": "26.3g", "Dietary Fiber": "4g", "Protein": "46.4g", "Sugars": "6g", "Vitamin A": "8245IU", "Vitamin C": "17mg", "Calcium": "82mg", "Iron": "5mg", "Thiamin": "0mg", "Niacin": "21mg", "Vitamin B6": "1mg", "Magnesium": "67mg", "Folate": "58mcg"}, "Ingredients": ["70 g thickly sliced bacon, diced", "270 g boneless lamb shoulder, cut into 2 inch pieces", "0.3 g salt", "0.1 g ground black pepper", "6 g all-purpose flour", "1/4 clove garlic, minced", "1/8 large onion, chopped", "10 ml water", "95 ml beef stock", "0.8 g white sugar", "50 g diced carrots", "1/4 large onions, cut into bite-size pieces", "1/4 potatoes", "0.1 g dried thyme", "1/4 bay leaves", "25 ml white wine"]}, "95339/sky-high-yorkshire-pudding/": {"General": {"Title": "Sky High Yorkshire Pudding", "Reference": "95339/sky-high-yorkshire-pudding/", "Popularity": "854", "Rating": "4.37873125076294", "Region": "uk-and-ireland", "Calories": "160", "Total Fat": "7.2g", "Saturated Fat": "2.0g", "Cholesterol": "65mg", "Sodium": "40mg", "Potassium": "106mg", "Total Carbohydrates": "17.9g", "Dietary Fiber": "0.6g", "Protein": "5.6g", "Sugars": "2g", "Vitamin A": "158IU", "Vitamin C": "0mg", "Calcium": "60mg", "Iron": "1mg", "Thiamin": "0mg", "Niacin": "2mg", "Vitamin B6": "0mg", "Magnesium": "11mg", "Folate": "48mcg"}, "Nutrition": {"Calories": "160", "Total Fat": "7.2g", "Saturated Fat": "2.0g", "Cholesterol": "65mg", "Sodium": "40mg", "Potassium": "106mg", "Total Carbohydrates": "17.9g", "Dietary Fiber": "0.6g", "Protein": "5.6g", "Sugars": "2g", "Vitamin A": "158IU", "Vitamin C": "0mg", "Calcium": "60mg", "Iron": "1mg", "Thiamin": "0mg", "Niacin": "2mg", "Vitamin B6": "0mg", "Magnesium": "11mg", "Folate": "48mcg"}, "Ingredients": ["3/8 eggs", "20 g all-purpose flour", "40 ml milk", "5 ml vegetable oil"]}}