{"tomato": 100, "lime": 50, "lemon": 100, "lettuce": 700, "orange": 130, "onion": 100, "pepper": 160, "grapefruit": 400, "avocado": 220, "banana": 120, "potato": 140, "peach": 120, "carrot": 130, "peppers": 160, "bell pepper": 160, "celery": 120, "cabbage": 300, "leaf": 200, "shallot": 100, "shallots": 100, "eggplant": 225, "cucumber": 250, "parsley": 50, "zucchini": 200, "ginger": 100, "garlic": 10, "peas": 100, "bok choy": 100, "squash": 300, "olive": 50, "kale": 200, "broccoli": 400, "mango": 300, "lemongrass": 100, "mushrooms": 100, "rutabaga": 160, "spinach": 200, "leeks": 200, "leek": 200, "corn": 100, "apple": 160, "pumpkin": 3000, "cauliflower": 500, "beet": 160, "green": 100, "greens": 100}