,Country,Obesity percentage
0,Afghanistan,4.5 [2.8-6.7]
1,Albania,22.3 [17.4-27.4]
2,Algeria,26.6 [21.7-32.0]
3,Andorra,28.0 [22.0-34.0]
4,Angola,6.8 [4.2-10.3]
5,Antigua and Barbuda,19.1 [13.9-24.8]
6,Argentina,28.5 [23.7-33.7]
7,Armenia,20.9 [16.3-25.7]
8,Australia,30.4 [26.5-34.4]
9,Austria,21.9 [17.5-26.8]
10,Azerbaijan,19.9 [15.3-24.9]
11,Bahamas,32.1 [26.1-38.5]
12,Bahrain,28.7 [23.5-34.2]
13,Bangladesh,3.4 [2.2-4.7]
14,Barbados,24.8 [19.8-30.2]
15,Belarus,26.6 [21.2-32.4]
16,Belgium,24.5 [20.7-28.5]
17,Belize,22.4 [17.5-27.9]
18,Benin,8.2 [6.0-10.8]
19,Bhutan,5.8 [3.8-8.2]
20,Bolivia (Plurinational State of),18.7 [14.2-23.7]
21,Bosnia and Herzegovina,19.4 [15.1-24.1]
22,Botswana,16.1 [12.3-20.3]
23,Brazil,22.3 [18.9-25.9]
24,Brunei Darussalam,14.7 [11.0-18.9]
25,Bulgaria,27.4 [21.8-33.3]
26,Burkina Faso,4.5 [3.1-6.3]
27,Burundi,4.4 [2.8-6.6]
28,Cabo Verde,10.6 [7.5-14.0]
29,Cambodia,3.5 [2.3-5.1]
30,Cameroon,9.5 [7.1-12.2]
31,Canada,31.3 [27.4-35.3]
32,Central African Republic,6.3 [4.0-9.3]
33,Chad,4.8 [3.3-6.8]
34,Chile,28.8 [24.2-33.7]
35,China,6.6 [5.1-8.4]
36,Colombia,22.1 [18.3-26.2]
37,Comoros,6.9 [4.7-9.6]
38,Congo,8.4 [5.8-11.5]
39,Cook Islands,55.3 [49.5-60.9]
40,Costa Rica,25.7 [21.2-30.6]
41,Côte d'Ivoire,9.0 [6.7-11.9]
42,Croatia,27.1 [22.4-32.1]
43,Cuba,26.7 [21.9-31.7]
44,Cyprus,22.6 [17.4-28.3]
45,Czechia,28.5 [23.5-33.9]
46,Democratic People's Republic of Korea,7.1 [4.2-10.6]
47,Democratic Republic of the Congo,5.6 [3.7-8.0]
48,Denmark,21.3 [17.5-25.3]
49,Djibouti,12.2 [8.6-16.7]
50,Dominica,28.2 [22.6-33.9]
51,Dominican Republic,26.9 [22.0-32.2]
52,Ecuador,19.3 [14.9-24.3]
53,Egypt,31.1 [26.7-35.5]
54,El Salvador,22.7 [18.0-27.7]
55,Equatorial Guinea,7.4 [4.6-10.8]
56,Eritrea,4.1 [2.6-6.0]
57,Estonia,23.8 [19.8-28.1]
58,Eswatini,13.5 [10.0-17.5]
59,Ethiopia,3.6 [2.3-5.2]
60,Fiji,30.0 [24.4-35.9]
61,Finland,24.9 [21.2-28.7]
62,France,23.2 [18.8-27.8]
63,Gabon,13.4 [9.5-18.1]
64,Gambia,8.7 [6.3-11.6]
65,Georgia,23.3 [18.4-28.5]
66,Germany,25.7 [21.9-29.8]
67,Ghana,9.7 [7.5-12.2]
68,Greece,27.4 [22.5-32.7]
69,Grenada,20.2 [15.4-25.5]
70,Guatemala,18.8 [14.9-23.2]
71,Guinea,6.6 [4.6-8.9]
72,Guinea-Bissau,8.2 [5.7-11.3]
73,Guyana,19.2 [14.5-24.4]
74,Haiti,20.5 [16.0-25.6]
75,Honduras,19.4 [15.1-24.1]
76,Hungary,28.6 [23.5-34.0]
77,Iceland,23.1 [19.1-27.4]
78,India,3.8 [2.9-4.9]
79,Indonesia,6.9 [5.1-9.1]
80,Iran (Islamic Republic of),25.5 [22.2-28.9]
81,Iraq,27.4 [22.7-32.4]
82,Ireland,26.9 [22.3-31.7]
83,Israel,26.7 [21.9-31.6]
84,Italy,22.9 [19.3-26.8]
85,Jamaica,24.4 [19.9-29.2]
86,Japan,4.4 [3.3-5.7]
87,Jordan,33.4 [29.0-37.9]
88,Kazakhstan,21.3 [17.1-25.7]
89,Kenya,6.0 [4.3-8.2]
90,Kiribati,45.6 [39.4-51.6]
91,Kuwait,37.0 [32.2-42.0]
92,Kyrgyzstan,15.4 [11.5-19.9]
93,Lao People's Democratic Republic,4.5 [3.0-6.4]
94,Latvia,25.7 [19.9-31.7]
95,Lebanon,31.3 [26.2-36.6]
96,Lesotho,13.5 [10.3-16.9]
97,Liberia,8.6 [6.2-11.4]
98,Libya,31.8 [26.5-37.4]
99,Lithuania,28.4 [23.2-33.8]
100,Luxembourg,24.2 [19.4-29.4]
101,Madagascar,4.5 [2.9-6.4]
102,Malawi,4.7 [3.2-6.5]
103,Malaysia,15.3 [12.3-18.7]
104,Maldives,7.9 [5.5-10.8]
105,Mali,7.1 [5.1-9.6]
106,Malta,31.0 [25.1-37.0]
107,Marshall Islands,52.4 [46.2-58.6]
108,Mauritania,11.3 [8.3-14.9]
109,Mauritius,11.5 [8.4-15.2]
110,Mexico,28.4 [24.7-32.3]
111,Micronesia (Federated States of),41.6 [35.5-47.6]
112,Monaco,No data
113,Mongolia,19.6 [15.6-23.9]
114,Montenegro,24.9 [19.2-30.7]
115,Morocco,25.6 [20.7-30.9]
116,Mozambique,6.0 [4.1-8.2]
117,Myanmar,5.7 [4.0-7.8]
118,Namibia,15.0 [11.5-18.7]
119,Nauru,60.7 [55.0-66.3]
120,Nepal,3.8 [2.6-5.2]
121,Netherlands,23.1 [19.3-27.0]
122,New Zealand,32.0 [28.4-35.6]
123,Nicaragua,21.8 [17.3-26.7]
124,Niger,4.7 [3.2-6.7]
125,Nigeria,7.8 [5.9-9.9]
126,Niue,49.3 [43.1-55.2]
127,Norway,25.0 [20.9-29.2]
128,Oman,22.9 [18.3-27.9]
129,Pakistan,7.8 [5.7-10.3]
130,Palau,54.9 [48.8-60.7]
131,Panama,22.5 [18.0-27.4]
132,Papua New Guinea,19.4 [14.0-25.3]
133,Paraguay,19.0 [13.9-24.6]
134,Peru,19.1 [16.0-22.4]
135,Philippines,6.0 [4.3-8.1]
136,Poland,25.6 [21.9-29.5]
137,Portugal,23.2 [18.8-27.8]
138,Qatar,33.9 [27.7-40.5]
139,Republic of Korea,4.9 [3.8-6.2]
140,Republic of Moldova,20.1 [15.1-25.5]
141,Romania,24.5 [20.0-29.3]
142,Russian Federation,25.7 [21.7-30.1]
143,Rwanda,4.8 [3.2-6.7]
144,Saint Kitts and Nevis,23.1 [17.7-29.1]
145,Saint Lucia,19.8 [14.9-25.1]
146,Saint Vincent and the Grenadines,23.8 [18.4-29.8]
147,Samoa,45.5 [39.8-51.5]
148,San Marino,No data
149,Sao Tome and Principe,10.6 [7.7-14.1]
150,Saudi Arabia,35.0 [30.5-39.5]
151,Senegal,7.4 [5.2-9.9]
152,Serbia,23.5 [19.1-28.1]
153,Seychelles,14.6 [11.0-18.6]
154,Sierra Leone,7.5 [5.3-10.1]
155,Singapore,6.6 [4.6-9.0]
156,Slovakia,22.4 [17.9-27.3]
157,Slovenia,22.5 [17.2-28.2]
158,Solomon Islands,20.5 [15.8-25.7]
159,Somalia,6.9 [4.5-9.8]
160,South Africa,27.0 [23.4-30.8]
161,South Sudan,No data
162,Spain,27.1 [23.2-31.1]
163,Sri Lanka,5.4 [3.7-7.7]
164,Sudan,No data
165,Sudan (former),7.4 [4.9-10.5]
166,Suriname,26.5 [21.3-31.9]
167,Sweden,22.1 [18.3-26.0]
168,Switzerland,21.2 [17.3-25.3]
169,Syrian Arab Republic,25.8 [20.7-31.3]
170,Tajikistan,12.6 [9.2-16.6]
171,Thailand,10.8 [8.0-14.0]
172,The former Yugoslav republic of Macedonia,23.9 [18.4-29.6]
173,Timor-Leste,2.9 [1.9-4.4]
174,Togo,7.1 [4.9-9.7]
175,Tonga,45.9 [39.7-51.9]
176,Trinidad and Tobago,19.7 [14.5-25.7]
177,Tunisia,27.3 [22.4-32.1]
178,Turkey,32.2 [28.4-36.1]
179,Turkmenistan,17.5 [13.3-22.3]
180,Tuvalu,51.0 [44.4-57.3]
181,Uganda,4.1 [2.8-5.8]
182,Ukraine,26.1 [20.2-32.3]
183,United Arab Emirates,29.9 [24.0-36.0]
184,United Kingdom of Great Britain and Northern Ireland,29.5 [26.6-32.5]
185,United Republic of Tanzania,7.1 [5.3-9.4]
186,United States of America,37.3 [33.4-41.3]
187,Uruguay,28.9 [23.7-34.4]
188,Uzbekistan,15.3 [11.5-19.8]
189,Vanuatu,23.5 [18.2-29.1]
190,Venezuela (Bolivarian Republic of),25.2 [20.9-29.8]
191,Viet Nam,2.1 [1.4-3.1]
192,Yemen,14.1 [10.8-17.8]
193,Zambia,6.5 [4.6-8.8]
194,Zimbabwe,12.3 [9.4-15.6]
