,Country,Overweight percentage
0,Afghanistan,19.7 [15.8-24.0]
1,Albania,58.7 [53.8-63.5]
2,Algeria,60.7 [56.0-65.4]
3,Andorra,68.1 [63.1-72.7]
4,Angola,23.9 [19.0-29.2]
5,Antigua and Barbuda,48.4 [42.5-54.5]
6,Argentina,63.4 [58.8-67.8]
7,Armenia,55.7 [50.6-60.5]
8,Australia,67.2 [63.6-70.6]
9,Austria,58.1 [53.3-62.5]
10,Azerbaijan,53.5 [48.1-58.7]
11,Bahamas,65.2 [60.0-70.2]
12,Bahrain,64.4 [59.3-69.3]
13,Bangladesh,19.0 [15.7-22.7]
14,Barbados,55.3 [49.7-61.0]
15,Belarus,62.9 [57.8-68.0]
16,Belgium,64.1 [60.1-67.9]
17,Belize,51.8 [46.3-57.2]
18,Benin,26.3 [22.4-30.4]
19,Bhutan,25.4 [21.1-30.2]
20,Bolivia (Plurinational State of),53.2 [47.9-58.6]
21,Bosnia and Herzegovina,56.4 [51.3-61.2]
22,Botswana,38.4 [33.4-43.3]
23,Brazil,56.9 [52.6-61.0]
24,Brunei Darussalam,42.2 [37.1-47.5]
25,Bulgaria,66.3 [61.3-71.0]
26,Burkina Faso,20.0 [16.5-23.7]
27,Burundi,19.3 [15.6-23.3]
28,Cabo Verde,32.1 [27.4-37.1]
29,Cambodia,20.3 [16.7-24.2]
30,Cameroon,29.7 [25.6-34.0]
31,Canada,67.5 [64.0-71.0]
32,Central African Republic,23.2 [18.6-28.3]
33,Chad,19.5 [16.0-23.4]
34,Chile,64.4 [59.7-68.8]
35,China,33.8 [30.1-37.8]
36,Colombia,58.6 [54.5-62.9]
37,Comoros,24.8 [20.6-29.1]
38,Congo,28.1 [23.1-33.1]
39,Cook Islands,83.9 [80.5-86.9]
40,Costa Rica,61.5 [57.0-65.8]
41,Côte d'Ivoire,28.7 [24.5-33.2]
42,Croatia,64.3 [59.9-68.8]
43,Cuba,62.2 [57.0-66.9]
44,Cyprus,60.8 [56.0-65.7]
45,Czechia,66.7 [62.0-71.1]
46,Democratic People's Republic of Korea,33.5 [28.0-38.8]
47,Democratic Republic of the Congo,22.1 [17.8-26.9]
48,Denmark,59.2 [54.9-63.3]
49,Djibouti,35.7 [30.0-41.3]
50,Dominica,60.7 [55.6-65.9]
51,Dominican Republic,59.9 [55.0-64.6]
52,Ecuador,54.9 [49.5-60.2]
53,Egypt,61.9 [57.6-66.2]
54,El Salvador,56.8 [52.0-61.5]
55,Equatorial Guinea,25.1 [19.8-30.6]
56,Eritrea,19.2 [15.5-23.0]
57,Estonia,60.4 [55.8-64.9]
58,Eswatini,33.0 [28.4-37.8]
59,Ethiopia,18.1 [14.6-21.8]
60,Fiji,63.4 [57.9-68.8]
61,Finland,62.5 [58.7-66.3]
62,France,62.9 [58.4-67.2]
63,Gabon,36.9 [30.7-43.2]
64,Gambia,27.9 [23.7-32.4]
65,Georgia,57.2 [52.1-62.2]
66,Germany,62.8 [58.7-66.7]
67,Ghana,29.3 [25.5-33.2]
68,Greece,67.1 [62.5-71.4]
69,Grenada,49.4 [43.9-55.1]
70,Guatemala,51.4 [46.6-56.1]
71,Guinea,23.8 [20.0-28.0]
72,Guinea-Bissau,26.9 [22.6-31.5]
73,Guyana,47.5 [41.9-53.4]
74,Haiti,51.1 [45.9-56.1]
75,Honduras,51.9 [47.0-56.8]
76,Hungary,65.4 [60.8-70.1]
77,Iceland,61.5 [57.3-65.5]
78,India,19.3 [16.5-22.3]
79,Indonesia,28.3 [24.4-32.3]
80,Iran (Islamic Republic of),60.9 [57.2-64.6]
81,Iraq,59.8 [55.4-64.2]
82,Ireland,63.6 [59.2-67.7]
83,Israel,65.3 [60.8-69.6]
84,Italy,64.1 [60.1-68.2]
85,Jamaica,55.0 [50.0-59.9]
86,Japan,29.4 [26.0-32.8]
87,Jordan,66.5 [62.7-70.3]
88,Kazakhstan,53.9 [49.2-58.8]
89,Kenya,22.6 [18.9-26.4]
90,Kiribati,78.0 [73.9-81.9]
91,Kuwait,72.1 [68.1-76.0]
92,Kyrgyzstan,45.8 [40.3-51.2]
93,Lao People's Democratic Republic,22.6 [18.9-26.6]
94,Latvia,61.7 [56.3-66.8]
95,Lebanon,66.9 [62.5-71.0]
96,Lesotho,33.2 [28.9-37.7]
97,Liberia,27.8 [24.0-32.1]
98,Libya,65.7 [61.1-69.9]
99,Lithuania,62.9 [57.8-67.6]
100,Luxembourg,61.7 [57.2-66.2]
101,Madagascar,21.1 [17.3-25.1]
102,Malawi,20.1 [16.6-23.8]
103,Malaysia,41.7 [37.3-46.2]
104,Maldives,28.5 [24.4-33.2]
105,Mali,24.4 [20.6-28.5]
106,Malta,70.0 [65.3-74.3]
107,Marshall Islands,82.7 [79.1-86.0]
108,Mauritania,31.5 [26.9-36.4]
109,Mauritius,33.8 [29.0-38.9]
110,Mexico,64.1 [60.3-67.8]
111,Micronesia (Federated States of),70.1 [65.3-74.6]
112,Monaco,No data
113,Mongolia,53.9 [49.0-58.7]
114,Montenegro,62.3 [57.3-67.1]
115,Morocco,59.5 [54.6-64.1]
116,Mozambique,23.1 [19.4-27.0]
117,Myanmar,24.6 [20.8-28.6]
118,Namibia,36.6 [32.0-41.4]
119,Nauru,87.9 [85.0-90.5]
120,Nepal,19.6 [16.3-23.3]
121,Netherlands,62.6 [58.6-66.4]
122,New Zealand,68.0 [64.7-71.1]
123,Nicaragua,54.8 [50.0-59.5]
124,Niger,19.7 [16.1-23.7]
125,Nigeria,26.0 [22.5-29.9]
126,Niue,79.1 [75.0-82.8]
127,Norway,61.7 [57.6-65.6]
128,Oman,56.0 [50.9-61.3]
129,Pakistan,26.2 [22.1-30.7]
130,Palau,84.4 [80.9-87.5]
131,Panama,58.5 [53.6-63.1]
132,Papua New Guinea,49.3 [43.1-55.6]
133,Paraguay,50.9 [45.2-56.5]
134,Peru,56.3 [52.0-60.4]
135,Philippines,26.1 [22.2-30.3]
136,Poland,62.4 [58.4-66.4]
137,Portugal,62.3 [57.6-66.8]
138,Qatar,70.3 [65.2-75.3]
139,Republic of Korea,32.1 [29.0-35.4]
140,Republic of Moldova,54.1 [48.7-59.8]
141,Romania,61.4 [56.9-65.8]
142,Russian Federation,61.1 [56.5-65.6]
143,Rwanda,22.0 [18.4-25.8]
144,Saint Kitts and Nevis,52.7 [47.1-58.5]
145,Saint Lucia,48.3 [42.5-54.4]
146,Saint Vincent and the Grenadines,55.0 [49.5-60.5]
147,Samoa,75.1 [70.8-79.3]
148,San Marino,No data
149,Sao Tome and Principe,31.6 [27.0-36.4]
150,Saudi Arabia,69.0 [65.2-72.9]
151,Senegal,24.9 [21.1-28.9]
152,Serbia,60.7 [55.9-65.0]
153,Seychelles,38.1 [33.0-43.4]
154,Sierra Leone,24.9 [21.1-29.0]
155,Singapore,33.6 [29.3-37.8]
156,Slovakia,59.7 [54.9-64.4]
157,Slovenia,60.7 [55.4-65.7]
158,Solomon Islands,51.3 [45.7-57.1]
159,Somalia,24.7 [20.4-29.3]
160,South Africa,51.9 [47.9-56.0]
161,South Sudan,No data
162,Spain,67.2 [63.2-71.1]
163,Sri Lanka,24.2 [20.2-28.3]
164,Sudan,No data
165,Sudan (former),25.7 [21.6-30.2]
166,Suriname,59.0 [54.0-64.0]
167,Sweden,59.9 [55.8-64.0]
168,Switzerland,57.9 [53.5-61.9]
169,Syrian Arab Republic,57.9 [53.0-62.8]
170,Tajikistan,41.7 [36.5-47.2]
171,Thailand,34.7 [30.2-39.4]
172,The former Yugoslav republic of Macedonia,60.9 [55.8-65.8]
173,Timor-Leste,17.9 [14.6-21.4]
174,Togo,25.0 [21.1-29.1]
175,Tonga,75.6 [71.2-79.7]
176,Trinidad and Tobago,48.1 [41.6-54.7]
177,Tunisia,62.2 [57.7-66.6]
178,Turkey,66.9 [63.4-70.4]
179,Turkmenistan,49.6 [44.4-54.7]
180,Tuvalu,81.0 [77.1-84.5]
181,Uganda,19.0 [15.6-22.5]
182,Ukraine,61.9 [56.4-67.4]
183,United Arab Emirates,65.9 [60.7-71.0]
184,United Kingdom of Great Britain and Northern Ireland,67.2 [64.3-70.0]
185,United Republic of Tanzania,24.5 [20.9-28.3]
186,United States of America,70.2 [66.8-73.3]
187,Uruguay,64.5 [59.8-69.2]
188,Uzbekistan,45.7 [40.5-51.0]
189,Vanuatu,54.1 [48.0-60.1]
190,Venezuela (Bolivarian Republic of),62.6 [58.4-66.9]
191,Viet Nam,18.3 [14.7-21.7]
192,Yemen,42.3 [37.5-47.3]
193,Zambia,23.9 [20.2-27.9]
194,Zimbabwe,32.4 [28.2-36.8]
